filename,company,form_type,filing_date,year,source_file,statement_type,sheet_name,line_item,fy_2007,fy_2006,unnamed_2,unnamed_5,unnamed_1,unnamed_3,unnamed_4,unnamed_6,unnamed_7,unnamed_9,unnamed_10,unnamed_12,unnamed_13,unnamed_8,unnamed_11,4282,5685
GSIT (GSI Technology Inc.) Annual report pursuant to Section 13 or 15(d) (10-K) 2007-06-20,GSIT,10-K,2007-06-20,2007,GSIT (GSI Technology Inc.) Annual report pursuant to Section 13 or 15(d) (10-K) 2007-06-20.xlsx,balance_sheet,note 3balance sheet detail,Inventories,,,,,,,,,,,,,,,,,
GSIT (GSI Technology Inc.) Annual report pursuant to Section 13 or 15(d) (10-K) 2007-06-20,GSIT,10-K,2007-06-20,2007,GSIT (GSI Technology Inc.) Annual report pursuant to Section 13 or 15(d) (10-K) 2007-06-20.xlsx,balance_sheet,note 3balance sheet detail,Work-in-progress,14009.0,7826.0,,,,,,,,,,,,,,,
GSIT (GSI Technology Inc.) Annual report pursuant to Section 13 or 15(d) (10-K) 2007-06-20,GSIT,10-K,2007-06-20,2007,GSIT (GSI Technology Inc.) Annual report pursuant to Section 13 or 15(d) (10-K) 2007-06-20.xlsx,balance_sheet,note 3balance sheet detail,Finished goods,8893.0,3601.0,,,,,,,,,,,,,,,
GSIT (GSI Technology Inc.) Annual report pursuant to Section 13 or 15(d) (10-K) 2007-06-20,GSIT,10-K,2007-06-20,2007,GSIT (GSI Technology Inc.) Annual report pursuant to Section 13 or 15(d) (10-K) 2007-06-20.xlsx,balance_sheet,note 3balance sheet detail,"Inventory at
  distributors",1307.0,1173.0,,,,,,,,,,,,,,,
GSIT (GSI Technology Inc.) Annual report pursuant to Section 13 or 15(d) (10-K) 2007-06-20,GSIT,10-K,2007-06-20,2007,GSIT (GSI Technology Inc.) Annual report pursuant to Section 13 or 15(d) (10-K) 2007-06-20.xlsx,balance_sheet,note 3balance sheet detail-1,"Accounts
  receivable, net:",,,,,,,,,,,,,,,,,
GSIT (GSI Technology Inc.) Annual report pursuant to Section 13 or 15(d) (10-K) 2007-06-20,GSIT,10-K,2007-06-20,2007,GSIT (GSI Technology Inc.) Annual report pursuant to Section 13 or 15(d) (10-K) 2007-06-20.xlsx,balance_sheet,note 3balance sheet detail-1,Accounts receivable,,,6505.0,4508.0,,,,,,,,,,,,,
GSIT (GSI Technology Inc.) Annual report pursuant to Section 13 or 15(d) (10-K) 2007-06-20,GSIT,10-K,2007-06-20,2007,GSIT (GSI Technology Inc.) Annual report pursuant to Section 13 or 15(d) (10-K) 2007-06-20.xlsx,balance_sheet,note 3balance sheet detail-1,"Less: Allowances for sales returns, doubtful
  accounts and other",,,-108.0,-213.0,,,,,,,,,,,,,
GSIT (GSI Technology Inc.) Annual report pursuant to Section 13 or 15(d) (10-K) 2007-06-20,GSIT,10-K,2007-06-20,2007,GSIT (GSI Technology Inc.) Annual report pursuant to Section 13 or 15(d) (10-K) 2007-06-20.xlsx,balance_sheet,note 3balance sheet detail-2,"Prepaid expenses and other
  current assets:",,,,,,,,,,,,,,,,,
GSIT (GSI Technology Inc.) Annual report pursuant to Section 13 or 15(d) (10-K) 2007-06-20,GSIT,10-K,2007-06-20,2007,GSIT (GSI Technology Inc.) Annual report pursuant to Section 13 or 15(d) (10-K) 2007-06-20.xlsx,balance_sheet,note 3balance sheet detail-2,Prepaid tooling and masks,,,1073.0,1120.0,,,,,,,,,,,,,
GSIT (GSI Technology Inc.) Annual report pursuant to Section 13 or 15(d) (10-K) 2007-06-20,GSIT,10-K,2007-06-20,2007,GSIT (GSI Technology Inc.) Annual report pursuant to Section 13 or 15(d) (10-K) 2007-06-20.xlsx,balance_sheet,note 3balance sheet detail-2,Prepaid initial public offering costs,,,1197.0,,,,,,,,,,,,,,
GSIT (GSI Technology Inc.) Annual report pursuant to Section 13 or 15(d) (10-K) 2007-06-20,GSIT,10-K,2007-06-20,2007,GSIT (GSI Technology Inc.) Annual report pursuant to Section 13 or 15(d) (10-K) 2007-06-20.xlsx,balance_sheet,note 3balance sheet detail-2,Other prepaid expenses,,,935.0,704.0,,,,,,,,,,,,,
GSIT (GSI Technology Inc.) Annual report pursuant to Section 13 or 15(d) (10-K) 2007-06-20,GSIT,10-K,2007-06-20,2007,GSIT (GSI Technology Inc.) Annual report pursuant to Section 13 or 15(d) (10-K) 2007-06-20.xlsx,balance_sheet,note 3balance sheet detail-2,"Property
  and equipment, net:",,,,,,,,,,,,,,,,,
GSIT (GSI Technology Inc.) Annual report pursuant to Section 13 or 15(d) (10-K) 2007-06-20,GSIT,10-K,2007-06-20,2007,GSIT (GSI Technology Inc.) Annual report pursuant to Section 13 or 15(d) (10-K) 2007-06-20.xlsx,balance_sheet,note 3balance sheet detail-2,Computer and other equipment,,,8078.0,5758.0,,,,,,,,,,,,,
GSIT (GSI Technology Inc.) Annual report pursuant to Section 13 or 15(d) (10-K) 2007-06-20,GSIT,10-K,2007-06-20,2007,GSIT (GSI Technology Inc.) Annual report pursuant to Section 13 or 15(d) (10-K) 2007-06-20.xlsx,balance_sheet,note 3balance sheet detail-2,Software,,,2353.0,1320.0,,,,,,,,,,,,,
GSIT (GSI Technology Inc.) Annual report pursuant to Section 13 or 15(d) (10-K) 2007-06-20,GSIT,10-K,2007-06-20,2007,GSIT (GSI Technology Inc.) Annual report pursuant to Section 13 or 15(d) (10-K) 2007-06-20.xlsx,balance_sheet,note 3balance sheet detail-2,Furniture and fixtures,,,228.0,227.0,,,,,,,,,,,,,
GSIT (GSI Technology Inc.) Annual report pursuant to Section 13 or 15(d) (10-K) 2007-06-20,GSIT,10-K,2007-06-20,2007,GSIT (GSI Technology Inc.) Annual report pursuant to Section 13 or 15(d) (10-K) 2007-06-20.xlsx,balance_sheet,note 3balance sheet detail-2,Leasehold improvements,,,286.0,277.0,,,,,,,,,,,,,
GSIT (GSI Technology Inc.) Annual report pursuant to Section 13 or 15(d) (10-K) 2007-06-20,GSIT,10-K,2007-06-20,2007,GSIT (GSI Technology Inc.) Annual report pursuant to Section 13 or 15(d) (10-K) 2007-06-20.xlsx,balance_sheet,note 3balance sheet detail-2,Less: Accumulated depreciation and amortization,,,-6200.0,-5376.0,,,,,,,,,,,,,
GSIT (GSI Technology Inc.) Annual report pursuant to Section 13 or 15(d) (10-K) 2008-06-17,GSIT,10-K,2008-06-17,2008,GSIT (GSI Technology Inc.) Annual report pursuant to Section 13 or 15(d) (10-K) 2008-06-17.xlsx,balance_sheet,note 3balance sheet detail,Short-term investments,,,,,,23578.0,,88.0,,,,23666.0,,,,,
GSIT (GSI Technology Inc.) Annual report pursuant to Section 13 or 15(d) (10-K) 2008-06-17,GSIT,10-K,2008-06-17,2008,GSIT (GSI Technology Inc.) Annual report pursuant to Section 13 or 15(d) (10-K) 2008-06-17.xlsx,balance_sheet,note 3balance sheet detail,Total long-term investments,,,,,,15677.0,,40.0,,-112.0,,15605.0,,,,,
GSIT (GSI Technology Inc.) Annual report pursuant to Section 13 or 15(d) (10-K) 2008-06-17,GSIT,10-K,2008-06-17,2008,GSIT (GSI Technology Inc.) Annual report pursuant to Section 13 or 15(d) (10-K) 2008-06-17.xlsx,balance_sheet,note 3balance sheet detail-1,Short-term investments,,,,,,4000.0,,,,,,4000.0,,,,,
GSIT (GSI Technology Inc.) Annual report pursuant to Section 13 or 15(d) (10-K) 2008-06-17,GSIT,10-K,2008-06-17,2008,GSIT (GSI Technology Inc.) Annual report pursuant to Section 13 or 15(d) (10-K) 2008-06-17.xlsx,balance_sheet,note 3balance sheet detail-2,Work-in-progress,,,,,,5521.0,,14009.0,,,,,,,,,
GSIT (GSI Technology Inc.) Annual report pursuant to Section 13 or 15(d) (10-K) 2008-06-17,GSIT,10-K,2008-06-17,2008,GSIT (GSI Technology Inc.) Annual report pursuant to Section 13 or 15(d) (10-K) 2008-06-17.xlsx,balance_sheet,note 3balance sheet detail-2,Finished goods,,,,,,,8549.0,,8893.0,,,,,,,,
GSIT (GSI Technology Inc.) Annual report pursuant to Section 13 or 15(d) (10-K) 2008-06-17,GSIT,10-K,2008-06-17,2008,GSIT (GSI Technology Inc.) Annual report pursuant to Section 13 or 15(d) (10-K) 2008-06-17.xlsx,balance_sheet,note 3balance sheet detail-2,Inventory at distributors,,,,,,,1634.0,,1307.0,,,,,,,,
GSIT (GSI Technology Inc.) Annual report pursuant to Section 13 or 15(d) (10-K) 2009-06-10,GSIT,10-K,2009-06-10,2009,GSIT (GSI Technology Inc.) Annual report pursuant to Section 13 or 15(d) (10-K) 2009-06-10.xlsx,balance_sheet,note 3balance sheet detail,Work-in-progress,,,,,,3112.0,,5521.0,,,,,,,,,
GSIT (GSI Technology Inc.) Annual report pursuant to Section 13 or 15(d) (10-K) 2009-06-10,GSIT,10-K,2009-06-10,2009,GSIT (GSI Technology Inc.) Annual report pursuant to Section 13 or 15(d) (10-K) 2009-06-10.xlsx,balance_sheet,note 3balance sheet detail,Finished goods,,,,,,,6882.0,,8549.0,,,,,,,,
GSIT (GSI Technology Inc.) Annual report pursuant to Section 13 or 15(d) (10-K) 2009-06-10,GSIT,10-K,2009-06-10,2009,GSIT (GSI Technology Inc.) Annual report pursuant to Section 13 or 15(d) (10-K) 2009-06-10.xlsx,balance_sheet,note 3balance sheet detail,Inventory at distributors,,,,,,,1001.0,,1634.0,,,,,,,,
GSIT (GSI Technology Inc.) Annual report pursuant to Section 13 or 15(d) (10-K) 2009-06-10,GSIT,10-K,2009-06-10,2009,GSIT (GSI Technology Inc.) Annual report pursuant to Section 13 or 15(d) (10-K) 2009-06-10.xlsx,balance_sheet,note 3balance sheet detail-1,Accounts receivable,,,,,,5745.0,,7592.0,,,,,,,,,
GSIT (GSI Technology Inc.) Annual report pursuant to Section 13 or 15(d) (10-K) 2009-06-10,GSIT,10-K,2009-06-10,2009,GSIT (GSI Technology Inc.) Annual report pursuant to Section 13 or 15(d) (10-K) 2009-06-10.xlsx,balance_sheet,note 3balance sheet detail-1,"Less: Allowances for sales returns, doubtful accounts and other",,,,,,,-123.0,,-116.0,,,,,,,,
GSIT (GSI Technology Inc.) Annual report pursuant to Section 13 or 15(d) (10-K) 2009-06-10,GSIT,10-K,2009-06-10,2009,GSIT (GSI Technology Inc.) Annual report pursuant to Section 13 or 15(d) (10-K) 2009-06-10.xlsx,balance_sheet,note 3balance sheet detail-2,Prepaid tooling and masks,,,,,,1107.0,,516.0,,,,,,,,,
GSIT (GSI Technology Inc.) Annual report pursuant to Section 13 or 15(d) (10-K) 2009-06-10,GSIT,10-K,2009-06-10,2009,GSIT (GSI Technology Inc.) Annual report pursuant to Section 13 or 15(d) (10-K) 2009-06-10.xlsx,balance_sheet,note 3balance sheet detail-2,Other receivables,,,,,,,796.0,,904.0,,,,,,,,
GSIT (GSI Technology Inc.) Annual report pursuant to Section 13 or 15(d) (10-K) 2009-06-10,GSIT,10-K,2009-06-10,2009,GSIT (GSI Technology Inc.) Annual report pursuant to Section 13 or 15(d) (10-K) 2009-06-10.xlsx,balance_sheet,note 3balance sheet detail-2,Other prepaid expenses,,,,,,,539.0,,387.0,,,,,,,,
GSIT (GSI Technology Inc.) Annual report pursuant to Section 13 or 15(d) (10-K) 2010-06-04,GSIT,10-K,2010-06-04,2010,GSIT (GSI Technology Inc.) Annual report pursuant to Section 13 or 15(d) (10-K) 2010-06-04.xlsx,balance_sheet,note 3balance sheet detail,Work-in-progress,,,,,,6889.0,,3112.0,,,,,,,,,
GSIT (GSI Technology Inc.) Annual report pursuant to Section 13 or 15(d) (10-K) 2010-06-04,GSIT,10-K,2010-06-04,2010,GSIT (GSI Technology Inc.) Annual report pursuant to Section 13 or 15(d) (10-K) 2010-06-04.xlsx,balance_sheet,note 3balance sheet detail,Finished goods,,,,,,,7637.0,,6882.0,,,,,,,,
GSIT (GSI Technology Inc.) Annual report pursuant to Section 13 or 15(d) (10-K) 2010-06-04,GSIT,10-K,2010-06-04,2010,GSIT (GSI Technology Inc.) Annual report pursuant to Section 13 or 15(d) (10-K) 2010-06-04.xlsx,balance_sheet,note 3balance sheet detail,Inventory at distributors,,,,,,,910.0,,1001.0,,,,,,,,
GSIT (GSI Technology Inc.) Annual report pursuant to Section 13 or 15(d) (10-K) 2010-06-04,GSIT,10-K,2010-06-04,2010,GSIT (GSI Technology Inc.) Annual report pursuant to Section 13 or 15(d) (10-K) 2010-06-04.xlsx,balance_sheet,note 3balance sheet detail-1,Accounts receivable,,,,,,9342.0,,5745.0,,,,,,,,,
GSIT (GSI Technology Inc.) Annual report pursuant to Section 13 or 15(d) (10-K) 2010-06-04,GSIT,10-K,2010-06-04,2010,GSIT (GSI Technology Inc.) Annual report pursuant to Section 13 or 15(d) (10-K) 2010-06-04.xlsx,balance_sheet,note 3balance sheet detail-1,"Less: Allowances for sales returns, doubtful accounts and other",,,,,,,-101.0,,-123.0,,,,,,,,
GSIT (GSI Technology Inc.) Annual report pursuant to Section 13 or 15(d) (10-K) 2010-06-04,GSIT,10-K,2010-06-04,2010,GSIT (GSI Technology Inc.) Annual report pursuant to Section 13 or 15(d) (10-K) 2010-06-04.xlsx,balance_sheet,note 3balance sheet detail-2,Prepaid tooling and masks,,,,,,2179.0,,1107.0,,,,,,,,,
GSIT (GSI Technology Inc.) Annual report pursuant to Section 13 or 15(d) (10-K) 2010-06-04,GSIT,10-K,2010-06-04,2010,GSIT (GSI Technology Inc.) Annual report pursuant to Section 13 or 15(d) (10-K) 2010-06-04.xlsx,balance_sheet,note 3balance sheet detail-2,Other receivables,,,,,,,736.0,,796.0,,,,,,,,
GSIT (GSI Technology Inc.) Annual report pursuant to Section 13 or 15(d) (10-K) 2010-06-04,GSIT,10-K,2010-06-04,2010,GSIT (GSI Technology Inc.) Annual report pursuant to Section 13 or 15(d) (10-K) 2010-06-04.xlsx,balance_sheet,note 3balance sheet detail-2,Other prepaid expenses,,,,,,,974.0,,539.0,,,,,,,,
GSIT (GSI Technology Inc.) Annual report pursuant to Section 13 or 15(d) (10-K) 2011-06-02,GSIT,10-K,2011-06-02,2011,GSIT (GSI Technology Inc.) Annual report pursuant to Section 13 or 15(d) (10-K) 2011-06-02.xlsx,balance_sheet,consolidated balance sheets,Cash and cash equivalents,,,25952.0,,,,,24658.0,,,,,,,,,
GSIT (GSI Technology Inc.) Annual report pursuant to Section 13 or 15(d) (10-K) 2011-06-02,GSIT,10-K,2011-06-02,2011,GSIT (GSI Technology Inc.) Annual report pursuant to Section 13 or 15(d) (10-K) 2011-06-02.xlsx,balance_sheet,consolidated balance sheets,Short-term investments,,,26033.0,,,,,22120.0,,,,,,,,,
GSIT (GSI Technology Inc.) Annual report pursuant to Section 13 or 15(d) (10-K) 2011-06-02,GSIT,10-K,2011-06-02,2011,GSIT (GSI Technology Inc.) Annual report pursuant to Section 13 or 15(d) (10-K) 2011-06-02.xlsx,balance_sheet,consolidated balance sheets,Accounts receivable,,,15042.0,,,,,9241.0,,,,,,,,,
GSIT (GSI Technology Inc.) Annual report pursuant to Section 13 or 15(d) (10-K) 2011-06-02,GSIT,10-K,2011-06-02,2011,GSIT (GSI Technology Inc.) Annual report pursuant to Section 13 or 15(d) (10-K) 2011-06-02.xlsx,balance_sheet,consolidated balance sheets,Inventories,,,21380.0,,,,,15436.0,,,,,,,,,
GSIT (GSI Technology Inc.) Annual report pursuant to Section 13 or 15(d) (10-K) 2011-06-02,GSIT,10-K,2011-06-02,2011,GSIT (GSI Technology Inc.) Annual report pursuant to Section 13 or 15(d) (10-K) 2011-06-02.xlsx,balance_sheet,consolidated balance sheets,Prepaid expenses and other current assets,,,5575.0,,,,,3889.0,,,,,,,,,
GSIT (GSI Technology Inc.) Annual report pursuant to Section 13 or 15(d) (10-K) 2011-06-02,GSIT,10-K,2011-06-02,2011,GSIT (GSI Technology Inc.) Annual report pursuant to Section 13 or 15(d) (10-K) 2011-06-02.xlsx,balance_sheet,consolidated balance sheets,Deferred income taxes,,,1729.0,,,,,1274.0,,,,,,,,,
GSIT (GSI Technology Inc.) Annual report pursuant to Section 13 or 15(d) (10-K) 2011-06-02,GSIT,10-K,2011-06-02,2011,GSIT (GSI Technology Inc.) Annual report pursuant to Section 13 or 15(d) (10-K) 2011-06-02.xlsx,balance_sheet,consolidated balance sheets,Total current assets,,,95711.0,,,,,76618.0,,,,,,,,,
GSIT (GSI Technology Inc.) Annual report pursuant to Section 13 or 15(d) (10-K) 2011-06-02,GSIT,10-K,2011-06-02,2011,GSIT (GSI Technology Inc.) Annual report pursuant to Section 13 or 15(d) (10-K) 2011-06-02.xlsx,balance_sheet,consolidated balance sheets,Property and equipment,,,13545.0,,,,,12344.0,,,,,,,,,
GSIT (GSI Technology Inc.) Annual report pursuant to Section 13 or 15(d) (10-K) 2011-06-02,GSIT,10-K,2011-06-02,2011,GSIT (GSI Technology Inc.) Annual report pursuant to Section 13 or 15(d) (10-K) 2011-06-02.xlsx,balance_sheet,consolidated balance sheets,Long-term investments,,,30938.0,,,,,22565.0,,,,,,,,,
GSIT (GSI Technology Inc.) Annual report pursuant to Section 13 or 15(d) (10-K) 2011-06-02,GSIT,10-K,2011-06-02,2011,GSIT (GSI Technology Inc.) Annual report pursuant to Section 13 or 15(d) (10-K) 2011-06-02.xlsx,balance_sheet,consolidated balance sheets,Other assets,,,1723.0,,,,,1601.0,,,,,,,,,
GSIT (GSI Technology Inc.) Annual report pursuant to Section 13 or 15(d) (10-K) 2011-06-02,GSIT,10-K,2011-06-02,2011,GSIT (GSI Technology Inc.) Annual report pursuant to Section 13 or 15(d) (10-K) 2011-06-02.xlsx,balance_sheet,consolidated balance sheets,Total assets,,,141917.0,,,,,113128.0,,,,,,,,,
GSIT (GSI Technology Inc.) Annual report pursuant to Section 13 or 15(d) (10-K) 2011-06-02,GSIT,10-K,2011-06-02,2011,GSIT (GSI Technology Inc.) Annual report pursuant to Section 13 or 15(d) (10-K) 2011-06-02.xlsx,balance_sheet,consolidated balance sheets,Accounts payable,,,5638.0,,,,,6686.0,,,,,,,,,
GSIT (GSI Technology Inc.) Annual report pursuant to Section 13 or 15(d) (10-K) 2011-06-02,GSIT,10-K,2011-06-02,2011,GSIT (GSI Technology Inc.) Annual report pursuant to Section 13 or 15(d) (10-K) 2011-06-02.xlsx,balance_sheet,consolidated balance sheets,Accrued expenses,,,4790.0,,,,,3569.0,,,,,,,,,
GSIT (GSI Technology Inc.) Annual report pursuant to Section 13 or 15(d) (10-K) 2011-06-02,GSIT,10-K,2011-06-02,2011,GSIT (GSI Technology Inc.) Annual report pursuant to Section 13 or 15(d) (10-K) 2011-06-02.xlsx,balance_sheet,consolidated balance sheets,Deferred revenue,,,5248.0,,,,,3316.0,,,,,,,,,
GSIT (GSI Technology Inc.) Annual report pursuant to Section 13 or 15(d) (10-K) 2011-06-02,GSIT,10-K,2011-06-02,2011,GSIT (GSI Technology Inc.) Annual report pursuant to Section 13 or 15(d) (10-K) 2011-06-02.xlsx,balance_sheet,consolidated balance sheets,Total current liabilities,,,15676.0,,,,,13571.0,,,,,,,,,
GSIT (GSI Technology Inc.) Annual report pursuant to Section 13 or 15(d) (10-K) 2011-06-02,GSIT,10-K,2011-06-02,2011,GSIT (GSI Technology Inc.) Annual report pursuant to Section 13 or 15(d) (10-K) 2011-06-02.xlsx,balance_sheet,consolidated balance sheets,Income taxes payable,,,1561.0,,,,,838.0,,,,,,,,,
GSIT (GSI Technology Inc.) Annual report pursuant to Section 13 or 15(d) (10-K) 2011-06-02,GSIT,10-K,2011-06-02,2011,GSIT (GSI Technology Inc.) Annual report pursuant to Section 13 or 15(d) (10-K) 2011-06-02.xlsx,balance_sheet,consolidated balance sheets,Total liabilities,,,17237.0,,,,,14409.0,,,,,,,,,
GSIT (GSI Technology Inc.) Annual report pursuant to Section 13 or 15(d) (10-K) 2011-06-02,GSIT,10-K,2011-06-02,2011,GSIT (GSI Technology Inc.) Annual report pursuant to Section 13 or 15(d) (10-K) 2011-06-02.xlsx,balance_sheet,consolidated balance sheets,Issued and outstanding: none,,,,,,,,,,,,,,,,,
GSIT (GSI Technology Inc.) Annual report pursuant to Section 13 or 15(d) (10-K) 2011-06-02,GSIT,10-K,2011-06-02,2011,GSIT (GSI Technology Inc.) Annual report pursuant to Section 13 or 15(d) (10-K) 2011-06-02.xlsx,balance_sheet,consolidated balance sheets,"Issued and outstanding: 28,649,033Â and 27,575,123 shares, respectively",,,29.0,,,,,28.0,,,,,,,,,
GSIT (GSI Technology Inc.) Annual report pursuant to Section 13 or 15(d) (10-K) 2011-06-02,GSIT,10-K,2011-06-02,2011,GSIT (GSI Technology Inc.) Annual report pursuant to Section 13 or 15(d) (10-K) 2011-06-02.xlsx,balance_sheet,consolidated balance sheets,Additional paid-in capital,,,57063.0,,,,,49872.0,,,,,,,,,
GSIT (GSI Technology Inc.) Annual report pursuant to Section 13 or 15(d) (10-K) 2011-06-02,GSIT,10-K,2011-06-02,2011,GSIT (GSI Technology Inc.) Annual report pursuant to Section 13 or 15(d) (10-K) 2011-06-02.xlsx,balance_sheet,consolidated balance sheets,Accumulated other comprehensive income,,,83.0,,,,,190.0,,,,,,,,,
GSIT (GSI Technology Inc.) Annual report pursuant to Section 13 or 15(d) (10-K) 2011-06-02,GSIT,10-K,2011-06-02,2011,GSIT (GSI Technology Inc.) Annual report pursuant to Section 13 or 15(d) (10-K) 2011-06-02.xlsx,balance_sheet,consolidated balance sheets,Retained earnings,,,67505.0,,,,,48629.0,,,,,,,,,
GSIT (GSI Technology Inc.) Annual report pursuant to Section 13 or 15(d) (10-K) 2011-06-02,GSIT,10-K,2011-06-02,2011,GSIT (GSI Technology Inc.) Annual report pursuant to Section 13 or 15(d) (10-K) 2011-06-02.xlsx,balance_sheet,consolidated balance sheets,Stockholders equity,,,124680.0,,,,,98719.0,,,,,,,,,
GSIT (GSI Technology Inc.) Annual report pursuant to Section 13 or 15(d) (10-K) 2011-06-02,GSIT,10-K,2011-06-02,2011,GSIT (GSI Technology Inc.) Annual report pursuant to Section 13 or 15(d) (10-K) 2011-06-02.xlsx,balance_sheet,consolidated balance sheets,Total liabilities,,,141917.0,,,,,113128.0,,,,,,,,,
GSIT (GSI Technology Inc.) Annual report pursuant to Section 13 or 15(d) (10-K) 2011-06-02,GSIT,10-K,2011-06-02,2011,GSIT (GSI Technology Inc.) Annual report pursuant to Section 13 or 15(d) (10-K) 2011-06-02.xlsx,balance_sheet,note 3balance sheet detail,Work-in-progress,,,10612.0,,,,,6889.0,,,,,,,,,
GSIT (GSI Technology Inc.) Annual report pursuant to Section 13 or 15(d) (10-K) 2011-06-02,GSIT,10-K,2011-06-02,2011,GSIT (GSI Technology Inc.) Annual report pursuant to Section 13 or 15(d) (10-K) 2011-06-02.xlsx,balance_sheet,note 3balance sheet detail,Finished goods,,,9345.0,,,,,7637.0,,,,,,,,,
GSIT (GSI Technology Inc.) Annual report pursuant to Section 13 or 15(d) (10-K) 2011-06-02,GSIT,10-K,2011-06-02,2011,GSIT (GSI Technology Inc.) Annual report pursuant to Section 13 or 15(d) (10-K) 2011-06-02.xlsx,balance_sheet,note 3balance sheet detail,Inventory at distributors,,,1423.0,,,,,910.0,,,,,,,,,
GSIT (GSI Technology Inc.) Annual report pursuant to Section 13 or 15(d) (10-K) 2011-06-02,GSIT,10-K,2011-06-02,2011,GSIT (GSI Technology Inc.) Annual report pursuant to Section 13 or 15(d) (10-K) 2011-06-02.xlsx,balance_sheet,note 3balance sheet detail-1,Accounts receivable,,,15147.0,,,,,9342.0,,,,,,,,,
GSIT (GSI Technology Inc.) Annual report pursuant to Section 13 or 15(d) (10-K) 2011-06-02,GSIT,10-K,2011-06-02,2011,GSIT (GSI Technology Inc.) Annual report pursuant to Section 13 or 15(d) (10-K) 2011-06-02.xlsx,balance_sheet,note 3balance sheet detail-1,"Less: Allowances for sales returns, doubtful accounts and other",,,-105.0,,,,,-101.0,,,,,,,,,
GSIT (GSI Technology Inc.) Annual report pursuant to Section 13 or 15(d) (10-K) 2012-06-04,GSIT,10-K,2012-06-04,2012,GSIT (GSI Technology Inc.) Annual report pursuant to Section 13 or 15(d) (10-K) 2012-06-04.xlsx,balance_sheet,consolidated balance sheets,Cash and cash equivalents,,,31634.0,,,,,25952.0,,,,,,,,,
GSIT (GSI Technology Inc.) Annual report pursuant to Section 13 or 15(d) (10-K) 2012-06-04,GSIT,10-K,2012-06-04,2012,GSIT (GSI Technology Inc.) Annual report pursuant to Section 13 or 15(d) (10-K) 2012-06-04.xlsx,balance_sheet,consolidated balance sheets,Short-term investments,,,27044.0,,,,,26033.0,,,,,,,,,
GSIT (GSI Technology Inc.) Annual report pursuant to Section 13 or 15(d) (10-K) 2012-06-04,GSIT,10-K,2012-06-04,2012,GSIT (GSI Technology Inc.) Annual report pursuant to Section 13 or 15(d) (10-K) 2012-06-04.xlsx,balance_sheet,consolidated balance sheets,Accounts receivable,,,10579.0,,,,,15042.0,,,,,,,,,
GSIT (GSI Technology Inc.) Annual report pursuant to Section 13 or 15(d) (10-K) 2012-06-04,GSIT,10-K,2012-06-04,2012,GSIT (GSI Technology Inc.) Annual report pursuant to Section 13 or 15(d) (10-K) 2012-06-04.xlsx,balance_sheet,consolidated balance sheets,Inventories,,,16725.0,,,,,21380.0,,,,,,,,,
GSIT (GSI Technology Inc.) Annual report pursuant to Section 13 or 15(d) (10-K) 2012-06-04,GSIT,10-K,2012-06-04,2012,GSIT (GSI Technology Inc.) Annual report pursuant to Section 13 or 15(d) (10-K) 2012-06-04.xlsx,balance_sheet,consolidated balance sheets,Prepaid expenses and other current assets,,,8108.0,,,,,5575.0,,,,,,,,,
GSIT (GSI Technology Inc.) Annual report pursuant to Section 13 or 15(d) (10-K) 2012-06-04,GSIT,10-K,2012-06-04,2012,GSIT (GSI Technology Inc.) Annual report pursuant to Section 13 or 15(d) (10-K) 2012-06-04.xlsx,balance_sheet,consolidated balance sheets,Deferred income taxes,,,1097.0,,,,,1729.0,,,,,,,,,
GSIT (GSI Technology Inc.) Annual report pursuant to Section 13 or 15(d) (10-K) 2012-06-04,GSIT,10-K,2012-06-04,2012,GSIT (GSI Technology Inc.) Annual report pursuant to Section 13 or 15(d) (10-K) 2012-06-04.xlsx,balance_sheet,consolidated balance sheets,Total current assets,,,95187.0,,,,,95711.0,,,,,,,,,
GSIT (GSI Technology Inc.) Annual report pursuant to Section 13 or 15(d) (10-K) 2012-06-04,GSIT,10-K,2012-06-04,2012,GSIT (GSI Technology Inc.) Annual report pursuant to Section 13 or 15(d) (10-K) 2012-06-04.xlsx,balance_sheet,consolidated balance sheets,Property and equipment,,,12806.0,,,,,13545.0,,,,,,,,,
GSIT (GSI Technology Inc.) Annual report pursuant to Section 13 or 15(d) (10-K) 2012-06-04,GSIT,10-K,2012-06-04,2012,GSIT (GSI Technology Inc.) Annual report pursuant to Section 13 or 15(d) (10-K) 2012-06-04.xlsx,balance_sheet,consolidated balance sheets,Long-term investments,,,33497.0,,,,,30938.0,,,,,,,,,
GSIT (GSI Technology Inc.) Annual report pursuant to Section 13 or 15(d) (10-K) 2012-06-04,GSIT,10-K,2012-06-04,2012,GSIT (GSI Technology Inc.) Annual report pursuant to Section 13 or 15(d) (10-K) 2012-06-04.xlsx,balance_sheet,consolidated balance sheets,Other assets,,,1627.0,,,,,1723.0,,,,,,,,,
GSIT (GSI Technology Inc.) Annual report pursuant to Section 13 or 15(d) (10-K) 2012-06-04,GSIT,10-K,2012-06-04,2012,GSIT (GSI Technology Inc.) Annual report pursuant to Section 13 or 15(d) (10-K) 2012-06-04.xlsx,balance_sheet,consolidated balance sheets,Total assets,,,143117.0,,,,,141917.0,,,,,,,,,
GSIT (GSI Technology Inc.) Annual report pursuant to Section 13 or 15(d) (10-K) 2012-06-04,GSIT,10-K,2012-06-04,2012,GSIT (GSI Technology Inc.) Annual report pursuant to Section 13 or 15(d) (10-K) 2012-06-04.xlsx,balance_sheet,consolidated balance sheets,Accounts payable,,,5490.0,,,,,5638.0,,,,,,,,,
GSIT (GSI Technology Inc.) Annual report pursuant to Section 13 or 15(d) (10-K) 2012-06-04,GSIT,10-K,2012-06-04,2012,GSIT (GSI Technology Inc.) Annual report pursuant to Section 13 or 15(d) (10-K) 2012-06-04.xlsx,balance_sheet,consolidated balance sheets,Accrued expenses,,,4343.0,,,,,4790.0,,,,,,,,,
GSIT (GSI Technology Inc.) Annual report pursuant to Section 13 or 15(d) (10-K) 2012-06-04,GSIT,10-K,2012-06-04,2012,GSIT (GSI Technology Inc.) Annual report pursuant to Section 13 or 15(d) (10-K) 2012-06-04.xlsx,balance_sheet,consolidated balance sheets,Deferred revenue,,,2670.0,,,,,5248.0,,,,,,,,,
GSIT (GSI Technology Inc.) Annual report pursuant to Section 13 or 15(d) (10-K) 2012-06-04,GSIT,10-K,2012-06-04,2012,GSIT (GSI Technology Inc.) Annual report pursuant to Section 13 or 15(d) (10-K) 2012-06-04.xlsx,balance_sheet,consolidated balance sheets,Total current liabilities,,,12503.0,,,,,15676.0,,,,,,,,,
GSIT (GSI Technology Inc.) Annual report pursuant to Section 13 or 15(d) (10-K) 2012-06-04,GSIT,10-K,2012-06-04,2012,GSIT (GSI Technology Inc.) Annual report pursuant to Section 13 or 15(d) (10-K) 2012-06-04.xlsx,balance_sheet,consolidated balance sheets,Income taxes payable,,,1835.0,,,,,1561.0,,,,,,,,,
GSIT (GSI Technology Inc.) Annual report pursuant to Section 13 or 15(d) (10-K) 2012-06-04,GSIT,10-K,2012-06-04,2012,GSIT (GSI Technology Inc.) Annual report pursuant to Section 13 or 15(d) (10-K) 2012-06-04.xlsx,balance_sheet,consolidated balance sheets,Total liabilities,,,14338.0,,,,,17237.0,,,,,,,,,
GSIT (GSI Technology Inc.) Annual report pursuant to Section 13 or 15(d) (10-K) 2012-06-04,GSIT,10-K,2012-06-04,2012,GSIT (GSI Technology Inc.) Annual report pursuant to Section 13 or 15(d) (10-K) 2012-06-04.xlsx,balance_sheet,consolidated balance sheets,"Preferred stock: $0.001 par value authorized: 5,000,000 shares; issued and outstanding: none",,,,,,,,,,,,,,,,,
GSIT (GSI Technology Inc.) Annual report pursuant to Section 13 or 15(d) (10-K) 2012-06-04,GSIT,10-K,2012-06-04,2012,GSIT (GSI Technology Inc.) Annual report pursuant to Section 13 or 15(d) (10-K) 2012-06-04.xlsx,balance_sheet,consolidated balance sheets,"Common Stock: $0.001 par value authorized: 150,000,000 shares; issued and outstanding: 27,617,942 and 28,649,033 shares, respectively",,,28.0,,,,,29.0,,,,,,,,,
GSIT (GSI Technology Inc.) Annual report pursuant to Section 13 or 15(d) (10-K) 2012-06-04,GSIT,10-K,2012-06-04,2012,GSIT (GSI Technology Inc.) Annual report pursuant to Section 13 or 15(d) (10-K) 2012-06-04.xlsx,balance_sheet,consolidated balance sheets,Additional paid-in capital,,,54402.0,,,,,57063.0,,,,,,,,,
GSIT (GSI Technology Inc.) Annual report pursuant to Section 13 or 15(d) (10-K) 2012-06-04,GSIT,10-K,2012-06-04,2012,GSIT (GSI Technology Inc.) Annual report pursuant to Section 13 or 15(d) (10-K) 2012-06-04.xlsx,balance_sheet,consolidated balance sheets,Accumulated other comprehensive income,,,88.0,,,,,83.0,,,,,,,,,
GSIT (GSI Technology Inc.) Annual report pursuant to Section 13 or 15(d) (10-K) 2012-06-04,GSIT,10-K,2012-06-04,2012,GSIT (GSI Technology Inc.) Annual report pursuant to Section 13 or 15(d) (10-K) 2012-06-04.xlsx,balance_sheet,consolidated balance sheets,Retained earnings,,,74261.0,,,,,67505.0,,,,,,,,,
GSIT (GSI Technology Inc.) Annual report pursuant to Section 13 or 15(d) (10-K) 2012-06-04,GSIT,10-K,2012-06-04,2012,GSIT (GSI Technology Inc.) Annual report pursuant to Section 13 or 15(d) (10-K) 2012-06-04.xlsx,balance_sheet,consolidated balance sheets,Stockholders equity,,,128779.0,,,,,124680.0,,,,,,,,,
GSIT (GSI Technology Inc.) Annual report pursuant to Section 13 or 15(d) (10-K) 2012-06-04,GSIT,10-K,2012-06-04,2012,GSIT (GSI Technology Inc.) Annual report pursuant to Section 13 or 15(d) (10-K) 2012-06-04.xlsx,balance_sheet,consolidated balance sheets,Total liabilities,,,143117.0,,,,,141917.0,,,,,,,,,
GSIT (GSI Technology Inc.) Annual report pursuant to Section 13 or 15(d) (10-K) 2012-06-04,GSIT,10-K,2012-06-04,2012,GSIT (GSI Technology Inc.) Annual report pursuant to Section 13 or 15(d) (10-K) 2012-06-04.xlsx,balance_sheet,note 3balance sheet detail,Work-in-progress,,,6163.0,,,,,10612.0,,,,,,,,,
GSIT (GSI Technology Inc.) Annual report pursuant to Section 13 or 15(d) (10-K) 2012-06-04,GSIT,10-K,2012-06-04,2012,GSIT (GSI Technology Inc.) Annual report pursuant to Section 13 or 15(d) (10-K) 2012-06-04.xlsx,balance_sheet,note 3balance sheet detail,Finished goods,,,9832.0,,,,,9345.0,,,,,,,,,
GSIT (GSI Technology Inc.) Annual report pursuant to Section 13 or 15(d) (10-K) 2012-06-04,GSIT,10-K,2012-06-04,2012,GSIT (GSI Technology Inc.) Annual report pursuant to Section 13 or 15(d) (10-K) 2012-06-04.xlsx,balance_sheet,note 3balance sheet detail,Inventory at distributors,,,730.0,,,,,1423.0,,,,,,,,,
GSIT (GSI Technology Inc.) Annual report pursuant to Section 13 or 15(d) (10-K) 2012-06-04,GSIT,10-K,2012-06-04,2012,GSIT (GSI Technology Inc.) Annual report pursuant to Section 13 or 15(d) (10-K) 2012-06-04.xlsx,balance_sheet,note 3balance sheet detail-1,Accounts receivable,,,10679.0,,,,,15147.0,,,,,,,,,
GSIT (GSI Technology Inc.) Annual report pursuant to Section 13 or 15(d) (10-K) 2012-06-04,GSIT,10-K,2012-06-04,2012,GSIT (GSI Technology Inc.) Annual report pursuant to Section 13 or 15(d) (10-K) 2012-06-04.xlsx,balance_sheet,note 3balance sheet detail-1,"Less: Allowances for sales returns, doubtful accounts and other",,,-100.0,,,,,-105.0,,,,,,,,,
GSIT (GSI Technology Inc.) Annual report pursuant to Section 13 or 15(d) (10-K) 2014-06-11,GSIT,10-K,2014-06-11,2014,GSIT (GSI Technology Inc.) Annual report pursuant to Section 13 or 15(d) (10-K) 2014-06-11.xlsx,balance_sheet,note 3balance sheet detail,Work-in-progress,,,,2011.0,,,,,,,,,,4236.0,,,
GSIT (GSI Technology Inc.) Annual report pursuant to Section 13 or 15(d) (10-K) 2014-06-11,GSIT,10-K,2014-06-11,2014,GSIT (GSI Technology Inc.) Annual report pursuant to Section 13 or 15(d) (10-K) 2014-06-11.xlsx,balance_sheet,note 3balance sheet detail,Finished goods,,,,,,,,5588.0,,8772.0,,,,,,,
GSIT (GSI Technology Inc.) Annual report pursuant to Section 13 or 15(d) (10-K) 2014-06-11,GSIT,10-K,2014-06-11,2014,GSIT (GSI Technology Inc.) Annual report pursuant to Section 13 or 15(d) (10-K) 2014-06-11.xlsx,balance_sheet,note 3balance sheet detail,Inventory at distributors,,,,,,,,586.0,,801.0,,,,,,,
GSIT (GSI Technology Inc.) Annual report pursuant to Section 13 or 15(d) (10-K) 2014-06-11,GSIT,10-K,2014-06-11,2014,GSIT (GSI Technology Inc.) Annual report pursuant to Section 13 or 15(d) (10-K) 2014-06-11.xlsx,balance_sheet,note 3balance sheet detail-1,Accounts receivable,,,,8349.0,,,,,,,,,,10357.0,,,
GSIT (GSI Technology Inc.) Annual report pursuant to Section 13 or 15(d) (10-K) 2014-06-11,GSIT,10-K,2014-06-11,2014,GSIT (GSI Technology Inc.) Annual report pursuant to Section 13 or 15(d) (10-K) 2014-06-11.xlsx,balance_sheet,note 3balance sheet detail-1,"Less: Allowances for sales returns, doubtful accounts and other",,,,,,,,-111.0,,-116.0,,,,,,,
GSIT (GSI Technology Inc.) Annual report pursuant to Section 13 or 15(d) (10-K) 2014-06-11,GSIT,10-K,2014-06-11,2014,GSIT (GSI Technology Inc.) Annual report pursuant to Section 13 or 15(d) (10-K) 2014-06-11.xlsx,balance_sheet,note 3balance sheet detail-2,Prepaid tooling and masks,,,,833.0,,,,,,,,,,1230.0,,,
GSIT (GSI Technology Inc.) Annual report pursuant to Section 13 or 15(d) (10-K) 2014-06-11,GSIT,10-K,2014-06-11,2014,GSIT (GSI Technology Inc.) Annual report pursuant to Section 13 or 15(d) (10-K) 2014-06-11.xlsx,balance_sheet,note 3balance sheet detail-2,Prepaid income taxes,,,,,,,,2598.0,,2037.0,,,,,,,
GSIT (GSI Technology Inc.) Annual report pursuant to Section 13 or 15(d) (10-K) 2014-06-11,GSIT,10-K,2014-06-11,2014,GSIT (GSI Technology Inc.) Annual report pursuant to Section 13 or 15(d) (10-K) 2014-06-11.xlsx,balance_sheet,note 3balance sheet detail-2,Other receivables,,,,,,,,596.0,,557.0,,,,,,,
GSIT (GSI Technology Inc.) Annual report pursuant to Section 13 or 15(d) (10-K) 2014-06-11,GSIT,10-K,2014-06-11,2014,GSIT (GSI Technology Inc.) Annual report pursuant to Section 13 or 15(d) (10-K) 2014-06-11.xlsx,balance_sheet,note 3balance sheet detail-2,Other prepaid expenses,,,,,,,,1125.0,,1121.0,,,,,,,
GSIT (GSI Technology Inc.) Annual report pursuant to Section 13 or 15(d) (10-K) 2015-06-11,GSIT,10-K,2015-06-11,2015,GSIT (GSI Technology Inc.) Annual report pursuant to Section 13 or 15(d) (10-K) 2015-06-11.xlsx,balance_sheet,consolidated balance sheets,Cash and cash equivalents,,,,,,,,,,,,,,,,,
GSIT (GSI Technology Inc.) Annual report pursuant to Section 13 or 15(d) (10-K) 2015-06-11,GSIT,10-K,2015-06-11,2015,GSIT (GSI Technology Inc.) Annual report pursuant to Section 13 or 15(d) (10-K) 2015-06-11.xlsx,balance_sheet,consolidated balance sheets,Short-term investments,,,,,,22201.0,,39412.0,,,,,,,,,
GSIT (GSI Technology Inc.) Annual report pursuant to Section 13 or 15(d) (10-K) 2015-06-11,GSIT,10-K,2015-06-11,2015,GSIT (GSI Technology Inc.) Annual report pursuant to Section 13 or 15(d) (10-K) 2015-06-11.xlsx,balance_sheet,consolidated balance sheets,Accounts receivable,,,,,,8257.0,,8238.0,,,,,,,,,
GSIT (GSI Technology Inc.) Annual report pursuant to Section 13 or 15(d) (10-K) 2015-06-11,GSIT,10-K,2015-06-11,2015,GSIT (GSI Technology Inc.) Annual report pursuant to Section 13 or 15(d) (10-K) 2015-06-11.xlsx,balance_sheet,consolidated balance sheets,Inventories,,,,,,8412.0,,8185.0,,,,,,,,,
GSIT (GSI Technology Inc.) Annual report pursuant to Section 13 or 15(d) (10-K) 2015-06-11,GSIT,10-K,2015-06-11,2015,GSIT (GSI Technology Inc.) Annual report pursuant to Section 13 or 15(d) (10-K) 2015-06-11.xlsx,balance_sheet,consolidated balance sheets,Prepaid expenses and other current assets,,,,,,2297.0,,5152.0,,,,,,,,,
GSIT (GSI Technology Inc.) Annual report pursuant to Section 13 or 15(d) (10-K) 2015-06-11,GSIT,10-K,2015-06-11,2015,GSIT (GSI Technology Inc.) Annual report pursuant to Section 13 or 15(d) (10-K) 2015-06-11.xlsx,balance_sheet,consolidated balance sheets,Total current assets,,,,,,77943.0,,102507.0,,,,,,,,,
GSIT (GSI Technology Inc.) Annual report pursuant to Section 13 or 15(d) (10-K) 2015-06-11,GSIT,10-K,2015-06-11,2015,GSIT (GSI Technology Inc.) Annual report pursuant to Section 13 or 15(d) (10-K) 2015-06-11.xlsx,balance_sheet,consolidated balance sheets,Property and equipment,,,,,,8708.0,,9683.0,,,,,,,,,
GSIT (GSI Technology Inc.) Annual report pursuant to Section 13 or 15(d) (10-K) 2015-06-11,GSIT,10-K,2015-06-11,2015,GSIT (GSI Technology Inc.) Annual report pursuant to Section 13 or 15(d) (10-K) 2015-06-11.xlsx,balance_sheet,consolidated balance sheets,Long-term investments,,,,,,21740.0,,28819.0,,,,,,,,,
GSIT (GSI Technology Inc.) Annual report pursuant to Section 13 or 15(d) (10-K) 2015-06-11,GSIT,10-K,2015-06-11,2015,GSIT (GSI Technology Inc.) Annual report pursuant to Section 13 or 15(d) (10-K) 2015-06-11.xlsx,balance_sheet,consolidated balance sheets,Other assets,,,,,,498.0,,668.0,,,,,,,,,
GSIT (GSI Technology Inc.) Annual report pursuant to Section 13 or 15(d) (10-K) 2015-06-11,GSIT,10-K,2015-06-11,2015,GSIT (GSI Technology Inc.) Annual report pursuant to Section 13 or 15(d) (10-K) 2015-06-11.xlsx,balance_sheet,consolidated balance sheets,Total assets,,,,,,,,,,,,,,,,,
GSIT (GSI Technology Inc.) Annual report pursuant to Section 13 or 15(d) (10-K) 2015-06-11,GSIT,10-K,2015-06-11,2015,GSIT (GSI Technology Inc.) Annual report pursuant to Section 13 or 15(d) (10-K) 2015-06-11.xlsx,balance_sheet,consolidated balance sheets,Accounts payable,,,,,,,,,,,,,,,,,
GSIT (GSI Technology Inc.) Annual report pursuant to Section 13 or 15(d) (10-K) 2015-06-11,GSIT,10-K,2015-06-11,2015,GSIT (GSI Technology Inc.) Annual report pursuant to Section 13 or 15(d) (10-K) 2015-06-11.xlsx,balance_sheet,consolidated balance sheets,Accrued expenses,,,,,,5937.0,,4444.0,,,,,,,,,
GSIT (GSI Technology Inc.) Annual report pursuant to Section 13 or 15(d) (10-K) 2015-06-11,GSIT,10-K,2015-06-11,2015,GSIT (GSI Technology Inc.) Annual report pursuant to Section 13 or 15(d) (10-K) 2015-06-11.xlsx,balance_sheet,consolidated balance sheets,Deferred revenue,,,,,,2815.0,,2523.0,,,,,,,,,
GSIT (GSI Technology Inc.) Annual report pursuant to Section 13 or 15(d) (10-K) 2015-06-11,GSIT,10-K,2015-06-11,2015,GSIT (GSI Technology Inc.) Annual report pursuant to Section 13 or 15(d) (10-K) 2015-06-11.xlsx,balance_sheet,consolidated balance sheets,Total current liabilities,,,,,,11713.0,,11837.0,,,,,,,,,
GSIT (GSI Technology Inc.) Annual report pursuant to Section 13 or 15(d) (10-K) 2015-06-11,GSIT,10-K,2015-06-11,2015,GSIT (GSI Technology Inc.) Annual report pursuant to Section 13 or 15(d) (10-K) 2015-06-11.xlsx,balance_sheet,consolidated balance sheets,Income taxes payable,,,,,,780.0,,1462.0,,,,,,,,,
GSIT (GSI Technology Inc.) Annual report pursuant to Section 13 or 15(d) (10-K) 2015-06-11,GSIT,10-K,2015-06-11,2015,GSIT (GSI Technology Inc.) Annual report pursuant to Section 13 or 15(d) (10-K) 2015-06-11.xlsx,balance_sheet,consolidated balance sheets,Total liabilities,,,,,,12493.0,,13299.0,,,,,,,,,
GSIT (GSI Technology Inc.) Annual report pursuant to Section 13 or 15(d) (10-K) 2015-06-11,GSIT,10-K,2015-06-11,2015,GSIT (GSI Technology Inc.) Annual report pursuant to Section 13 or 15(d) (10-K) 2015-06-11.xlsx,balance_sheet,consolidated balance sheets,"Preferred stock: $0.001 par value authorized: 5,000,000 shares; issued and outstanding: none",,,,,,,,,,,,,,,,,
GSIT (GSI Technology Inc.) Annual report pursuant to Section 13 or 15(d) (10-K) 2015-06-11,GSIT,10-K,2015-06-11,2015,GSIT (GSI Technology Inc.) Annual report pursuant to Section 13 or 15(d) (10-K) 2015-06-11.xlsx,balance_sheet,consolidated balance sheets,"Common Stock: $0.001 par value authorized: 150,000,000 shares; issued and outstanding: 23,128,372 and 27,561,482 shares, respectively",,,,,,23.0,,28.0,,,,,,,,,
GSIT (GSI Technology Inc.) Annual report pursuant to Section 13 or 15(d) (10-K) 2015-06-11,GSIT,10-K,2015-06-11,2015,GSIT (GSI Technology Inc.) Annual report pursuant to Section 13 or 15(d) (10-K) 2015-06-11.xlsx,balance_sheet,consolidated balance sheets,Additional paid-in capital,,,,,,29407.0,,56399.0,,,,,,,,,
GSIT (GSI Technology Inc.) Annual report pursuant to Section 13 or 15(d) (10-K) 2015-06-11,GSIT,10-K,2015-06-11,2015,GSIT (GSI Technology Inc.) Annual report pursuant to Section 13 or 15(d) (10-K) 2015-06-11.xlsx,balance_sheet,consolidated balance sheets,Accumulated other comprehensive income,,,,,,26.0,,33.0,,,,,,,,,
GSIT (GSI Technology Inc.) Annual report pursuant to Section 13 or 15(d) (10-K) 2015-06-11,GSIT,10-K,2015-06-11,2015,GSIT (GSI Technology Inc.) Annual report pursuant to Section 13 or 15(d) (10-K) 2015-06-11.xlsx,balance_sheet,consolidated balance sheets,Retained earnings,,,,,,66940.0,,71918.0,,,,,,,,,
GSIT (GSI Technology Inc.) Annual report pursuant to Section 13 or 15(d) (10-K) 2015-06-11,GSIT,10-K,2015-06-11,2015,GSIT (GSI Technology Inc.) Annual report pursuant to Section 13 or 15(d) (10-K) 2015-06-11.xlsx,balance_sheet,consolidated balance sheets,Stockholders equity,,,,,,96396.0,,128378.0,,,,,,,,,
GSIT (GSI Technology Inc.) Annual report pursuant to Section 13 or 15(d) (10-K) 2015-06-11,GSIT,10-K,2015-06-11,2015,GSIT (GSI Technology Inc.) Annual report pursuant to Section 13 or 15(d) (10-K) 2015-06-11.xlsx,balance_sheet,consolidated balance sheets,Total liabilities,,,,,,,,,,,,,,,,,
GSIT (GSI Technology Inc.) Annual report pursuant to Section 13 or 15(d) (10-K) 2015-06-11,GSIT,10-K,2015-06-11,2015,GSIT (GSI Technology Inc.) Annual report pursuant to Section 13 or 15(d) (10-K) 2015-06-11.xlsx,balance_sheet,note 3balance sheet detail,Work-in-progress,,,,2422.0,,,,,,,,,,2011.0,,,
GSIT (GSI Technology Inc.) Annual report pursuant to Section 13 or 15(d) (10-K) 2015-06-11,GSIT,10-K,2015-06-11,2015,GSIT (GSI Technology Inc.) Annual report pursuant to Section 13 or 15(d) (10-K) 2015-06-11.xlsx,balance_sheet,note 3balance sheet detail,Finished goods,,,,,,,,5362.0,,5588.0,,,,,,,
GSIT (GSI Technology Inc.) Annual report pursuant to Section 13 or 15(d) (10-K) 2015-06-11,GSIT,10-K,2015-06-11,2015,GSIT (GSI Technology Inc.) Annual report pursuant to Section 13 or 15(d) (10-K) 2015-06-11.xlsx,balance_sheet,note 3balance sheet detail,Inventory at distributors,,,,,,,,628.0,,586.0,,,,,,,
GSIT (GSI Technology Inc.) Annual report pursuant to Section 13 or 15(d) (10-K) 2015-06-11,GSIT,10-K,2015-06-11,2015,GSIT (GSI Technology Inc.) Annual report pursuant to Section 13 or 15(d) (10-K) 2015-06-11.xlsx,balance_sheet,note 3balance sheet detail-1,Accounts receivable,,,,8360.0,,,,,,,,,,8349.0,,,
GSIT (GSI Technology Inc.) Annual report pursuant to Section 13 or 15(d) (10-K) 2015-06-11,GSIT,10-K,2015-06-11,2015,GSIT (GSI Technology Inc.) Annual report pursuant to Section 13 or 15(d) (10-K) 2015-06-11.xlsx,balance_sheet,note 3balance sheet detail-1,"Less: Allowances for sales returns, doubtful accounts and other",,,,,,,,-103.0,,-111.0,,,,,,,
GSIT (GSI Technology Inc.) Annual report pursuant to Section 13 or 15(d) (10-K) 2016-06-10,GSIT,10-K,2016-06-10,2016,GSIT (GSI Technology Inc.) Annual report pursuant to Section 13 or 15(d) (10-K) 2016-06-10.xlsx,balance_sheet,consolidated balance sheets,Cash and cash equivalents,,,,,,,,,,,,,,,,,
GSIT (GSI Technology Inc.) Annual report pursuant to Section 13 or 15(d) (10-K) 2016-06-10,GSIT,10-K,2016-06-10,2016,GSIT (GSI Technology Inc.) Annual report pursuant to Section 13 or 15(d) (10-K) 2016-06-10.xlsx,balance_sheet,consolidated balance sheets,Short-term investments,,,,,,23149.0,,22201.0,,,,,,,,,
GSIT (GSI Technology Inc.) Annual report pursuant to Section 13 or 15(d) (10-K) 2016-06-10,GSIT,10-K,2016-06-10,2016,GSIT (GSI Technology Inc.) Annual report pursuant to Section 13 or 15(d) (10-K) 2016-06-10.xlsx,balance_sheet,consolidated balance sheets,Accounts receivable,,,,,,7478.0,,8257.0,,,,,,,,,
GSIT (GSI Technology Inc.) Annual report pursuant to Section 13 or 15(d) (10-K) 2016-06-10,GSIT,10-K,2016-06-10,2016,GSIT (GSI Technology Inc.) Annual report pursuant to Section 13 or 15(d) (10-K) 2016-06-10.xlsx,balance_sheet,consolidated balance sheets,Inventories,,,,,,7174.0,,8412.0,,,,,,,,,
GSIT (GSI Technology Inc.) Annual report pursuant to Section 13 or 15(d) (10-K) 2016-06-10,GSIT,10-K,2016-06-10,2016,GSIT (GSI Technology Inc.) Annual report pursuant to Section 13 or 15(d) (10-K) 2016-06-10.xlsx,balance_sheet,consolidated balance sheets,Prepaid expenses and other current assets,,,,,,2198.0,,2297.0,,,,,,,,,
GSIT (GSI Technology Inc.) Annual report pursuant to Section 13 or 15(d) (10-K) 2016-06-10,GSIT,10-K,2016-06-10,2016,GSIT (GSI Technology Inc.) Annual report pursuant to Section 13 or 15(d) (10-K) 2016-06-10.xlsx,balance_sheet,consolidated balance sheets,Total current assets,,,,,,71962.0,,77943.0,,,,,,,,,
GSIT (GSI Technology Inc.) Annual report pursuant to Section 13 or 15(d) (10-K) 2016-06-10,GSIT,10-K,2016-06-10,2016,GSIT (GSI Technology Inc.) Annual report pursuant to Section 13 or 15(d) (10-K) 2016-06-10.xlsx,balance_sheet,consolidated balance sheets,Property and equipment,,,,,,8653.0,,8708.0,,,,,,,,,
GSIT (GSI Technology Inc.) Annual report pursuant to Section 13 or 15(d) (10-K) 2016-06-10,GSIT,10-K,2016-06-10,2016,GSIT (GSI Technology Inc.) Annual report pursuant to Section 13 or 15(d) (10-K) 2016-06-10.xlsx,balance_sheet,consolidated balance sheets,Long-term investments,,,,,,11148.0,,21740.0,,,,,,,,,
GSIT (GSI Technology Inc.) Annual report pursuant to Section 13 or 15(d) (10-K) 2016-06-10,GSIT,10-K,2016-06-10,2016,GSIT (GSI Technology Inc.) Annual report pursuant to Section 13 or 15(d) (10-K) 2016-06-10.xlsx,balance_sheet,consolidated balance sheets,Goodwill,,,,,,8030.0,,,,,,,,,,,
GSIT (GSI Technology Inc.) Annual report pursuant to Section 13 or 15(d) (10-K) 2016-06-10,GSIT,10-K,2016-06-10,2016,GSIT (GSI Technology Inc.) Annual report pursuant to Section 13 or 15(d) (10-K) 2016-06-10.xlsx,balance_sheet,consolidated balance sheets,"Intangible assets, net",,,,,,3651.0,,393.0,,,,,,,,,
GSIT (GSI Technology Inc.) Annual report pursuant to Section 13 or 15(d) (10-K) 2016-06-10,GSIT,10-K,2016-06-10,2016,GSIT (GSI Technology Inc.) Annual report pursuant to Section 13 or 15(d) (10-K) 2016-06-10.xlsx,balance_sheet,consolidated balance sheets,Other assets,,,,,,3086.0,,105.0,,,,,,,,,
GSIT (GSI Technology Inc.) Annual report pursuant to Section 13 or 15(d) (10-K) 2016-06-10,GSIT,10-K,2016-06-10,2016,GSIT (GSI Technology Inc.) Annual report pursuant to Section 13 or 15(d) (10-K) 2016-06-10.xlsx,balance_sheet,consolidated balance sheets,Total assets,,,,,,,,,,,,,,,,,
GSIT (GSI Technology Inc.) Annual report pursuant to Section 13 or 15(d) (10-K) 2016-06-10,GSIT,10-K,2016-06-10,2016,GSIT (GSI Technology Inc.) Annual report pursuant to Section 13 or 15(d) (10-K) 2016-06-10.xlsx,balance_sheet,consolidated balance sheets,Accounts payable,,,,,,,,,,,,,,,,,
GSIT (GSI Technology Inc.) Annual report pursuant to Section 13 or 15(d) (10-K) 2016-06-10,GSIT,10-K,2016-06-10,2016,GSIT (GSI Technology Inc.) Annual report pursuant to Section 13 or 15(d) (10-K) 2016-06-10.xlsx,balance_sheet,consolidated balance sheets,Accrued expenses,,,,,,4398.0,,5937.0,,,,,,,,,
GSIT (GSI Technology Inc.) Annual report pursuant to Section 13 or 15(d) (10-K) 2016-06-10,GSIT,10-K,2016-06-10,2016,GSIT (GSI Technology Inc.) Annual report pursuant to Section 13 or 15(d) (10-K) 2016-06-10.xlsx,balance_sheet,consolidated balance sheets,Deferred revenue,,,,,,2330.0,,2815.0,,,,,,,,,
GSIT (GSI Technology Inc.) Annual report pursuant to Section 13 or 15(d) (10-K) 2016-06-10,GSIT,10-K,2016-06-10,2016,GSIT (GSI Technology Inc.) Annual report pursuant to Section 13 or 15(d) (10-K) 2016-06-10.xlsx,balance_sheet,consolidated balance sheets,Total current liabilities,,,,,,9242.0,,11713.0,,,,,,,,,
GSIT (GSI Technology Inc.) Annual report pursuant to Section 13 or 15(d) (10-K) 2016-06-10,GSIT,10-K,2016-06-10,2016,GSIT (GSI Technology Inc.) Annual report pursuant to Section 13 or 15(d) (10-K) 2016-06-10.xlsx,balance_sheet,consolidated balance sheets,Income taxes payable,,,,,,116.0,,780.0,,,,,,,,,
GSIT (GSI Technology Inc.) Annual report pursuant to Section 13 or 15(d) (10-K) 2016-06-10,GSIT,10-K,2016-06-10,2016,GSIT (GSI Technology Inc.) Annual report pursuant to Section 13 or 15(d) (10-K) 2016-06-10.xlsx,balance_sheet,consolidated balance sheets,Long-term deferred income taxes,,,,,,811.0,,,,,,,,,,,
GSIT (GSI Technology Inc.) Annual report pursuant to Section 13 or 15(d) (10-K) 2016-06-10,GSIT,10-K,2016-06-10,2016,GSIT (GSI Technology Inc.) Annual report pursuant to Section 13 or 15(d) (10-K) 2016-06-10.xlsx,balance_sheet,consolidated balance sheets,Accrued expenses,,,,,,6492.0,,,,,,,,,,,
GSIT (GSI Technology Inc.) Annual report pursuant to Section 13 or 15(d) (10-K) 2016-06-10,GSIT,10-K,2016-06-10,2016,GSIT (GSI Technology Inc.) Annual report pursuant to Section 13 or 15(d) (10-K) 2016-06-10.xlsx,balance_sheet,consolidated balance sheets,Total liabilities,,,,,,16661.0,,12493.0,,,,,,,,,
GSIT (GSI Technology Inc.) Annual report pursuant to Section 13 or 15(d) (10-K) 2016-06-10,GSIT,10-K,2016-06-10,2016,GSIT (GSI Technology Inc.) Annual report pursuant to Section 13 or 15(d) (10-K) 2016-06-10.xlsx,balance_sheet,consolidated balance sheets,"Preferred stock: $0.001 par value authorized: 5,000,000 shares; issued and outstanding: none",,,,,,,,,,,,,,,,,
GSIT (GSI Technology Inc.) Annual report pursuant to Section 13 or 15(d) (10-K) 2016-06-10,GSIT,10-K,2016-06-10,2016,GSIT (GSI Technology Inc.) Annual report pursuant to Section 13 or 15(d) (10-K) 2016-06-10.xlsx,balance_sheet,consolidated balance sheets,"Common Stock: $0.001 par value authorized: 150,000,000 shares; issued and outstanding: 21,716,364 and 23,128,372 shares, respectively",,,,,,22.0,,23.0,,,,,,,,,
GSIT (GSI Technology Inc.) Annual report pursuant to Section 13 or 15(d) (10-K) 2016-06-10,GSIT,10-K,2016-06-10,2016,GSIT (GSI Technology Inc.) Annual report pursuant to Section 13 or 15(d) (10-K) 2016-06-10.xlsx,balance_sheet,consolidated balance sheets,Additional paid-in capital,,,,,,25050.0,,29407.0,,,,,,,,,
GSIT (GSI Technology Inc.) Annual report pursuant to Section 13 or 15(d) (10-K) 2016-06-10,GSIT,10-K,2016-06-10,2016,GSIT (GSI Technology Inc.) Annual report pursuant to Section 13 or 15(d) (10-K) 2016-06-10.xlsx,balance_sheet,consolidated balance sheets,Accumulated other comprehensive income,,,,,,27.0,,26.0,,,,,,,,,
GSIT (GSI Technology Inc.) Annual report pursuant to Section 13 or 15(d) (10-K) 2016-06-10,GSIT,10-K,2016-06-10,2016,GSIT (GSI Technology Inc.) Annual report pursuant to Section 13 or 15(d) (10-K) 2016-06-10.xlsx,balance_sheet,consolidated balance sheets,Retained earnings,,,,,,64770.0,,66940.0,,,,,,,,,
GSIT (GSI Technology Inc.) Annual report pursuant to Section 13 or 15(d) (10-K) 2016-06-10,GSIT,10-K,2016-06-10,2016,GSIT (GSI Technology Inc.) Annual report pursuant to Section 13 or 15(d) (10-K) 2016-06-10.xlsx,balance_sheet,consolidated balance sheets,Stockholders equity,,,,,,89869.0,,96396.0,,,,,,,,,
GSIT (GSI Technology Inc.) Annual report pursuant to Section 13 or 15(d) (10-K) 2016-06-10,GSIT,10-K,2016-06-10,2016,GSIT (GSI Technology Inc.) Annual report pursuant to Section 13 or 15(d) (10-K) 2016-06-10.xlsx,balance_sheet,consolidated balance sheets,Total liabilities,,,,,,,,,,,,,,,,,
GSIT (GSI Technology Inc.) Annual report pursuant to Section 13 or 15(d) (10-K) 2016-06-10,GSIT,10-K,2016-06-10,2016,GSIT (GSI Technology Inc.) Annual report pursuant to Section 13 or 15(d) (10-K) 2016-06-10.xlsx,balance_sheet,note 3balance sheet detail,Work-in-progress,,,,1697.0,,,,,,,,,,2422.0,,,
GSIT (GSI Technology Inc.) Annual report pursuant to Section 13 or 15(d) (10-K) 2016-06-10,GSIT,10-K,2016-06-10,2016,GSIT (GSI Technology Inc.) Annual report pursuant to Section 13 or 15(d) (10-K) 2016-06-10.xlsx,balance_sheet,note 3balance sheet detail,Finished goods,,,,,,,,5011.0,,5362.0,,,,,,,
GSIT (GSI Technology Inc.) Annual report pursuant to Section 13 or 15(d) (10-K) 2016-06-10,GSIT,10-K,2016-06-10,2016,GSIT (GSI Technology Inc.) Annual report pursuant to Section 13 or 15(d) (10-K) 2016-06-10.xlsx,balance_sheet,note 3balance sheet detail,Inventory at distributors,,,,,,,,466.0,,628.0,,,,,,,
GSIT (GSI Technology Inc.) Annual report pursuant to Section 13 or 15(d) (10-K) 2016-06-10,GSIT,10-K,2016-06-10,2016,GSIT (GSI Technology Inc.) Annual report pursuant to Section 13 or 15(d) (10-K) 2016-06-10.xlsx,balance_sheet,note 3balance sheet detail-1,Accounts receivable,,,,7578.0,,,,,,,,,,8360.0,,,
GSIT (GSI Technology Inc.) Annual report pursuant to Section 13 or 15(d) (10-K) 2016-06-10,GSIT,10-K,2016-06-10,2016,GSIT (GSI Technology Inc.) Annual report pursuant to Section 13 or 15(d) (10-K) 2016-06-10.xlsx,balance_sheet,note 3balance sheet detail-1,"Less: Allowances for sales returns, doubtful accounts and other",,,,,,,,-100.0,,-103.0,,,,,,,
GSIT (GSI Technology Inc.) Annual report pursuant to Section 13 or 15(d) (10-K) 2017-06-05,GSIT,10-K,2017-06-05,2017,GSIT (GSI Technology Inc.) Annual report pursuant to Section 13 or 15(d) (10-K) 2017-06-05.xlsx,balance_sheet,consolidated balance sheets,Cash and cash equivalents,,,,,,,,,,,,,,,,,
GSIT (GSI Technology Inc.) Annual report pursuant to Section 13 or 15(d) (10-K) 2017-06-05,GSIT,10-K,2017-06-05,2017,GSIT (GSI Technology Inc.) Annual report pursuant to Section 13 or 15(d) (10-K) 2017-06-05.xlsx,balance_sheet,consolidated balance sheets,Short-term investments,,,,,,16199.0,,23149.0,,,,,,,,,
GSIT (GSI Technology Inc.) Annual report pursuant to Section 13 or 15(d) (10-K) 2017-06-05,GSIT,10-K,2017-06-05,2017,GSIT (GSI Technology Inc.) Annual report pursuant to Section 13 or 15(d) (10-K) 2017-06-05.xlsx,balance_sheet,consolidated balance sheets,Accounts receivable,,,,,,6349.0,,7478.0,,,,,,,,,
GSIT (GSI Technology Inc.) Annual report pursuant to Section 13 or 15(d) (10-K) 2017-06-05,GSIT,10-K,2017-06-05,2017,GSIT (GSI Technology Inc.) Annual report pursuant to Section 13 or 15(d) (10-K) 2017-06-05.xlsx,balance_sheet,consolidated balance sheets,Inventories,,,,,,9211.0,,7174.0,,,,,,,,,
GSIT (GSI Technology Inc.) Annual report pursuant to Section 13 or 15(d) (10-K) 2017-06-05,GSIT,10-K,2017-06-05,2017,GSIT (GSI Technology Inc.) Annual report pursuant to Section 13 or 15(d) (10-K) 2017-06-05.xlsx,balance_sheet,consolidated balance sheets,Prepaid expenses and other current assets,,,,,,2777.0,,2198.0,,,,,,,,,
GSIT (GSI Technology Inc.) Annual report pursuant to Section 13 or 15(d) (10-K) 2017-06-05,GSIT,10-K,2017-06-05,2017,GSIT (GSI Technology Inc.) Annual report pursuant to Section 13 or 15(d) (10-K) 2017-06-05.xlsx,balance_sheet,consolidated balance sheets,Total current assets,,,,,,68272.0,,71962.0,,,,,,,,,
GSIT (GSI Technology Inc.) Annual report pursuant to Section 13 or 15(d) (10-K) 2017-06-05,GSIT,10-K,2017-06-05,2017,GSIT (GSI Technology Inc.) Annual report pursuant to Section 13 or 15(d) (10-K) 2017-06-05.xlsx,balance_sheet,consolidated balance sheets,Property and equipment,,,,,,7689.0,,8653.0,,,,,,,,,
GSIT (GSI Technology Inc.) Annual report pursuant to Section 13 or 15(d) (10-K) 2017-06-05,GSIT,10-K,2017-06-05,2017,GSIT (GSI Technology Inc.) Annual report pursuant to Section 13 or 15(d) (10-K) 2017-06-05.xlsx,balance_sheet,consolidated balance sheets,Long-term investments,,,,,,12898.0,,11148.0,,,,,,,,,
GSIT (GSI Technology Inc.) Annual report pursuant to Section 13 or 15(d) (10-K) 2017-06-05,GSIT,10-K,2017-06-05,2017,GSIT (GSI Technology Inc.) Annual report pursuant to Section 13 or 15(d) (10-K) 2017-06-05.xlsx,balance_sheet,consolidated balance sheets,Goodwill,,,,,,7978.0,,8030.0,,,,,,,,,
GSIT (GSI Technology Inc.) Annual report pursuant to Section 13 or 15(d) (10-K) 2017-06-05,GSIT,10-K,2017-06-05,2017,GSIT (GSI Technology Inc.) Annual report pursuant to Section 13 or 15(d) (10-K) 2017-06-05.xlsx,balance_sheet,consolidated balance sheets,"Intangible assets, net",,,,,,3302.0,,3651.0,,,,,,,,,
GSIT (GSI Technology Inc.) Annual report pursuant to Section 13 or 15(d) (10-K) 2017-06-05,GSIT,10-K,2017-06-05,2017,GSIT (GSI Technology Inc.) Annual report pursuant to Section 13 or 15(d) (10-K) 2017-06-05.xlsx,balance_sheet,consolidated balance sheets,Other assets,,,,,,2456.0,,3086.0,,,,,,,,,
GSIT (GSI Technology Inc.) Annual report pursuant to Section 13 or 15(d) (10-K) 2017-06-05,GSIT,10-K,2017-06-05,2017,GSIT (GSI Technology Inc.) Annual report pursuant to Section 13 or 15(d) (10-K) 2017-06-05.xlsx,balance_sheet,consolidated balance sheets,Total assets,,,,,,,,,,,,,,,,,
GSIT (GSI Technology Inc.) Annual report pursuant to Section 13 or 15(d) (10-K) 2017-06-05,GSIT,10-K,2017-06-05,2017,GSIT (GSI Technology Inc.) Annual report pursuant to Section 13 or 15(d) (10-K) 2017-06-05.xlsx,balance_sheet,consolidated balance sheets,Accounts payable,,,,,,,,,,,,,,,,,
GSIT (GSI Technology Inc.) Annual report pursuant to Section 13 or 15(d) (10-K) 2017-06-05,GSIT,10-K,2017-06-05,2017,GSIT (GSI Technology Inc.) Annual report pursuant to Section 13 or 15(d) (10-K) 2017-06-05.xlsx,balance_sheet,consolidated balance sheets,Accrued expenses,,,,,,7051.0,,4398.0,,,,,,,,,
GSIT (GSI Technology Inc.) Annual report pursuant to Section 13 or 15(d) (10-K) 2017-06-05,GSIT,10-K,2017-06-05,2017,GSIT (GSI Technology Inc.) Annual report pursuant to Section 13 or 15(d) (10-K) 2017-06-05.xlsx,balance_sheet,consolidated balance sheets,Deferred revenue,,,,,,1796.0,,2330.0,,,,,,,,,
GSIT (GSI Technology Inc.) Annual report pursuant to Section 13 or 15(d) (10-K) 2017-06-05,GSIT,10-K,2017-06-05,2017,GSIT (GSI Technology Inc.) Annual report pursuant to Section 13 or 15(d) (10-K) 2017-06-05.xlsx,balance_sheet,consolidated balance sheets,Total current liabilities,,,,,,10474.0,,9242.0,,,,,,,,,
GSIT (GSI Technology Inc.) Annual report pursuant to Section 13 or 15(d) (10-K) 2017-06-05,GSIT,10-K,2017-06-05,2017,GSIT (GSI Technology Inc.) Annual report pursuant to Section 13 or 15(d) (10-K) 2017-06-05.xlsx,balance_sheet,consolidated balance sheets,Income taxes payable,,,,,,244.0,,116.0,,,,,,,,,
GSIT (GSI Technology Inc.) Annual report pursuant to Section 13 or 15(d) (10-K) 2017-06-05,GSIT,10-K,2017-06-05,2017,GSIT (GSI Technology Inc.) Annual report pursuant to Section 13 or 15(d) (10-K) 2017-06-05.xlsx,balance_sheet,consolidated balance sheets,Deferred income taxes,,,,,,15.0,,811.0,,,,,,,,,
GSIT (GSI Technology Inc.) Annual report pursuant to Section 13 or 15(d) (10-K) 2017-06-05,GSIT,10-K,2017-06-05,2017,GSIT (GSI Technology Inc.) Annual report pursuant to Section 13 or 15(d) (10-K) 2017-06-05.xlsx,balance_sheet,consolidated balance sheets,Accrued expenses,,,,,,5418.0,,6492.0,,,,,,,,,
GSIT (GSI Technology Inc.) Annual report pursuant to Section 13 or 15(d) (10-K) 2017-06-05,GSIT,10-K,2017-06-05,2017,GSIT (GSI Technology Inc.) Annual report pursuant to Section 13 or 15(d) (10-K) 2017-06-05.xlsx,balance_sheet,consolidated balance sheets,Total liabilities,,,,,,16151.0,,16661.0,,,,,,,,,
GSIT (GSI Technology Inc.) Annual report pursuant to Section 13 or 15(d) (10-K) 2017-06-05,GSIT,10-K,2017-06-05,2017,GSIT (GSI Technology Inc.) Annual report pursuant to Section 13 or 15(d) (10-K) 2017-06-05.xlsx,balance_sheet,consolidated balance sheets,"Preferred stock: $0.001 par value authorized: 5,000,000 shares; issued and outstanding: none",,,,,,,,,,,,,,,,,
GSIT (GSI Technology Inc.) Annual report pursuant to Section 13 or 15(d) (10-K) 2017-06-05,GSIT,10-K,2017-06-05,2017,GSIT (GSI Technology Inc.) Annual report pursuant to Section 13 or 15(d) (10-K) 2017-06-05.xlsx,balance_sheet,consolidated balance sheets,"Common Stock: $0.001 par value authorized: 150,000,000 shares; issued and outstanding:Â 20,612,757 and 21,716,364 shares, respectively",,,,,,21.0,,22.0,,,,,,,,,
GSIT (GSI Technology Inc.) Annual report pursuant to Section 13 or 15(d) (10-K) 2017-06-05,GSIT,10-K,2017-06-05,2017,GSIT (GSI Technology Inc.) Annual report pursuant to Section 13 or 15(d) (10-K) 2017-06-05.xlsx,balance_sheet,consolidated balance sheets,Additional paid-in capital,,,,,,21830.0,,25050.0,,,,,,,,,
GSIT (GSI Technology Inc.) Annual report pursuant to Section 13 or 15(d) (10-K) 2017-06-05,GSIT,10-K,2017-06-05,2017,GSIT (GSI Technology Inc.) Annual report pursuant to Section 13 or 15(d) (10-K) 2017-06-05.xlsx,balance_sheet,consolidated balance sheets,Accumulated other comprehensive income (loss),,,,,,-62.0,,27.0,,,,,,,,,
GSIT (GSI Technology Inc.) Annual report pursuant to Section 13 or 15(d) (10-K) 2017-06-05,GSIT,10-K,2017-06-05,2017,GSIT (GSI Technology Inc.) Annual report pursuant to Section 13 or 15(d) (10-K) 2017-06-05.xlsx,balance_sheet,consolidated balance sheets,Retained earnings,,,,,,64655.0,,64770.0,,,,,,,,,
GSIT (GSI Technology Inc.) Annual report pursuant to Section 13 or 15(d) (10-K) 2017-06-05,GSIT,10-K,2017-06-05,2017,GSIT (GSI Technology Inc.) Annual report pursuant to Section 13 or 15(d) (10-K) 2017-06-05.xlsx,balance_sheet,consolidated balance sheets,Stockholders equity,,,,,,86444.0,,89869.0,,,,,,,,,
GSIT (GSI Technology Inc.) Annual report pursuant to Section 13 or 15(d) (10-K) 2017-06-05,GSIT,10-K,2017-06-05,2017,GSIT (GSI Technology Inc.) Annual report pursuant to Section 13 or 15(d) (10-K) 2017-06-05.xlsx,balance_sheet,consolidated balance sheets,Total liabilities,,,,,,,,,,,,,,,,,
GSIT (GSI Technology Inc.) Annual report pursuant to Section 13 or 15(d) (10-K) 2017-06-05,GSIT,10-K,2017-06-05,2017,GSIT (GSI Technology Inc.) Annual report pursuant to Section 13 or 15(d) (10-K) 2017-06-05.xlsx,balance_sheet,note 3balance sheet detail,Work-in-progress,,,2112.0,1697.0,,,,,,,,,,,,,
GSIT (GSI Technology Inc.) Annual report pursuant to Section 13 or 15(d) (10-K) 2017-06-05,GSIT,10-K,2017-06-05,2017,GSIT (GSI Technology Inc.) Annual report pursuant to Section 13 or 15(d) (10-K) 2017-06-05.xlsx,balance_sheet,note 3balance sheet detail,Finished goods,,,,,,6803.0,,5011.0,,,,,,,,,
GSIT (GSI Technology Inc.) Annual report pursuant to Section 13 or 15(d) (10-K) 2017-06-05,GSIT,10-K,2017-06-05,2017,GSIT (GSI Technology Inc.) Annual report pursuant to Section 13 or 15(d) (10-K) 2017-06-05.xlsx,balance_sheet,note 3balance sheet detail,Inventory at distributors,,,,,,296.0,,466.0,,,,,,,,,
GSIT (GSI Technology Inc.) Annual report pursuant to Section 13 or 15(d) (10-K) 2017-06-05,GSIT,10-K,2017-06-05,2017,GSIT (GSI Technology Inc.) Annual report pursuant to Section 13 or 15(d) (10-K) 2017-06-05.xlsx,balance_sheet,note 3balance sheet detail-1,Accounts receivable,,,6453.0,7578.0,,,,,,,,,,,,,
GSIT (GSI Technology Inc.) Annual report pursuant to Section 13 or 15(d) (10-K) 2017-06-05,GSIT,10-K,2017-06-05,2017,GSIT (GSI Technology Inc.) Annual report pursuant to Section 13 or 15(d) (10-K) 2017-06-05.xlsx,balance_sheet,note 3balance sheet detail-1,"Less: Allowances for sales returns, doubtful accounts and other",,,,,,-104.0,,-100.0,,,,,,,,,
GSIT (GSI Technology Inc.) Annual report pursuant to Section 13 or 15(d) (10-K) 2018-06-01,GSIT,10-K,2018-06-01,2018,GSIT (GSI Technology Inc.) Annual report pursuant to Section 13 or 15(d) (10-K) 2018-06-01.xlsx,balance_sheet,consolidated balance sheets,Cash and cash equivalents,,,,,,,,,,,,,,,,,
GSIT (GSI Technology Inc.) Annual report pursuant to Section 13 or 15(d) (10-K) 2018-06-01,GSIT,10-K,2018-06-01,2018,GSIT (GSI Technology Inc.) Annual report pursuant to Section 13 or 15(d) (10-K) 2018-06-01.xlsx,balance_sheet,consolidated balance sheets,Short-term investments,,,,,,18124.0,,16199.0,,,,,,,,,
GSIT (GSI Technology Inc.) Annual report pursuant to Section 13 or 15(d) (10-K) 2018-06-01,GSIT,10-K,2018-06-01,2018,GSIT (GSI Technology Inc.) Annual report pursuant to Section 13 or 15(d) (10-K) 2018-06-01.xlsx,balance_sheet,consolidated balance sheets,Accounts receivable,,,,,,5279.0,,6349.0,,,,,,,,,
GSIT (GSI Technology Inc.) Annual report pursuant to Section 13 or 15(d) (10-K) 2018-06-01,GSIT,10-K,2018-06-01,2018,GSIT (GSI Technology Inc.) Annual report pursuant to Section 13 or 15(d) (10-K) 2018-06-01.xlsx,balance_sheet,consolidated balance sheets,Inventories,,,,,,5547.0,,9211.0,,,,,,,,,
GSIT (GSI Technology Inc.) Annual report pursuant to Section 13 or 15(d) (10-K) 2018-06-01,GSIT,10-K,2018-06-01,2018,GSIT (GSI Technology Inc.) Annual report pursuant to Section 13 or 15(d) (10-K) 2018-06-01.xlsx,balance_sheet,consolidated balance sheets,Prepaid expenses and other current assets,,,,,,2080.0,,2777.0,,,,,,,,,
GSIT (GSI Technology Inc.) Annual report pursuant to Section 13 or 15(d) (10-K) 2018-06-01,GSIT,10-K,2018-06-01,2018,GSIT (GSI Technology Inc.) Annual report pursuant to Section 13 or 15(d) (10-K) 2018-06-01.xlsx,balance_sheet,consolidated balance sheets,Total current assets,,,,,,71271.0,,68272.0,,,,,,,,,
GSIT (GSI Technology Inc.) Annual report pursuant to Section 13 or 15(d) (10-K) 2018-06-01,GSIT,10-K,2018-06-01,2018,GSIT (GSI Technology Inc.) Annual report pursuant to Section 13 or 15(d) (10-K) 2018-06-01.xlsx,balance_sheet,consolidated balance sheets,Property and equipment,,,,,,8172.0,,7689.0,,,,,,,,,
GSIT (GSI Technology Inc.) Annual report pursuant to Section 13 or 15(d) (10-K) 2018-06-01,GSIT,10-K,2018-06-01,2018,GSIT (GSI Technology Inc.) Annual report pursuant to Section 13 or 15(d) (10-K) 2018-06-01.xlsx,balance_sheet,consolidated balance sheets,Long-term investments,,,,,,7923.0,,12898.0,,,,,,,,,
GSIT (GSI Technology Inc.) Annual report pursuant to Section 13 or 15(d) (10-K) 2018-06-01,GSIT,10-K,2018-06-01,2018,GSIT (GSI Technology Inc.) Annual report pursuant to Section 13 or 15(d) (10-K) 2018-06-01.xlsx,balance_sheet,consolidated balance sheets,Goodwill,,,,,,7978.0,,7978.0,,,,,,,,,
GSIT (GSI Technology Inc.) Annual report pursuant to Section 13 or 15(d) (10-K) 2018-06-01,GSIT,10-K,2018-06-01,2018,GSIT (GSI Technology Inc.) Annual report pursuant to Section 13 or 15(d) (10-K) 2018-06-01.xlsx,balance_sheet,consolidated balance sheets,"Intangible assets, net",,,,,,2989.0,,3302.0,,,,,,,,,
GSIT (GSI Technology Inc.) Annual report pursuant to Section 13 or 15(d) (10-K) 2018-06-01,GSIT,10-K,2018-06-01,2018,GSIT (GSI Technology Inc.) Annual report pursuant to Section 13 or 15(d) (10-K) 2018-06-01.xlsx,balance_sheet,consolidated balance sheets,Other assets,,,,,,1207.0,,2456.0,,,,,,,,,
GSIT (GSI Technology Inc.) Annual report pursuant to Section 13 or 15(d) (10-K) 2018-06-01,GSIT,10-K,2018-06-01,2018,GSIT (GSI Technology Inc.) Annual report pursuant to Section 13 or 15(d) (10-K) 2018-06-01.xlsx,balance_sheet,consolidated balance sheets,Total assets,,,,,,,,,,,,,,,,,
GSIT (GSI Technology Inc.) Annual report pursuant to Section 13 or 15(d) (10-K) 2018-06-01,GSIT,10-K,2018-06-01,2018,GSIT (GSI Technology Inc.) Annual report pursuant to Section 13 or 15(d) (10-K) 2018-06-01.xlsx,balance_sheet,consolidated balance sheets,Accounts payable,,,,,,,,,,,,,,,,,
GSIT (GSI Technology Inc.) Annual report pursuant to Section 13 or 15(d) (10-K) 2018-06-01,GSIT,10-K,2018-06-01,2018,GSIT (GSI Technology Inc.) Annual report pursuant to Section 13 or 15(d) (10-K) 2018-06-01.xlsx,balance_sheet,consolidated balance sheets,Accrued expenses,,,,,,5442.0,,7051.0,,,,,,,,,
GSIT (GSI Technology Inc.) Annual report pursuant to Section 13 or 15(d) (10-K) 2018-06-01,GSIT,10-K,2018-06-01,2018,GSIT (GSI Technology Inc.) Annual report pursuant to Section 13 or 15(d) (10-K) 2018-06-01.xlsx,balance_sheet,consolidated balance sheets,Deferred revenue,,,,,,121.0,,1796.0,,,,,,,,,
GSIT (GSI Technology Inc.) Annual report pursuant to Section 13 or 15(d) (10-K) 2018-06-01,GSIT,10-K,2018-06-01,2018,GSIT (GSI Technology Inc.) Annual report pursuant to Section 13 or 15(d) (10-K) 2018-06-01.xlsx,balance_sheet,consolidated balance sheets,Total current liabilities,,,,,,7404.0,,10474.0,,,,,,,,,
GSIT (GSI Technology Inc.) Annual report pursuant to Section 13 or 15(d) (10-K) 2018-06-01,GSIT,10-K,2018-06-01,2018,GSIT (GSI Technology Inc.) Annual report pursuant to Section 13 or 15(d) (10-K) 2018-06-01.xlsx,balance_sheet,consolidated balance sheets,Income taxes payable,,,,,,619.0,,244.0,,,,,,,,,
GSIT (GSI Technology Inc.) Annual report pursuant to Section 13 or 15(d) (10-K) 2018-06-01,GSIT,10-K,2018-06-01,2018,GSIT (GSI Technology Inc.) Annual report pursuant to Section 13 or 15(d) (10-K) 2018-06-01.xlsx,balance_sheet,consolidated balance sheets,Deferred income taxes,,,,,,,,15.0,,,,,,,,,
GSIT (GSI Technology Inc.) Annual report pursuant to Section 13 or 15(d) (10-K) 2018-06-01,GSIT,10-K,2018-06-01,2018,GSIT (GSI Technology Inc.) Annual report pursuant to Section 13 or 15(d) (10-K) 2018-06-01.xlsx,balance_sheet,consolidated balance sheets,Accrued expenses,,,,,,4702.0,,5418.0,,,,,,,,,
GSIT (GSI Technology Inc.) Annual report pursuant to Section 13 or 15(d) (10-K) 2018-06-01,GSIT,10-K,2018-06-01,2018,GSIT (GSI Technology Inc.) Annual report pursuant to Section 13 or 15(d) (10-K) 2018-06-01.xlsx,balance_sheet,consolidated balance sheets,Total liabilities,,,,,,12725.0,,16151.0,,,,,,,,,
GSIT (GSI Technology Inc.) Annual report pursuant to Section 13 or 15(d) (10-K) 2018-06-01,GSIT,10-K,2018-06-01,2018,GSIT (GSI Technology Inc.) Annual report pursuant to Section 13 or 15(d) (10-K) 2018-06-01.xlsx,balance_sheet,consolidated balance sheets,"Preferred stock: $0.001 par value authorized: 5,000,000 shares; issued and outstanding: none",,,,,,,,,,,,,,,,,
GSIT (GSI Technology Inc.) Annual report pursuant to Section 13 or 15(d) (10-K) 2018-06-01,GSIT,10-K,2018-06-01,2018,GSIT (GSI Technology Inc.) Annual report pursuant to Section 13 or 15(d) (10-K) 2018-06-01.xlsx,balance_sheet,consolidated balance sheets,"Common Stock: $0.001 par value authorized: 150,000,000 shares; issued and outstanding:Â 21,407,247 and 20,612,757 shares, respectively",,,,,,21.0,,21.0,,,,,,,,,
GSIT (GSI Technology Inc.) Annual report pursuant to Section 13 or 15(d) (10-K) 2018-06-01,GSIT,10-K,2018-06-01,2018,GSIT (GSI Technology Inc.) Annual report pursuant to Section 13 or 15(d) (10-K) 2018-06-01.xlsx,balance_sheet,consolidated balance sheets,Additional paid-in capital,,,,,,27391.0,,21830.0,,,,,,,,,
GSIT (GSI Technology Inc.) Annual report pursuant to Section 13 or 15(d) (10-K) 2018-06-01,GSIT,10-K,2018-06-01,2018,GSIT (GSI Technology Inc.) Annual report pursuant to Section 13 or 15(d) (10-K) 2018-06-01.xlsx,balance_sheet,consolidated balance sheets,Accumulated other comprehensive loss,,,,,,-142.0,,-62.0,,,,,,,,,
GSIT (GSI Technology Inc.) Annual report pursuant to Section 13 or 15(d) (10-K) 2018-06-01,GSIT,10-K,2018-06-01,2018,GSIT (GSI Technology Inc.) Annual report pursuant to Section 13 or 15(d) (10-K) 2018-06-01.xlsx,balance_sheet,consolidated balance sheets,Retained earnings,,,,,,59545.0,,64655.0,,,,,,,,,
GSIT (GSI Technology Inc.) Annual report pursuant to Section 13 or 15(d) (10-K) 2018-06-01,GSIT,10-K,2018-06-01,2018,GSIT (GSI Technology Inc.) Annual report pursuant to Section 13 or 15(d) (10-K) 2018-06-01.xlsx,balance_sheet,consolidated balance sheets,Stockholders equity,,,,,,86815.0,,86444.0,,,,,,,,,
GSIT (GSI Technology Inc.) Annual report pursuant to Section 13 or 15(d) (10-K) 2018-06-01,GSIT,10-K,2018-06-01,2018,GSIT (GSI Technology Inc.) Annual report pursuant to Section 13 or 15(d) (10-K) 2018-06-01.xlsx,balance_sheet,consolidated balance sheets,Total liabilities,,,,,,,,,,,,,,,,,
GSIT (GSI Technology Inc.) Annual report pursuant to Section 13 or 15(d) (10-K) 2018-06-01,GSIT,10-K,2018-06-01,2018,GSIT (GSI Technology Inc.) Annual report pursuant to Section 13 or 15(d) (10-K) 2018-06-01.xlsx,balance_sheet,note 3balance sheet detail,Work-in-progress,,,2226.0,2112.0,,,,,,,,,,,,,
GSIT (GSI Technology Inc.) Annual report pursuant to Section 13 or 15(d) (10-K) 2018-06-01,GSIT,10-K,2018-06-01,2018,GSIT (GSI Technology Inc.) Annual report pursuant to Section 13 or 15(d) (10-K) 2018-06-01.xlsx,balance_sheet,note 3balance sheet detail,Finished goods,,,,,,3299.0,,6803.0,,,,,,,,,
GSIT (GSI Technology Inc.) Annual report pursuant to Section 13 or 15(d) (10-K) 2018-06-01,GSIT,10-K,2018-06-01,2018,GSIT (GSI Technology Inc.) Annual report pursuant to Section 13 or 15(d) (10-K) 2018-06-01.xlsx,balance_sheet,note 3balance sheet detail,Inventory at distributors,,,,,,22.0,,296.0,,,,,,,,,
GSIT (GSI Technology Inc.) Annual report pursuant to Section 13 or 15(d) (10-K) 2018-06-01,GSIT,10-K,2018-06-01,2018,GSIT (GSI Technology Inc.) Annual report pursuant to Section 13 or 15(d) (10-K) 2018-06-01.xlsx,balance_sheet,note 3balance sheet detail-1,Accounts receivable,,,5342.0,6453.0,,,,,,,,,,,,,
GSIT (GSI Technology Inc.) Annual report pursuant to Section 13 or 15(d) (10-K) 2018-06-01,GSIT,10-K,2018-06-01,2018,GSIT (GSI Technology Inc.) Annual report pursuant to Section 13 or 15(d) (10-K) 2018-06-01.xlsx,balance_sheet,note 3balance sheet detail-1,"Less: Allowances for sales returns, doubtful accounts and other",,,,,,-63.0,,-104.0,,,,,,,,,
GSIT (GSI Technology Inc.) Annual report pursuant to Section 13 or 15(d) (10-K) 2019-06-13,GSIT,10-K,2019-06-13,2019,GSIT (GSI Technology Inc.) Annual report pursuant to Section 13 or 15(d) (10-K) 2019-06-13.xlsx,balance_sheet,consolidated balance sheets,Cash and cash equivalents,,,,,,,,,,,,,,,,,
GSIT (GSI Technology Inc.) Annual report pursuant to Section 13 or 15(d) (10-K) 2019-06-13,GSIT,10-K,2019-06-13,2019,GSIT (GSI Technology Inc.) Annual report pursuant to Section 13 or 15(d) (10-K) 2019-06-13.xlsx,balance_sheet,consolidated balance sheets,Short-term investments,,,,,,19346.0,,18124.0,,,,,,,,,
GSIT (GSI Technology Inc.) Annual report pursuant to Section 13 or 15(d) (10-K) 2019-06-13,GSIT,10-K,2019-06-13,2019,GSIT (GSI Technology Inc.) Annual report pursuant to Section 13 or 15(d) (10-K) 2019-06-13.xlsx,balance_sheet,consolidated balance sheets,Accounts receivable,,,,,,7339.0,,5279.0,,,,,,,,,
GSIT (GSI Technology Inc.) Annual report pursuant to Section 13 or 15(d) (10-K) 2019-06-13,GSIT,10-K,2019-06-13,2019,GSIT (GSI Technology Inc.) Annual report pursuant to Section 13 or 15(d) (10-K) 2019-06-13.xlsx,balance_sheet,consolidated balance sheets,Inventories,,,,,,5685.0,,5547.0,,,,,,,,,
GSIT (GSI Technology Inc.) Annual report pursuant to Section 13 or 15(d) (10-K) 2019-06-13,GSIT,10-K,2019-06-13,2019,GSIT (GSI Technology Inc.) Annual report pursuant to Section 13 or 15(d) (10-K) 2019-06-13.xlsx,balance_sheet,consolidated balance sheets,Prepaid expenses and other current assets,,,,,,2500.0,,2080.0,,,,,,,,,
GSIT (GSI Technology Inc.) Annual report pursuant to Section 13 or 15(d) (10-K) 2019-06-13,GSIT,10-K,2019-06-13,2019,GSIT (GSI Technology Inc.) Annual report pursuant to Section 13 or 15(d) (10-K) 2019-06-13.xlsx,balance_sheet,consolidated balance sheets,Total current assets,,,,,,77365.0,,71271.0,,,,,,,,,
GSIT (GSI Technology Inc.) Annual report pursuant to Section 13 or 15(d) (10-K) 2019-06-13,GSIT,10-K,2019-06-13,2019,GSIT (GSI Technology Inc.) Annual report pursuant to Section 13 or 15(d) (10-K) 2019-06-13.xlsx,balance_sheet,consolidated balance sheets,Property and equipment,,,,,,9001.0,,8172.0,,,,,,,,,
GSIT (GSI Technology Inc.) Annual report pursuant to Section 13 or 15(d) (10-K) 2019-06-13,GSIT,10-K,2019-06-13,2019,GSIT (GSI Technology Inc.) Annual report pursuant to Section 13 or 15(d) (10-K) 2019-06-13.xlsx,balance_sheet,consolidated balance sheets,Long-term investments,,,,,,8997.0,,7923.0,,,,,,,,,
GSIT (GSI Technology Inc.) Annual report pursuant to Section 13 or 15(d) (10-K) 2019-06-13,GSIT,10-K,2019-06-13,2019,GSIT (GSI Technology Inc.) Annual report pursuant to Section 13 or 15(d) (10-K) 2019-06-13.xlsx,balance_sheet,consolidated balance sheets,Goodwill,,,,,,7978.0,,7978.0,,,,,,,,,
GSIT (GSI Technology Inc.) Annual report pursuant to Section 13 or 15(d) (10-K) 2019-06-13,GSIT,10-K,2019-06-13,2019,GSIT (GSI Technology Inc.) Annual report pursuant to Section 13 or 15(d) (10-K) 2019-06-13.xlsx,balance_sheet,consolidated balance sheets,"Intangible assets, net",,,,,,2722.0,,2989.0,,,,,,,,,
GSIT (GSI Technology Inc.) Annual report pursuant to Section 13 or 15(d) (10-K) 2019-06-13,GSIT,10-K,2019-06-13,2019,GSIT (GSI Technology Inc.) Annual report pursuant to Section 13 or 15(d) (10-K) 2019-06-13.xlsx,balance_sheet,consolidated balance sheets,Other assets,,,,,,160.0,,1207.0,,,,,,,,,
GSIT (GSI Technology Inc.) Annual report pursuant to Section 13 or 15(d) (10-K) 2019-06-13,GSIT,10-K,2019-06-13,2019,GSIT (GSI Technology Inc.) Annual report pursuant to Section 13 or 15(d) (10-K) 2019-06-13.xlsx,balance_sheet,consolidated balance sheets,Total assets,,,,,,,,,,,,,,,,,
GSIT (GSI Technology Inc.) Annual report pursuant to Section 13 or 15(d) (10-K) 2019-06-13,GSIT,10-K,2019-06-13,2019,GSIT (GSI Technology Inc.) Annual report pursuant to Section 13 or 15(d) (10-K) 2019-06-13.xlsx,balance_sheet,consolidated balance sheets,Accounts payable,,,,,,,,,,,,,,,,,
GSIT (GSI Technology Inc.) Annual report pursuant to Section 13 or 15(d) (10-K) 2019-06-13,GSIT,10-K,2019-06-13,2019,GSIT (GSI Technology Inc.) Annual report pursuant to Section 13 or 15(d) (10-K) 2019-06-13.xlsx,balance_sheet,consolidated balance sheets,Accrued expenses,,,,,,6869.0,,5563.0,,,,,,,,,
GSIT (GSI Technology Inc.) Annual report pursuant to Section 13 or 15(d) (10-K) 2019-06-13,GSIT,10-K,2019-06-13,2019,GSIT (GSI Technology Inc.) Annual report pursuant to Section 13 or 15(d) (10-K) 2019-06-13.xlsx,balance_sheet,consolidated balance sheets,Total current liabilities,,,,,,8733.0,,7404.0,,,,,,,,,
GSIT (GSI Technology Inc.) Annual report pursuant to Section 13 or 15(d) (10-K) 2019-06-13,GSIT,10-K,2019-06-13,2019,GSIT (GSI Technology Inc.) Annual report pursuant to Section 13 or 15(d) (10-K) 2019-06-13.xlsx,balance_sheet,consolidated balance sheets,Income taxes payable,,,,,,622.0,,619.0,,,,,,,,,
GSIT (GSI Technology Inc.) Annual report pursuant to Section 13 or 15(d) (10-K) 2019-06-13,GSIT,10-K,2019-06-13,2019,GSIT (GSI Technology Inc.) Annual report pursuant to Section 13 or 15(d) (10-K) 2019-06-13.xlsx,balance_sheet,consolidated balance sheets,Accrued expenses,,,,,,3713.0,,4702.0,,,,,,,,,
GSIT (GSI Technology Inc.) Annual report pursuant to Section 13 or 15(d) (10-K) 2019-06-13,GSIT,10-K,2019-06-13,2019,GSIT (GSI Technology Inc.) Annual report pursuant to Section 13 or 15(d) (10-K) 2019-06-13.xlsx,balance_sheet,consolidated balance sheets,Total liabilities,,,,,,13068.0,,12725.0,,,,,,,,,
GSIT (GSI Technology Inc.) Annual report pursuant to Section 13 or 15(d) (10-K) 2019-06-13,GSIT,10-K,2019-06-13,2019,GSIT (GSI Technology Inc.) Annual report pursuant to Section 13 or 15(d) (10-K) 2019-06-13.xlsx,balance_sheet,consolidated balance sheets,"Preferred stock: $0.001 par value authorized: 5,000,000 shares; issued and outstanding: none",,,,,,,,,,,,,,,,,
GSIT (GSI Technology Inc.) Annual report pursuant to Section 13 or 15(d) (10-K) 2019-06-13,GSIT,10-K,2019-06-13,2019,GSIT (GSI Technology Inc.) Annual report pursuant to Section 13 or 15(d) (10-K) 2019-06-13.xlsx,balance_sheet,consolidated balance sheets,"Common Stock: $0.001 par value authorized: 150,000,000 shares; issued and outstanding: 22,320,156 and 21,407,247 shares, respectively",,,,,,22.0,,21.0,,,,,,,,,
GSIT (GSI Technology Inc.) Annual report pursuant to Section 13 or 15(d) (10-K) 2019-06-13,GSIT,10-K,2019-06-13,2019,GSIT (GSI Technology Inc.) Annual report pursuant to Section 13 or 15(d) (10-K) 2019-06-13.xlsx,balance_sheet,consolidated balance sheets,Additional paid-in capital,,,,,,33462.0,,27391.0,,,,,,,,,
GSIT (GSI Technology Inc.) Annual report pursuant to Section 13 or 15(d) (10-K) 2019-06-13,GSIT,10-K,2019-06-13,2019,GSIT (GSI Technology Inc.) Annual report pursuant to Section 13 or 15(d) (10-K) 2019-06-13.xlsx,balance_sheet,consolidated balance sheets,Accumulated other comprehensive loss,,,,,,-37.0,,-142.0,,,,,,,,,
GSIT (GSI Technology Inc.) Annual report pursuant to Section 13 or 15(d) (10-K) 2019-06-13,GSIT,10-K,2019-06-13,2019,GSIT (GSI Technology Inc.) Annual report pursuant to Section 13 or 15(d) (10-K) 2019-06-13.xlsx,balance_sheet,consolidated balance sheets,Retained earnings,,,,,,59708.0,,59545.0,,,,,,,,,
GSIT (GSI Technology Inc.) Annual report pursuant to Section 13 or 15(d) (10-K) 2019-06-13,GSIT,10-K,2019-06-13,2019,GSIT (GSI Technology Inc.) Annual report pursuant to Section 13 or 15(d) (10-K) 2019-06-13.xlsx,balance_sheet,consolidated balance sheets,Stockholders equity,,,,,,93155.0,,86815.0,,,,,,,,,
GSIT (GSI Technology Inc.) Annual report pursuant to Section 13 or 15(d) (10-K) 2019-06-13,GSIT,10-K,2019-06-13,2019,GSIT (GSI Technology Inc.) Annual report pursuant to Section 13 or 15(d) (10-K) 2019-06-13.xlsx,balance_sheet,consolidated balance sheets,Total liabilities,,,,,,,,,,,,,,,,,
GSIT (GSI Technology Inc.) Annual report pursuant to Section 13 or 15(d) (10-K) 2019-06-13,GSIT,10-K,2019-06-13,2019,GSIT (GSI Technology Inc.) Annual report pursuant to Section 13 or 15(d) (10-K) 2019-06-13.xlsx,balance_sheet,note 4balance sheet detail,Work-in-progress,,,1983.0,2226.0,,,,,,,,,,,,,
GSIT (GSI Technology Inc.) Annual report pursuant to Section 13 or 15(d) (10-K) 2019-06-13,GSIT,10-K,2019-06-13,2019,GSIT (GSI Technology Inc.) Annual report pursuant to Section 13 or 15(d) (10-K) 2019-06-13.xlsx,balance_sheet,note 4balance sheet detail,Finished goods,,,,,,3690.0,,3299.0,,,,,,,,,
GSIT (GSI Technology Inc.) Annual report pursuant to Section 13 or 15(d) (10-K) 2019-06-13,GSIT,10-K,2019-06-13,2019,GSIT (GSI Technology Inc.) Annual report pursuant to Section 13 or 15(d) (10-K) 2019-06-13.xlsx,balance_sheet,note 4balance sheet detail,Inventory at distributors,,,,,,12.0,,22.0,,,,,,,,,
GSIT (GSI Technology Inc.) Annual report pursuant to Section 13 or 15(d) (10-K) 2019-06-13,GSIT,10-K,2019-06-13,2019,GSIT (GSI Technology Inc.) Annual report pursuant to Section 13 or 15(d) (10-K) 2019-06-13.xlsx,balance_sheet,note 4balance sheet detail-1,Accounts receivable,,,7441.0,5342.0,,,,,,,,,,,,,
GSIT (GSI Technology Inc.) Annual report pursuant to Section 13 or 15(d) (10-K) 2019-06-13,GSIT,10-K,2019-06-13,2019,GSIT (GSI Technology Inc.) Annual report pursuant to Section 13 or 15(d) (10-K) 2019-06-13.xlsx,balance_sheet,note 4balance sheet detail-1,Less: Allowances for doubtful accounts and other,,,,,,-102.0,,-63.0,,,,,,,,,
GSIT (GSI Technology Inc.) Annual report pursuant to Section 13 or 15(d) (10-K) 2020-06-05,GSIT,10-K,2020-06-05,2020,GSIT (GSI Technology Inc.) Annual report pursuant to Section 13 or 15(d) (10-K) 2020-06-05.xlsx,balance_sheet,consolidated balance sheets,Prepaid expenses and other current assets,,,,,,,,,,,,,,,,1934.0,2500.0
GSIT (GSI Technology Inc.) Annual report pursuant to Section 13 or 15(d) (10-K) 2020-06-05,GSIT,10-K,2020-06-05,2020,GSIT (GSI Technology Inc.) Annual report pursuant to Section 13 or 15(d) (10-K) 2020-06-05.xlsx,balance_sheet,consolidated balance sheets,Total current assets,,,,,,,,,,,,,,,,79113.0,77365.0
GSIT (GSI Technology Inc.) Annual report pursuant to Section 13 or 15(d) (10-K) 2020-06-05,GSIT,10-K,2020-06-05,2020,GSIT (GSI Technology Inc.) Annual report pursuant to Section 13 or 15(d) (10-K) 2020-06-05.xlsx,balance_sheet,consolidated balance sheets,Property and equipment,,,,,,,,,,,,,,,,8119.0,9001.0
GSIT (GSI Technology Inc.) Annual report pursuant to Section 13 or 15(d) (10-K) 2020-06-05,GSIT,10-K,2020-06-05,2020,GSIT (GSI Technology Inc.) Annual report pursuant to Section 13 or 15(d) (10-K) 2020-06-05.xlsx,balance_sheet,consolidated balance sheets,Operating lease right-of-use assets,,,,,,,,,,,,,,,,617.0,
GSIT (GSI Technology Inc.) Annual report pursuant to Section 13 or 15(d) (10-K) 2020-06-05,GSIT,10-K,2020-06-05,2020,GSIT (GSI Technology Inc.) Annual report pursuant to Section 13 or 15(d) (10-K) 2020-06-05.xlsx,balance_sheet,consolidated balance sheets,Long-term investments,,,,,,,,,,,,,,,,4117.0,8997.0
GSIT (GSI Technology Inc.) Annual report pursuant to Section 13 or 15(d) (10-K) 2020-06-05,GSIT,10-K,2020-06-05,2020,GSIT (GSI Technology Inc.) Annual report pursuant to Section 13 or 15(d) (10-K) 2020-06-05.xlsx,balance_sheet,consolidated balance sheets,Goodwill,,,,,,,,,,,,,,,,7978.0,7978.0
GSIT (GSI Technology Inc.) Annual report pursuant to Section 13 or 15(d) (10-K) 2020-06-05,GSIT,10-K,2020-06-05,2020,GSIT (GSI Technology Inc.) Annual report pursuant to Section 13 or 15(d) (10-K) 2020-06-05.xlsx,balance_sheet,consolidated balance sheets,"Intangible assets, net",,,,,,,,,,,,,,,,2489.0,2722.0
GSIT (GSI Technology Inc.) Annual report pursuant to Section 13 or 15(d) (10-K) 2020-06-05,GSIT,10-K,2020-06-05,2020,GSIT (GSI Technology Inc.) Annual report pursuant to Section 13 or 15(d) (10-K) 2020-06-05.xlsx,balance_sheet,consolidated balance sheets,Other assets,,,,,,,,,,,,,,,,128.0,160.0
GSIT (GSI Technology Inc.) Annual report pursuant to Section 13 or 15(d) (10-K) 2020-06-05,GSIT,10-K,2020-06-05,2020,GSIT (GSI Technology Inc.) Annual report pursuant to Section 13 or 15(d) (10-K) 2020-06-05.xlsx,balance_sheet,consolidated balance sheets,Total assets,,,,,,,,,,,,,,,,,
GSIT (GSI Technology Inc.) Annual report pursuant to Section 13 or 15(d) (10-K) 2020-06-05,GSIT,10-K,2020-06-05,2020,GSIT (GSI Technology Inc.) Annual report pursuant to Section 13 or 15(d) (10-K) 2020-06-05.xlsx,balance_sheet,consolidated balance sheets,Accounts payable,,,,,,,,,,,,,,,,,
GSIT (GSI Technology Inc.) Annual report pursuant to Section 13 or 15(d) (10-K) 2020-06-05,GSIT,10-K,2020-06-05,2020,GSIT (GSI Technology Inc.) Annual report pursuant to Section 13 or 15(d) (10-K) 2020-06-05.xlsx,balance_sheet,consolidated balance sheets,"Lease liabilities, current",,,,,,,,,,,,,,,,498.0,
GSIT (GSI Technology Inc.) Annual report pursuant to Section 13 or 15(d) (10-K) 2020-06-05,GSIT,10-K,2020-06-05,2020,GSIT (GSI Technology Inc.) Annual report pursuant to Section 13 or 15(d) (10-K) 2020-06-05.xlsx,balance_sheet,consolidated balance sheets,Accrued expenses,,,,,,,,,,,,,,,,6578.0,6869.0
GSIT (GSI Technology Inc.) Annual report pursuant to Section 13 or 15(d) (10-K) 2020-06-05,GSIT,10-K,2020-06-05,2020,GSIT (GSI Technology Inc.) Annual report pursuant to Section 13 or 15(d) (10-K) 2020-06-05.xlsx,balance_sheet,consolidated balance sheets,Total current liabilities,,,,,,,,,,,,,,,,8260.0,8733.0
GSIT (GSI Technology Inc.) Annual report pursuant to Section 13 or 15(d) (10-K) 2020-06-05,GSIT,10-K,2020-06-05,2020,GSIT (GSI Technology Inc.) Annual report pursuant to Section 13 or 15(d) (10-K) 2020-06-05.xlsx,balance_sheet,consolidated balance sheets,Income taxes payable,,,,,,,,,,,,,,,,620.0,622.0
GSIT (GSI Technology Inc.) Annual report pursuant to Section 13 or 15(d) (10-K) 2020-06-05,GSIT,10-K,2020-06-05,2020,GSIT (GSI Technology Inc.) Annual report pursuant to Section 13 or 15(d) (10-K) 2020-06-05.xlsx,balance_sheet,consolidated balance sheets,"Lease liabilities, non-current",,,,,,,,,,,,,,,,142.0,
GSIT (GSI Technology Inc.) Annual report pursuant to Section 13 or 15(d) (10-K) 2020-06-05,GSIT,10-K,2020-06-05,2020,GSIT (GSI Technology Inc.) Annual report pursuant to Section 13 or 15(d) (10-K) 2020-06-05.xlsx,balance_sheet,consolidated balance sheets,"Contingent consideration, non-current",,,,,,,,,,,,,,,,3898.0,3713.0
GSIT (GSI Technology Inc.) Annual report pursuant to Section 13 or 15(d) (10-K) 2020-06-05,GSIT,10-K,2020-06-05,2020,GSIT (GSI Technology Inc.) Annual report pursuant to Section 13 or 15(d) (10-K) 2020-06-05.xlsx,balance_sheet,consolidated balance sheets,Total liabilities,,,,,,,,,,,,,,,,12920.0,13068.0
GSIT (GSI Technology Inc.) Annual report pursuant to Section 13 or 15(d) (10-K) 2020-06-05,GSIT,10-K,2020-06-05,2020,GSIT (GSI Technology Inc.) Annual report pursuant to Section 13 or 15(d) (10-K) 2020-06-05.xlsx,balance_sheet,consolidated balance sheets,"Preferred stock: $0.001 par value authorized: 5,000,000 shares; issued and outstanding: none",,,,,,,,,,,,,,,,,
GSIT (GSI Technology Inc.) Annual report pursuant to Section 13 or 15(d) (10-K) 2020-06-05,GSIT,10-K,2020-06-05,2020,GSIT (GSI Technology Inc.) Annual report pursuant to Section 13 or 15(d) (10-K) 2020-06-05.xlsx,balance_sheet,consolidated balance sheets,"Common Stock: $0.001 par value authorized: 150,000,000 shares; issued and outstanding:Â 23,229,286 and 22,320,156 shares, respectively",,,,,,,,,,,,,,,,23.0,22.0
GSIT (GSI Technology Inc.) Annual report pursuant to Section 13 or 15(d) (10-K) 2020-06-05,GSIT,10-K,2020-06-05,2020,GSIT (GSI Technology Inc.) Annual report pursuant to Section 13 or 15(d) (10-K) 2020-06-05.xlsx,balance_sheet,consolidated balance sheets,Additional paid-in capital,,,,,,,,,,,,,,,,40176.0,33462.0
GSIT (GSI Technology Inc.) Annual report pursuant to Section 13 or 15(d) (10-K) 2020-06-05,GSIT,10-K,2020-06-05,2020,GSIT (GSI Technology Inc.) Annual report pursuant to Section 13 or 15(d) (10-K) 2020-06-05.xlsx,balance_sheet,consolidated balance sheets,Accumulated other comprehensive income (loss),,,,,,,,,,,,,,,,71.0,-37.0
GSIT (GSI Technology Inc.) Annual report pursuant to Section 13 or 15(d) (10-K) 2020-06-05,GSIT,10-K,2020-06-05,2020,GSIT (GSI Technology Inc.) Annual report pursuant to Section 13 or 15(d) (10-K) 2020-06-05.xlsx,balance_sheet,consolidated balance sheets,Retained earnings,,,,,,,,,,,,,,,,49371.0,59708.0
GSIT (GSI Technology Inc.) Annual report pursuant to Section 13 or 15(d) (10-K) 2020-06-05,GSIT,10-K,2020-06-05,2020,GSIT (GSI Technology Inc.) Annual report pursuant to Section 13 or 15(d) (10-K) 2020-06-05.xlsx,balance_sheet,consolidated balance sheets,Stockholders equity,,,,,,,,,,,,,,,,89641.0,93155.0
GSIT (GSI Technology Inc.) Annual report pursuant to Section 13 or 15(d) (10-K) 2020-06-05,GSIT,10-K,2020-06-05,2020,GSIT (GSI Technology Inc.) Annual report pursuant to Section 13 or 15(d) (10-K) 2020-06-05.xlsx,balance_sheet,consolidated balance sheets,Total liabilities,,,,,,,,,,,,,,,,,
