filename,company,form_type,filing_date,year,source_file,statement_type,sheet_name,line_item,unnamed_2,unnamed_6,unnamed_10,unnamed_1,unnamed_3,unnamed_4,unnamed_5,unnamed_7,unnamed_8,unnamed_9
GSIT (GSI Technology Inc.) Annual report pursuant to Section 13 or 15(d) (10-K) 2011-06-02,GSIT,10-K,2011-06-02,2011,GSIT (GSI Technology Inc.) Annual report pursuant to Section 13 or 15(d) (10-K) 2011-06-02.xlsx,cash_flow,cash flows,Net income,18876.0,10383.0,9289.0,,,,,,,
GSIT (GSI Technology Inc.) Annual report pursuant to Section 13 or 15(d) (10-K) 2011-06-02,GSIT,10-K,2011-06-02,2011,GSIT (GSI Technology Inc.) Annual report pursuant to Section 13 or 15(d) (10-K) 2011-06-02.xlsx,cash_flow,cash flows,"Allowance for sales returns, doubtful accounts and other",4.0,-22.0,7.0,,,,,,,
GSIT (GSI Technology Inc.) Annual report pursuant to Section 13 or 15(d) (10-K) 2011-06-02,GSIT,10-K,2011-06-02,2011,GSIT (GSI Technology Inc.) Annual report pursuant to Section 13 or 15(d) (10-K) 2011-06-02.xlsx,cash_flow,cash flows,Gain on bargain purchase,,-1099.0,,,,,,,,
GSIT (GSI Technology Inc.) Annual report pursuant to Section 13 or 15(d) (10-K) 2011-06-02,GSIT,10-K,2011-06-02,2011,GSIT (GSI Technology Inc.) Annual report pursuant to Section 13 or 15(d) (10-K) 2011-06-02.xlsx,cash_flow,cash flows,Inventories,1132.0,394.0,942.0,,,,,,,
GSIT (GSI Technology Inc.) Annual report pursuant to Section 13 or 15(d) (10-K) 2011-06-02,GSIT,10-K,2011-06-02,2011,GSIT (GSI Technology Inc.) Annual report pursuant to Section 13 or 15(d) (10-K) 2011-06-02.xlsx,cash_flow,cash flows,Depreciation and amortization,2794.0,2196.0,1362.0,,,,,,,
GSIT (GSI Technology Inc.) Annual report pursuant to Section 13 or 15(d) (10-K) 2011-06-02,GSIT,10-K,2011-06-02,2011,GSIT (GSI Technology Inc.) Annual report pursuant to Section 13 or 15(d) (10-K) 2011-06-02.xlsx,cash_flow,cash flows,Stock-based compensation,1712.0,1479.0,1328.0,,,,,,,
GSIT (GSI Technology Inc.) Annual report pursuant to Section 13 or 15(d) (10-K) 2011-06-02,GSIT,10-K,2011-06-02,2011,GSIT (GSI Technology Inc.) Annual report pursuant to Section 13 or 15(d) (10-K) 2011-06-02.xlsx,cash_flow,cash flows,Deferred income taxes,-455.0,-299.0,591.0,,,,,,,
GSIT (GSI Technology Inc.) Annual report pursuant to Section 13 or 15(d) (10-K) 2011-06-02,GSIT,10-K,2011-06-02,2011,GSIT (GSI Technology Inc.) Annual report pursuant to Section 13 or 15(d) (10-K) 2011-06-02.xlsx,cash_flow,cash flows,Windfall tax benefits from stock options exercised,-882.0,-612.0,-280.0,,,,,,,
GSIT (GSI Technology Inc.) Annual report pursuant to Section 13 or 15(d) (10-K) 2011-06-02,GSIT,10-K,2011-06-02,2011,GSIT (GSI Technology Inc.) Annual report pursuant to Section 13 or 15(d) (10-K) 2011-06-02.xlsx,cash_flow,cash flows,Amortization of bond premium on investments,811.0,1000.0,876.0,,,,,,,
GSIT (GSI Technology Inc.) Annual report pursuant to Section 13 or 15(d) (10-K) 2011-06-02,GSIT,10-K,2011-06-02,2011,GSIT (GSI Technology Inc.) Annual report pursuant to Section 13 or 15(d) (10-K) 2011-06-02.xlsx,cash_flow,cash flows,Accounts receivable,-5805.0,-3597.0,1847.0,,,,,,,
GSIT (GSI Technology Inc.) Annual report pursuant to Section 13 or 15(d) (10-K) 2011-06-02,GSIT,10-K,2011-06-02,2011,GSIT (GSI Technology Inc.) Annual report pursuant to Section 13 or 15(d) (10-K) 2011-06-02.xlsx,cash_flow,cash flows,Inventory,-7076.0,-1133.0,3767.0,,,,,,,
GSIT (GSI Technology Inc.) Annual report pursuant to Section 13 or 15(d) (10-K) 2011-06-02,GSIT,10-K,2011-06-02,2011,GSIT (GSI Technology Inc.) Annual report pursuant to Section 13 or 15(d) (10-K) 2011-06-02.xlsx,cash_flow,cash flows,Prepaid expenses and other assets,-1959.0,-968.0,-631.0,,,,,,,
GSIT (GSI Technology Inc.) Annual report pursuant to Section 13 or 15(d) (10-K) 2011-06-02,GSIT,10-K,2011-06-02,2011,GSIT (GSI Technology Inc.) Annual report pursuant to Section 13 or 15(d) (10-K) 2011-06-02.xlsx,cash_flow,cash flows,Accounts payable,-760.0,3404.0,-1322.0,,,,,,,
GSIT (GSI Technology Inc.) Annual report pursuant to Section 13 or 15(d) (10-K) 2011-06-02,GSIT,10-K,2011-06-02,2011,GSIT (GSI Technology Inc.) Annual report pursuant to Section 13 or 15(d) (10-K) 2011-06-02.xlsx,cash_flow,cash flows,Accrued expenses,3023.0,1995.0,628.0,,,,,,,
GSIT (GSI Technology Inc.) Annual report pursuant to Section 13 or 15(d) (10-K) 2011-06-02,GSIT,10-K,2011-06-02,2011,GSIT (GSI Technology Inc.) Annual report pursuant to Section 13 or 15(d) (10-K) 2011-06-02.xlsx,cash_flow,cash flows,Deferred revenue,1932.0,580.0,-2207.0,,,,,,,
GSIT (GSI Technology Inc.) Annual report pursuant to Section 13 or 15(d) (10-K) 2011-06-02,GSIT,10-K,2011-06-02,2011,GSIT (GSI Technology Inc.) Annual report pursuant to Section 13 or 15(d) (10-K) 2011-06-02.xlsx,cash_flow,cash flows,Net cash provided by operating activities,13347.0,13701.0,16197.0,,,,,,,
GSIT (GSI Technology Inc.) Annual report pursuant to Section 13 or 15(d) (10-K) 2011-06-02,GSIT,10-K,2011-06-02,2011,GSIT (GSI Technology Inc.) Annual report pursuant to Section 13 or 15(d) (10-K) 2011-06-02.xlsx,cash_flow,cash flows,Purchase of investments,-48988.0,-28669.0,-49713.0,,,,,,,
GSIT (GSI Technology Inc.) Annual report pursuant to Section 13 or 15(d) (10-K) 2011-06-02,GSIT,10-K,2011-06-02,2011,GSIT (GSI Technology Inc.) Annual report pursuant to Section 13 or 15(d) (10-K) 2011-06-02.xlsx,cash_flow,cash flows,Short-term investments,35755.0,37186.0,34154.0,,,,,,,
GSIT (GSI Technology Inc.) Annual report pursuant to Section 13 or 15(d) (10-K) 2011-06-02,GSIT,10-K,2011-06-02,2011,GSIT (GSI Technology Inc.) Annual report pursuant to Section 13 or 15(d) (10-K) 2011-06-02.xlsx,cash_flow,cash flows,Acquisition of new business,,-6327.0,,,,,,,,
GSIT (GSI Technology Inc.) Annual report pursuant to Section 13 or 15(d) (10-K) 2011-06-02,GSIT,10-K,2011-06-02,2011,GSIT (GSI Technology Inc.) Annual report pursuant to Section 13 or 15(d) (10-K) 2011-06-02.xlsx,cash_flow,cash flows,Property and equipment,-4300.0,-6022.0,-674.0,,,,,,,
GSIT (GSI Technology Inc.) Annual report pursuant to Section 13 or 15(d) (10-K) 2011-06-02,GSIT,10-K,2011-06-02,2011,GSIT (GSI Technology Inc.) Annual report pursuant to Section 13 or 15(d) (10-K) 2011-06-02.xlsx,cash_flow,cash flows,Net cash used in investing activities,-17533.0,-3832.0,-16233.0,,,,,,,
GSIT (GSI Technology Inc.) Annual report pursuant to Section 13 or 15(d) (10-K) 2011-06-02,GSIT,10-K,2011-06-02,2011,GSIT (GSI Technology Inc.) Annual report pursuant to Section 13 or 15(d) (10-K) 2011-06-02.xlsx,cash_flow,cash flows,Repurchase of common stock,,-58.0,-4090.0,,,,,,,
GSIT (GSI Technology Inc.) Annual report pursuant to Section 13 or 15(d) (10-K) 2011-06-02,GSIT,10-K,2011-06-02,2011,GSIT (GSI Technology Inc.) Annual report pursuant to Section 13 or 15(d) (10-K) 2011-06-02.xlsx,cash_flow,cash flows,Windfall tax benefits from stock options exercised,882.0,612.0,280.0,,,,,,,
GSIT (GSI Technology Inc.) Annual report pursuant to Section 13 or 15(d) (10-K) 2011-06-02,GSIT,10-K,2011-06-02,2011,GSIT (GSI Technology Inc.) Annual report pursuant to Section 13 or 15(d) (10-K) 2011-06-02.xlsx,cash_flow,cash flows,Proceeds from issuance of common stock under employee stock plans,4598.0,1638.0,544.0,,,,,,,
GSIT (GSI Technology Inc.) Annual report pursuant to Section 13 or 15(d) (10-K) 2011-06-02,GSIT,10-K,2011-06-02,2011,GSIT (GSI Technology Inc.) Annual report pursuant to Section 13 or 15(d) (10-K) 2011-06-02.xlsx,cash_flow,cash flows,Net cash provided by (used in) financing activities,5480.0,2192.0,-3266.0,,,,,,,
GSIT (GSI Technology Inc.) Annual report pursuant to Section 13 or 15(d) (10-K) 2011-06-02,GSIT,10-K,2011-06-02,2011,GSIT (GSI Technology Inc.) Annual report pursuant to Section 13 or 15(d) (10-K) 2011-06-02.xlsx,cash_flow,cash flows,Cash and cash equivalents,1294.0,12061.0,-3302.0,,,,,,,
GSIT (GSI Technology Inc.) Annual report pursuant to Section 13 or 15(d) (10-K) 2011-06-02,GSIT,10-K,2011-06-02,2011,GSIT (GSI Technology Inc.) Annual report pursuant to Section 13 or 15(d) (10-K) 2011-06-02.xlsx,cash_flow,cash flows,Cash and cash equivalents,24658.0,12597.0,15899.0,,,,,,,
GSIT (GSI Technology Inc.) Annual report pursuant to Section 13 or 15(d) (10-K) 2011-06-02,GSIT,10-K,2011-06-02,2011,GSIT (GSI Technology Inc.) Annual report pursuant to Section 13 or 15(d) (10-K) 2011-06-02.xlsx,cash_flow,cash flows,Cash and cash equivalents,25952.0,24658.0,12597.0,,,,,,,
GSIT (GSI Technology Inc.) Annual report pursuant to Section 13 or 15(d) (10-K) 2011-06-02,GSIT,10-K,2011-06-02,2011,GSIT (GSI Technology Inc.) Annual report pursuant to Section 13 or 15(d) (10-K) 2011-06-02.xlsx,cash_flow,cash flows,Property and equipment,261.0,746.0,259.0,,,,,,,
GSIT (GSI Technology Inc.) Annual report pursuant to Section 13 or 15(d) (10-K) 2011-06-02,GSIT,10-K,2011-06-02,2011,GSIT (GSI Technology Inc.) Annual report pursuant to Section 13 or 15(d) (10-K) 2011-06-02.xlsx,cash_flow,cash flows,Cash paid for income taxes,4827.0,1229.0,2732.0,,,,,,,
GSIT (GSI Technology Inc.) Annual report pursuant to Section 13 or 15(d) (10-K) 2011-06-02,GSIT,10-K,2011-06-02,2011,GSIT (GSI Technology Inc.) Annual report pursuant to Section 13 or 15(d) (10-K) 2011-06-02.xlsx,cash_flow,cash flows,Fair value of assets acquired,,8013.0,,,,,,,,
GSIT (GSI Technology Inc.) Annual report pursuant to Section 13 or 15(d) (10-K) 2011-06-02,GSIT,10-K,2011-06-02,2011,GSIT (GSI Technology Inc.) Annual report pursuant to Section 13 or 15(d) (10-K) 2011-06-02.xlsx,cash_flow,cash flows,Gain on bargain purchase,,-1099.0,,,,,,,,
GSIT (GSI Technology Inc.) Annual report pursuant to Section 13 or 15(d) (10-K) 2011-06-02,GSIT,10-K,2011-06-02,2011,GSIT (GSI Technology Inc.) Annual report pursuant to Section 13 or 15(d) (10-K) 2011-06-02.xlsx,cash_flow,cash flows,Unpaid purchase consideration,,-587.0,,,,,,,,
GSIT (GSI Technology Inc.) Annual report pursuant to Section 13 or 15(d) (10-K) 2011-06-02,GSIT,10-K,2011-06-02,2011,GSIT (GSI Technology Inc.) Annual report pursuant to Section 13 or 15(d) (10-K) 2011-06-02.xlsx,cash_flow,cash flows,"Acquisition of new business, net of gain",,6327.0,,,,,,,,
GSIT (GSI Technology Inc.) Annual report pursuant to Section 13 or 15(d) (10-K) 2011-06-02,GSIT,10-K,2011-06-02,2011,GSIT (GSI Technology Inc.) Annual report pursuant to Section 13 or 15(d) (10-K) 2011-06-02.xlsx,cash_flow,cash flows-1,Net income,18876.0,10383.0,9289.0,,,,,,,
GSIT (GSI Technology Inc.) Annual report pursuant to Section 13 or 15(d) (10-K) 2011-06-02,GSIT,10-K,2011-06-02,2011,GSIT (GSI Technology Inc.) Annual report pursuant to Section 13 or 15(d) (10-K) 2011-06-02.xlsx,cash_flow,cash flows-1,Weighted average shares—Basic,28013.0,27105.0,27735.0,,,,,,,
GSIT (GSI Technology Inc.) Annual report pursuant to Section 13 or 15(d) (10-K) 2011-06-02,GSIT,10-K,2011-06-02,2011,GSIT (GSI Technology Inc.) Annual report pursuant to Section 13 or 15(d) (10-K) 2011-06-02.xlsx,cash_flow,cash flows-1,Dilutive effect of employee stock options,1661.0,567.0,650.0,,,,,,,
GSIT (GSI Technology Inc.) Annual report pursuant to Section 13 or 15(d) (10-K) 2011-06-02,GSIT,10-K,2011-06-02,2011,GSIT (GSI Technology Inc.) Annual report pursuant to Section 13 or 15(d) (10-K) 2011-06-02.xlsx,cash_flow,cash flows-1,Dilutive effect of employee stock purchase plan options,11.0,16.0,1.0,,,,,,,
GSIT (GSI Technology Inc.) Annual report pursuant to Section 13 or 15(d) (10-K) 2011-06-02,GSIT,10-K,2011-06-02,2011,GSIT (GSI Technology Inc.) Annual report pursuant to Section 13 or 15(d) (10-K) 2011-06-02.xlsx,cash_flow,cash flows-1,Weighted average shares—Dilutive,29685.0,27688.0,28386.0,,,,,,,
GSIT (GSI Technology Inc.) Annual report pursuant to Section 13 or 15(d) (10-K) 2011-06-02,GSIT,10-K,2011-06-02,2011,GSIT (GSI Technology Inc.) Annual report pursuant to Section 13 or 15(d) (10-K) 2011-06-02.xlsx,cash_flow,cash flows-1,Net income,0.67,0.38,0.33,,,,,,,
GSIT (GSI Technology Inc.) Annual report pursuant to Section 13 or 15(d) (10-K) 2011-06-02,GSIT,10-K,2011-06-02,2011,GSIT (GSI Technology Inc.) Annual report pursuant to Section 13 or 15(d) (10-K) 2011-06-02.xlsx,cash_flow,cash flows-1,Net income,0.64,0.38,0.33,,,,,,,
GSIT (GSI Technology Inc.) Annual report pursuant to Section 13 or 15(d) (10-K) 2011-06-02,GSIT,10-K,2011-06-02,2011,GSIT (GSI Technology Inc.) Annual report pursuant to Section 13 or 15(d) (10-K) 2011-06-02.xlsx,cash_flow,cash flows-2,Shares underlying options,416.0,,,,,,3633.0,,3062.0,
GSIT (GSI Technology Inc.) Annual report pursuant to Section 13 or 15(d) (10-K) 2012-06-04,GSIT,10-K,2012-06-04,2012,GSIT (GSI Technology Inc.) Annual report pursuant to Section 13 or 15(d) (10-K) 2012-06-04.xlsx,cash_flow,cash flows,Net income,6756.0,18876.0,10383.0,,,,,,,
GSIT (GSI Technology Inc.) Annual report pursuant to Section 13 or 15(d) (10-K) 2012-06-04,GSIT,10-K,2012-06-04,2012,GSIT (GSI Technology Inc.) Annual report pursuant to Section 13 or 15(d) (10-K) 2012-06-04.xlsx,cash_flow,cash flows,"Allowance for sales returns, doubtful accounts and other",-5.0,4.0,-22.0,,,,,,,
GSIT (GSI Technology Inc.) Annual report pursuant to Section 13 or 15(d) (10-K) 2012-06-04,GSIT,10-K,2012-06-04,2012,GSIT (GSI Technology Inc.) Annual report pursuant to Section 13 or 15(d) (10-K) 2012-06-04.xlsx,cash_flow,cash flows,Gain on bargain purchase,,,-1099.0,,,,,,,
GSIT (GSI Technology Inc.) Annual report pursuant to Section 13 or 15(d) (10-K) 2012-06-04,GSIT,10-K,2012-06-04,2012,GSIT (GSI Technology Inc.) Annual report pursuant to Section 13 or 15(d) (10-K) 2012-06-04.xlsx,cash_flow,cash flows,Inventories,696.0,1132.0,394.0,,,,,,,
GSIT (GSI Technology Inc.) Annual report pursuant to Section 13 or 15(d) (10-K) 2012-06-04,GSIT,10-K,2012-06-04,2012,GSIT (GSI Technology Inc.) Annual report pursuant to Section 13 or 15(d) (10-K) 2012-06-04.xlsx,cash_flow,cash flows,Depreciation and amortization,2611.0,2794.0,2196.0,,,,,,,
GSIT (GSI Technology Inc.) Annual report pursuant to Section 13 or 15(d) (10-K) 2012-06-04,GSIT,10-K,2012-06-04,2012,GSIT (GSI Technology Inc.) Annual report pursuant to Section 13 or 15(d) (10-K) 2012-06-04.xlsx,cash_flow,cash flows,Stock-based compensation,2096.0,1712.0,1479.0,,,,,,,
GSIT (GSI Technology Inc.) Annual report pursuant to Section 13 or 15(d) (10-K) 2012-06-04,GSIT,10-K,2012-06-04,2012,GSIT (GSI Technology Inc.) Annual report pursuant to Section 13 or 15(d) (10-K) 2012-06-04.xlsx,cash_flow,cash flows,Deferred income taxes,632.0,-455.0,-299.0,,,,,,,
GSIT (GSI Technology Inc.) Annual report pursuant to Section 13 or 15(d) (10-K) 2012-06-04,GSIT,10-K,2012-06-04,2012,GSIT (GSI Technology Inc.) Annual report pursuant to Section 13 or 15(d) (10-K) 2012-06-04.xlsx,cash_flow,cash flows,Windfall tax benefits from stock options exercised,-75.0,-882.0,-612.0,,,,,,,
GSIT (GSI Technology Inc.) Annual report pursuant to Section 13 or 15(d) (10-K) 2012-06-04,GSIT,10-K,2012-06-04,2012,GSIT (GSI Technology Inc.) Annual report pursuant to Section 13 or 15(d) (10-K) 2012-06-04.xlsx,cash_flow,cash flows,Amortization of bond premium on investments,1256.0,811.0,1000.0,,,,,,,
GSIT (GSI Technology Inc.) Annual report pursuant to Section 13 or 15(d) (10-K) 2012-06-04,GSIT,10-K,2012-06-04,2012,GSIT (GSI Technology Inc.) Annual report pursuant to Section 13 or 15(d) (10-K) 2012-06-04.xlsx,cash_flow,cash flows,Accounts receivable,4468.0,-5805.0,-3597.0,,,,,,,
GSIT (GSI Technology Inc.) Annual report pursuant to Section 13 or 15(d) (10-K) 2012-06-04,GSIT,10-K,2012-06-04,2012,GSIT (GSI Technology Inc.) Annual report pursuant to Section 13 or 15(d) (10-K) 2012-06-04.xlsx,cash_flow,cash flows,Inventory,3959.0,-7076.0,-1133.0,,,,,,,
GSIT (GSI Technology Inc.) Annual report pursuant to Section 13 or 15(d) (10-K) 2012-06-04,GSIT,10-K,2012-06-04,2012,GSIT (GSI Technology Inc.) Annual report pursuant to Section 13 or 15(d) (10-K) 2012-06-04.xlsx,cash_flow,cash flows,Prepaid expenses and other assets,-2599.0,-1959.0,-968.0,,,,,,,
GSIT (GSI Technology Inc.) Annual report pursuant to Section 13 or 15(d) (10-K) 2012-06-04,GSIT,10-K,2012-06-04,2012,GSIT (GSI Technology Inc.) Annual report pursuant to Section 13 or 15(d) (10-K) 2012-06-04.xlsx,cash_flow,cash flows,Accounts payable,-17.0,-760.0,3404.0,,,,,,,
GSIT (GSI Technology Inc.) Annual report pursuant to Section 13 or 15(d) (10-K) 2012-06-04,GSIT,10-K,2012-06-04,2012,GSIT (GSI Technology Inc.) Annual report pursuant to Section 13 or 15(d) (10-K) 2012-06-04.xlsx,cash_flow,cash flows,Accrued expenses,-242.0,3023.0,1995.0,,,,,,,
GSIT (GSI Technology Inc.) Annual report pursuant to Section 13 or 15(d) (10-K) 2012-06-04,GSIT,10-K,2012-06-04,2012,GSIT (GSI Technology Inc.) Annual report pursuant to Section 13 or 15(d) (10-K) 2012-06-04.xlsx,cash_flow,cash flows,Deferred revenue,-2578.0,1932.0,580.0,,,,,,,
GSIT (GSI Technology Inc.) Annual report pursuant to Section 13 or 15(d) (10-K) 2012-06-04,GSIT,10-K,2012-06-04,2012,GSIT (GSI Technology Inc.) Annual report pursuant to Section 13 or 15(d) (10-K) 2012-06-04.xlsx,cash_flow,cash flows,Net cash provided by operating activities,16958.0,13347.0,13701.0,,,,,,,
GSIT (GSI Technology Inc.) Annual report pursuant to Section 13 or 15(d) (10-K) 2012-06-04,GSIT,10-K,2012-06-04,2012,GSIT (GSI Technology Inc.) Annual report pursuant to Section 13 or 15(d) (10-K) 2012-06-04.xlsx,cash_flow,cash flows,Purchase of investments,-38166.0,-48988.0,-28669.0,,,,,,,
GSIT (GSI Technology Inc.) Annual report pursuant to Section 13 or 15(d) (10-K) 2012-06-04,GSIT,10-K,2012-06-04,2012,GSIT (GSI Technology Inc.) Annual report pursuant to Section 13 or 15(d) (10-K) 2012-06-04.xlsx,cash_flow,cash flows,Short-term investments,33327.0,35755.0,37186.0,,,,,,,
GSIT (GSI Technology Inc.) Annual report pursuant to Section 13 or 15(d) (10-K) 2012-06-04,GSIT,10-K,2012-06-04,2012,GSIT (GSI Technology Inc.) Annual report pursuant to Section 13 or 15(d) (10-K) 2012-06-04.xlsx,cash_flow,cash flows,Acquisition of new business,,,-6327.0,,,,,,,
GSIT (GSI Technology Inc.) Annual report pursuant to Section 13 or 15(d) (10-K) 2012-06-04,GSIT,10-K,2012-06-04,2012,GSIT (GSI Technology Inc.) Annual report pursuant to Section 13 or 15(d) (10-K) 2012-06-04.xlsx,cash_flow,cash flows,Property and equipment,-1679.0,-4300.0,-6022.0,,,,,,,
GSIT (GSI Technology Inc.) Annual report pursuant to Section 13 or 15(d) (10-K) 2012-06-04,GSIT,10-K,2012-06-04,2012,GSIT (GSI Technology Inc.) Annual report pursuant to Section 13 or 15(d) (10-K) 2012-06-04.xlsx,cash_flow,cash flows,Net cash used in investing activities,-6518.0,-17533.0,-3832.0,,,,,,,
GSIT (GSI Technology Inc.) Annual report pursuant to Section 13 or 15(d) (10-K) 2012-06-04,GSIT,10-K,2012-06-04,2012,GSIT (GSI Technology Inc.) Annual report pursuant to Section 13 or 15(d) (10-K) 2012-06-04.xlsx,cash_flow,cash flows,Repurchase of common stock,-6337.0,,-58.0,,,,,,,
GSIT (GSI Technology Inc.) Annual report pursuant to Section 13 or 15(d) (10-K) 2012-06-04,GSIT,10-K,2012-06-04,2012,GSIT (GSI Technology Inc.) Annual report pursuant to Section 13 or 15(d) (10-K) 2012-06-04.xlsx,cash_flow,cash flows,Windfall tax benefits from stock options exercised,75.0,882.0,612.0,,,,,,,
GSIT (GSI Technology Inc.) Annual report pursuant to Section 13 or 15(d) (10-K) 2012-06-04,GSIT,10-K,2012-06-04,2012,GSIT (GSI Technology Inc.) Annual report pursuant to Section 13 or 15(d) (10-K) 2012-06-04.xlsx,cash_flow,cash flows,Proceeds from issuance of common stock under employee stock plans,1504.0,4598.0,1638.0,,,,,,,
GSIT (GSI Technology Inc.) Annual report pursuant to Section 13 or 15(d) (10-K) 2012-06-04,GSIT,10-K,2012-06-04,2012,GSIT (GSI Technology Inc.) Annual report pursuant to Section 13 or 15(d) (10-K) 2012-06-04.xlsx,cash_flow,cash flows,Net cash provided by (used in) financing activities,-4758.0,5480.0,2192.0,,,,,,,
GSIT (GSI Technology Inc.) Annual report pursuant to Section 13 or 15(d) (10-K) 2012-06-04,GSIT,10-K,2012-06-04,2012,GSIT (GSI Technology Inc.) Annual report pursuant to Section 13 or 15(d) (10-K) 2012-06-04.xlsx,cash_flow,cash flows,Cash and cash equivalents,5682.0,1294.0,12061.0,,,,,,,
GSIT (GSI Technology Inc.) Annual report pursuant to Section 13 or 15(d) (10-K) 2012-06-04,GSIT,10-K,2012-06-04,2012,GSIT (GSI Technology Inc.) Annual report pursuant to Section 13 or 15(d) (10-K) 2012-06-04.xlsx,cash_flow,cash flows,Cash and cash equivalents,25952.0,24658.0,12597.0,,,,,,,
GSIT (GSI Technology Inc.) Annual report pursuant to Section 13 or 15(d) (10-K) 2012-06-04,GSIT,10-K,2012-06-04,2012,GSIT (GSI Technology Inc.) Annual report pursuant to Section 13 or 15(d) (10-K) 2012-06-04.xlsx,cash_flow,cash flows,Cash and cash equivalents,31634.0,25952.0,24658.0,,,,,,,
GSIT (GSI Technology Inc.) Annual report pursuant to Section 13 or 15(d) (10-K) 2012-06-04,GSIT,10-K,2012-06-04,2012,GSIT (GSI Technology Inc.) Annual report pursuant to Section 13 or 15(d) (10-K) 2012-06-04.xlsx,cash_flow,cash flows,Property and equipment,274.0,261.0,746.0,,,,,,,
GSIT (GSI Technology Inc.) Annual report pursuant to Section 13 or 15(d) (10-K) 2012-06-04,GSIT,10-K,2012-06-04,2012,GSIT (GSI Technology Inc.) Annual report pursuant to Section 13 or 15(d) (10-K) 2012-06-04.xlsx,cash_flow,cash flows,Cash paid for income taxes,3256.0,4827.0,1229.0,,,,,,,
GSIT (GSI Technology Inc.) Annual report pursuant to Section 13 or 15(d) (10-K) 2012-06-04,GSIT,10-K,2012-06-04,2012,GSIT (GSI Technology Inc.) Annual report pursuant to Section 13 or 15(d) (10-K) 2012-06-04.xlsx,cash_flow,cash flows,Fair value of assets acquired,,,8013.0,,,,,,,
GSIT (GSI Technology Inc.) Annual report pursuant to Section 13 or 15(d) (10-K) 2012-06-04,GSIT,10-K,2012-06-04,2012,GSIT (GSI Technology Inc.) Annual report pursuant to Section 13 or 15(d) (10-K) 2012-06-04.xlsx,cash_flow,cash flows,Gain on bargain purchase,,,-1099.0,,,,,,,
GSIT (GSI Technology Inc.) Annual report pursuant to Section 13 or 15(d) (10-K) 2012-06-04,GSIT,10-K,2012-06-04,2012,GSIT (GSI Technology Inc.) Annual report pursuant to Section 13 or 15(d) (10-K) 2012-06-04.xlsx,cash_flow,cash flows,Unpaid purchase consideration,,,-587.0,,,,,,,
GSIT (GSI Technology Inc.) Annual report pursuant to Section 13 or 15(d) (10-K) 2012-06-04,GSIT,10-K,2012-06-04,2012,GSIT (GSI Technology Inc.) Annual report pursuant to Section 13 or 15(d) (10-K) 2012-06-04.xlsx,cash_flow,cash flows,"Acquisition of new business, net of gain",,,6327.0,,,,,,,
GSIT (GSI Technology Inc.) Annual report pursuant to Section 13 or 15(d) (10-K) 2012-06-04,GSIT,10-K,2012-06-04,2012,GSIT (GSI Technology Inc.) Annual report pursuant to Section 13 or 15(d) (10-K) 2012-06-04.xlsx,cash_flow,cash flows-1,Net income,6756.0,18876.0,10383.0,,,,,,,
GSIT (GSI Technology Inc.) Annual report pursuant to Section 13 or 15(d) (10-K) 2012-06-04,GSIT,10-K,2012-06-04,2012,GSIT (GSI Technology Inc.) Annual report pursuant to Section 13 or 15(d) (10-K) 2012-06-04.xlsx,cash_flow,cash flows-1,Weighted average shares—Basic,28497.0,28013.0,27105.0,,,,,,,
GSIT (GSI Technology Inc.) Annual report pursuant to Section 13 or 15(d) (10-K) 2012-06-04,GSIT,10-K,2012-06-04,2012,GSIT (GSI Technology Inc.) Annual report pursuant to Section 13 or 15(d) (10-K) 2012-06-04.xlsx,cash_flow,cash flows-1,Dilutive effect of employee stock options,998.0,1661.0,567.0,,,,,,,
GSIT (GSI Technology Inc.) Annual report pursuant to Section 13 or 15(d) (10-K) 2012-06-04,GSIT,10-K,2012-06-04,2012,GSIT (GSI Technology Inc.) Annual report pursuant to Section 13 or 15(d) (10-K) 2012-06-04.xlsx,cash_flow,cash flows-1,Dilutive effect of employee stock purchase plan options,1.0,11.0,16.0,,,,,,,
GSIT (GSI Technology Inc.) Annual report pursuant to Section 13 or 15(d) (10-K) 2012-06-04,GSIT,10-K,2012-06-04,2012,GSIT (GSI Technology Inc.) Annual report pursuant to Section 13 or 15(d) (10-K) 2012-06-04.xlsx,cash_flow,cash flows-1,Weighted average shares—Dilutive,29496.0,29685.0,27688.0,,,,,,,
GSIT (GSI Technology Inc.) Annual report pursuant to Section 13 or 15(d) (10-K) 2012-06-04,GSIT,10-K,2012-06-04,2012,GSIT (GSI Technology Inc.) Annual report pursuant to Section 13 or 15(d) (10-K) 2012-06-04.xlsx,cash_flow,cash flows-1,Net income,0.24,0.67,0.38,,,,,,,
GSIT (GSI Technology Inc.) Annual report pursuant to Section 13 or 15(d) (10-K) 2012-06-04,GSIT,10-K,2012-06-04,2012,GSIT (GSI Technology Inc.) Annual report pursuant to Section 13 or 15(d) (10-K) 2012-06-04.xlsx,cash_flow,cash flows-1,Net income,0.23,0.64,0.38,,,,,,,
GSIT (GSI Technology Inc.) Annual report pursuant to Section 13 or 15(d) (10-K) 2015-06-11,GSIT,10-K,2015-06-11,2015,GSIT (GSI Technology Inc.) Annual report pursuant to Section 13 or 15(d) (10-K) 2015-06-11.xlsx,cash_flow,cash flows,Net income,,,,,,,,,,
GSIT (GSI Technology Inc.) Annual report pursuant to Section 13 or 15(d) (10-K) 2015-06-11,GSIT,10-K,2015-06-11,2015,GSIT (GSI Technology Inc.) Annual report pursuant to Section 13 or 15(d) (10-K) 2015-06-11.xlsx,cash_flow,cash flows,"Allowance for sales returns, doubtful accounts and other",,-5.0,,,-8.0,,,,,16.0
GSIT (GSI Technology Inc.) Annual report pursuant to Section 13 or 15(d) (10-K) 2015-06-11,GSIT,10-K,2015-06-11,2015,GSIT (GSI Technology Inc.) Annual report pursuant to Section 13 or 15(d) (10-K) 2015-06-11.xlsx,cash_flow,cash flows,Inventories,,2079.0,,,1067.0,,,,,777.0
GSIT (GSI Technology Inc.) Annual report pursuant to Section 13 or 15(d) (10-K) 2015-06-11,GSIT,10-K,2015-06-11,2015,GSIT (GSI Technology Inc.) Annual report pursuant to Section 13 or 15(d) (10-K) 2015-06-11.xlsx,cash_flow,cash flows,Depreciation and amortization,,1981.0,,,1633.0,,,,,2375.0
GSIT (GSI Technology Inc.) Annual report pursuant to Section 13 or 15(d) (10-K) 2015-06-11,GSIT,10-K,2015-06-11,2015,GSIT (GSI Technology Inc.) Annual report pursuant to Section 13 or 15(d) (10-K) 2015-06-11.xlsx,cash_flow,cash flows,Stock-based compensation,,2228.0,,,2077.0,,,,,2278.0
GSIT (GSI Technology Inc.) Annual report pursuant to Section 13 or 15(d) (10-K) 2015-06-11,GSIT,10-K,2015-06-11,2015,GSIT (GSI Technology Inc.) Annual report pursuant to Section 13 or 15(d) (10-K) 2015-06-11.xlsx,cash_flow,cash flows,Deferred income taxes,,1224.0,,,,,,,,-127.0
GSIT (GSI Technology Inc.) Annual report pursuant to Section 13 or 15(d) (10-K) 2015-06-11,GSIT,10-K,2015-06-11,2015,GSIT (GSI Technology Inc.) Annual report pursuant to Section 13 or 15(d) (10-K) 2015-06-11.xlsx,cash_flow,cash flows,Windfall tax benefits from stock options exercised,,33.0,,,,,,,,-92.0
GSIT (GSI Technology Inc.) Annual report pursuant to Section 13 or 15(d) (10-K) 2015-06-11,GSIT,10-K,2015-06-11,2015,GSIT (GSI Technology Inc.) Annual report pursuant to Section 13 or 15(d) (10-K) 2015-06-11.xlsx,cash_flow,cash flows,Amortization of bond premium on investments,,842.0,,,593.0,,,,,1015.0
GSIT (GSI Technology Inc.) Annual report pursuant to Section 13 or 15(d) (10-K) 2015-06-11,GSIT,10-K,2015-06-11,2015,GSIT (GSI Technology Inc.) Annual report pursuant to Section 13 or 15(d) (10-K) 2015-06-11.xlsx,cash_flow,cash flows,Accounts receivable,,2008.0,,,-11.0,,,,,322.0
GSIT (GSI Technology Inc.) Annual report pursuant to Section 13 or 15(d) (10-K) 2015-06-11,GSIT,10-K,2015-06-11,2015,GSIT (GSI Technology Inc.) Annual report pursuant to Section 13 or 15(d) (10-K) 2015-06-11.xlsx,cash_flow,cash flows,Inventory,,3545.0,,,-1294.0,,,,,2139.0
GSIT (GSI Technology Inc.) Annual report pursuant to Section 13 or 15(d) (10-K) 2015-06-11,GSIT,10-K,2015-06-11,2015,GSIT (GSI Technology Inc.) Annual report pursuant to Section 13 or 15(d) (10-K) 2015-06-11.xlsx,cash_flow,cash flows,Prepaid expenses and other assets,,1046.0,,,2854.0,,,,,2523.0
GSIT (GSI Technology Inc.) Annual report pursuant to Section 13 or 15(d) (10-K) 2015-06-11,GSIT,10-K,2015-06-11,2015,GSIT (GSI Technology Inc.) Annual report pursuant to Section 13 or 15(d) (10-K) 2015-06-11.xlsx,cash_flow,cash flows,Accounts payable,,1066.0,,,-1915.0,,,,,-1607.0
GSIT (GSI Technology Inc.) Annual report pursuant to Section 13 or 15(d) (10-K) 2015-06-11,GSIT,10-K,2015-06-11,2015,GSIT (GSI Technology Inc.) Annual report pursuant to Section 13 or 15(d) (10-K) 2015-06-11.xlsx,cash_flow,cash flows,Accrued expenses,,-857.0,,,811.0,,,,,839.0
GSIT (GSI Technology Inc.) Annual report pursuant to Section 13 or 15(d) (10-K) 2015-06-11,GSIT,10-K,2015-06-11,2015,GSIT (GSI Technology Inc.) Annual report pursuant to Section 13 or 15(d) (10-K) 2015-06-11.xlsx,cash_flow,cash flows,Deferred revenue,,-554.0,,,292.0,,,,,407.0
GSIT (GSI Technology Inc.) Annual report pursuant to Section 13 or 15(d) (10-K) 2015-06-11,GSIT,10-K,2015-06-11,2015,GSIT (GSI Technology Inc.) Annual report pursuant to Section 13 or 15(d) (10-K) 2015-06-11.xlsx,cash_flow,cash flows,Net cash provided by operating activities,,8447.0,,,1121.0,,,,,14711.0
GSIT (GSI Technology Inc.) Annual report pursuant to Section 13 or 15(d) (10-K) 2015-06-11,GSIT,10-K,2015-06-11,2015,GSIT (GSI Technology Inc.) Annual report pursuant to Section 13 or 15(d) (10-K) 2015-06-11.xlsx,cash_flow,cash flows,Purchase of investments,,-35866.0,,,-16009.0,,,,,-35609.0
GSIT (GSI Technology Inc.) Annual report pursuant to Section 13 or 15(d) (10-K) 2015-06-11,GSIT,10-K,2015-06-11,2015,GSIT (GSI Technology Inc.) Annual report pursuant to Section 13 or 15(d) (10-K) 2015-06-11.xlsx,cash_flow,cash flows,Short-term investments,,28412.0,,,39699.0,,,,,33446.0
GSIT (GSI Technology Inc.) Annual report pursuant to Section 13 or 15(d) (10-K) 2015-06-11,GSIT,10-K,2015-06-11,2015,GSIT (GSI Technology Inc.) Annual report pursuant to Section 13 or 15(d) (10-K) 2015-06-11.xlsx,cash_flow,cash flows,Property and equipment,,-761.0,,,-481.0,,,,,-385.0
GSIT (GSI Technology Inc.) Annual report pursuant to Section 13 or 15(d) (10-K) 2015-06-11,GSIT,10-K,2015-06-11,2015,GSIT (GSI Technology Inc.) Annual report pursuant to Section 13 or 15(d) (10-K) 2015-06-11.xlsx,cash_flow,cash flows,Net cash provided by (used in) investing activities,,-8215.0,,,23209.0,,,,,-2548.0
GSIT (GSI Technology Inc.) Annual report pursuant to Section 13 or 15(d) (10-K) 2015-06-11,GSIT,10-K,2015-06-11,2015,GSIT (GSI Technology Inc.) Annual report pursuant to Section 13 or 15(d) (10-K) 2015-06-11.xlsx,cash_flow,cash flows,Repurchase of common stock,,-2880.0,,,-30026.0,,,,,-3626.0
GSIT (GSI Technology Inc.) Annual report pursuant to Section 13 or 15(d) (10-K) 2015-06-11,GSIT,10-K,2015-06-11,2015,GSIT (GSI Technology Inc.) Annual report pursuant to Section 13 or 15(d) (10-K) 2015-06-11.xlsx,cash_flow,cash flows,Windfall tax benefits from stock options exercised,,-33.0,,,,,,,,92.0
GSIT (GSI Technology Inc.) Annual report pursuant to Section 13 or 15(d) (10-K) 2015-06-11,GSIT,10-K,2015-06-11,2015,GSIT (GSI Technology Inc.) Annual report pursuant to Section 13 or 15(d) (10-K) 2015-06-11.xlsx,cash_flow,cash flows,Proceeds from issuance of common stock under employee stock plans,,3081.0,,,952.0,,,,,857.0
GSIT (GSI Technology Inc.) Annual report pursuant to Section 13 or 15(d) (10-K) 2015-06-11,GSIT,10-K,2015-06-11,2015,GSIT (GSI Technology Inc.) Annual report pursuant to Section 13 or 15(d) (10-K) 2015-06-11.xlsx,cash_flow,cash flows,Net cash provided by (used in) financing activities,,168.0,,,-29074.0,,,,,-2677.0
GSIT (GSI Technology Inc.) Annual report pursuant to Section 13 or 15(d) (10-K) 2015-06-11,GSIT,10-K,2015-06-11,2015,GSIT (GSI Technology Inc.) Annual report pursuant to Section 13 or 15(d) (10-K) 2015-06-11.xlsx,cash_flow,cash flows,Cash and cash equivalents,,400.0,,,-4744.0,,,,,9486.0
GSIT (GSI Technology Inc.) Annual report pursuant to Section 13 or 15(d) (10-K) 2015-06-11,GSIT,10-K,2015-06-11,2015,GSIT (GSI Technology Inc.) Annual report pursuant to Section 13 or 15(d) (10-K) 2015-06-11.xlsx,cash_flow,cash flows,Cash and cash equivalents,,41120.0,,,41520.0,,,,,31634.0
GSIT (GSI Technology Inc.) Annual report pursuant to Section 13 or 15(d) (10-K) 2015-06-11,GSIT,10-K,2015-06-11,2015,GSIT (GSI Technology Inc.) Annual report pursuant to Section 13 or 15(d) (10-K) 2015-06-11.xlsx,cash_flow,cash flows,Cash and cash equivalents,,,,,,,,,,
GSIT (GSI Technology Inc.) Annual report pursuant to Section 13 or 15(d) (10-K) 2015-06-11,GSIT,10-K,2015-06-11,2015,GSIT (GSI Technology Inc.) Annual report pursuant to Section 13 or 15(d) (10-K) 2015-06-11.xlsx,cash_flow,cash flows,Property and equipment,,,,,,,,,,
GSIT (GSI Technology Inc.) Annual report pursuant to Section 13 or 15(d) (10-K) 2015-06-11,GSIT,10-K,2015-06-11,2015,GSIT (GSI Technology Inc.) Annual report pursuant to Section 13 or 15(d) (10-K) 2015-06-11.xlsx,cash_flow,cash flows,Net cash paid (received) for income taxes,,,,,,,,,,
GSIT (GSI Technology Inc.) Annual report pursuant to Section 13 or 15(d) (10-K) 2016-06-10,GSIT,10-K,2016-06-10,2016,GSIT (GSI Technology Inc.) Annual report pursuant to Section 13 or 15(d) (10-K) 2016-06-10.xlsx,cash_flow,cash flows,Net loss,,,,,,,,,,
GSIT (GSI Technology Inc.) Annual report pursuant to Section 13 or 15(d) (10-K) 2016-06-10,GSIT,10-K,2016-06-10,2016,GSIT (GSI Technology Inc.) Annual report pursuant to Section 13 or 15(d) (10-K) 2016-06-10.xlsx,cash_flow,cash flows,"Allowance for sales returns, doubtful accounts and other",,-8.0,,,-3.0,,,,,-5.0
GSIT (GSI Technology Inc.) Annual report pursuant to Section 13 or 15(d) (10-K) 2016-06-10,GSIT,10-K,2016-06-10,2016,GSIT (GSI Technology Inc.) Annual report pursuant to Section 13 or 15(d) (10-K) 2016-06-10.xlsx,cash_flow,cash flows,Inventories,,1067.0,,,1172.0,,,,,2079.0
GSIT (GSI Technology Inc.) Annual report pursuant to Section 13 or 15(d) (10-K) 2016-06-10,GSIT,10-K,2016-06-10,2016,GSIT (GSI Technology Inc.) Annual report pursuant to Section 13 or 15(d) (10-K) 2016-06-10.xlsx,cash_flow,cash flows,Depreciation and amortization,,1633.0,,,1459.0,,,,,1981.0
GSIT (GSI Technology Inc.) Annual report pursuant to Section 13 or 15(d) (10-K) 2016-06-10,GSIT,10-K,2016-06-10,2016,GSIT (GSI Technology Inc.) Annual report pursuant to Section 13 or 15(d) (10-K) 2016-06-10.xlsx,cash_flow,cash flows,Stock-based compensation,,2077.0,,,1850.0,,,,,2228.0
GSIT (GSI Technology Inc.) Annual report pursuant to Section 13 or 15(d) (10-K) 2016-06-10,GSIT,10-K,2016-06-10,2016,GSIT (GSI Technology Inc.) Annual report pursuant to Section 13 or 15(d) (10-K) 2016-06-10.xlsx,cash_flow,cash flows,Deferred income taxes,,,,,,,,,,1224.0
GSIT (GSI Technology Inc.) Annual report pursuant to Section 13 or 15(d) (10-K) 2016-06-10,GSIT,10-K,2016-06-10,2016,GSIT (GSI Technology Inc.) Annual report pursuant to Section 13 or 15(d) (10-K) 2016-06-10.xlsx,cash_flow,cash flows,Windfall tax benefits from stock options exercised,,,,,,,,,,33.0
GSIT (GSI Technology Inc.) Annual report pursuant to Section 13 or 15(d) (10-K) 2016-06-10,GSIT,10-K,2016-06-10,2016,GSIT (GSI Technology Inc.) Annual report pursuant to Section 13 or 15(d) (10-K) 2016-06-10.xlsx,cash_flow,cash flows,Amortization of bond premium on investments,,593.0,,,209.0,,,,,842.0
GSIT (GSI Technology Inc.) Annual report pursuant to Section 13 or 15(d) (10-K) 2016-06-10,GSIT,10-K,2016-06-10,2016,GSIT (GSI Technology Inc.) Annual report pursuant to Section 13 or 15(d) (10-K) 2016-06-10.xlsx,cash_flow,cash flows,Accounts receivable,,-11.0,,,782.0,,,,,2008.0
GSIT (GSI Technology Inc.) Annual report pursuant to Section 13 or 15(d) (10-K) 2016-06-10,GSIT,10-K,2016-06-10,2016,GSIT (GSI Technology Inc.) Annual report pursuant to Section 13 or 15(d) (10-K) 2016-06-10.xlsx,cash_flow,cash flows,Inventory,,-1294.0,,,66.0,,,,,3545.0
GSIT (GSI Technology Inc.) Annual report pursuant to Section 13 or 15(d) (10-K) 2016-06-10,GSIT,10-K,2016-06-10,2016,GSIT (GSI Technology Inc.) Annual report pursuant to Section 13 or 15(d) (10-K) 2016-06-10.xlsx,cash_flow,cash flows,Prepaid expenses and other assets,,2854.0,,,102.0,,,,,1046.0
GSIT (GSI Technology Inc.) Annual report pursuant to Section 13 or 15(d) (10-K) 2016-06-10,GSIT,10-K,2016-06-10,2016,GSIT (GSI Technology Inc.) Annual report pursuant to Section 13 or 15(d) (10-K) 2016-06-10.xlsx,cash_flow,cash flows,Accounts payable,,-1915.0,,,-441.0,,,,,1066.0
GSIT (GSI Technology Inc.) Annual report pursuant to Section 13 or 15(d) (10-K) 2016-06-10,GSIT,10-K,2016-06-10,2016,GSIT (GSI Technology Inc.) Annual report pursuant to Section 13 or 15(d) (10-K) 2016-06-10.xlsx,cash_flow,cash flows,Accrued expenses,,811.0,,,-2081.0,,,,,-857.0
GSIT (GSI Technology Inc.) Annual report pursuant to Section 13 or 15(d) (10-K) 2016-06-10,GSIT,10-K,2016-06-10,2016,GSIT (GSI Technology Inc.) Annual report pursuant to Section 13 or 15(d) (10-K) 2016-06-10.xlsx,cash_flow,cash flows,Deferred revenue,,292.0,,,-485.0,,,,,-554.0
GSIT (GSI Technology Inc.) Annual report pursuant to Section 13 or 15(d) (10-K) 2016-06-10,GSIT,10-K,2016-06-10,2016,GSIT (GSI Technology Inc.) Annual report pursuant to Section 13 or 15(d) (10-K) 2016-06-10.xlsx,cash_flow,cash flows,Net cash provided by operating activities,,1121.0,,,460.0,,,,,8447.0
GSIT (GSI Technology Inc.) Annual report pursuant to Section 13 or 15(d) (10-K) 2016-06-10,GSIT,10-K,2016-06-10,2016,GSIT (GSI Technology Inc.) Annual report pursuant to Section 13 or 15(d) (10-K) 2016-06-10.xlsx,cash_flow,cash flows,Purchase of investments,,-16009.0,,,-14149.0,,,,,-35866.0
GSIT (GSI Technology Inc.) Annual report pursuant to Section 13 or 15(d) (10-K) 2016-06-10,GSIT,10-K,2016-06-10,2016,GSIT (GSI Technology Inc.) Annual report pursuant to Section 13 or 15(d) (10-K) 2016-06-10.xlsx,cash_flow,cash flows,Sales and maturities of investments,,39699.0,,,23585.0,,,,,28412.0
GSIT (GSI Technology Inc.) Annual report pursuant to Section 13 or 15(d) (10-K) 2016-06-10,GSIT,10-K,2016-06-10,2016,GSIT (GSI Technology Inc.) Annual report pursuant to Section 13 or 15(d) (10-K) 2016-06-10.xlsx,cash_flow,cash flows,Acquisition,,,,,-4359.0,,,,,
GSIT (GSI Technology Inc.) Annual report pursuant to Section 13 or 15(d) (10-K) 2016-06-10,GSIT,10-K,2016-06-10,2016,GSIT (GSI Technology Inc.) Annual report pursuant to Section 13 or 15(d) (10-K) 2016-06-10.xlsx,cash_flow,cash flows,Restricted cash,,,,,-2984.0,,,,,
GSIT (GSI Technology Inc.) Annual report pursuant to Section 13 or 15(d) (10-K) 2016-06-10,GSIT,10-K,2016-06-10,2016,GSIT (GSI Technology Inc.) Annual report pursuant to Section 13 or 15(d) (10-K) 2016-06-10.xlsx,cash_flow,cash flows,Property and equipment,,-481.0,,,-1158.0,,,,,-761.0
GSIT (GSI Technology Inc.) Annual report pursuant to Section 13 or 15(d) (10-K) 2016-06-10,GSIT,10-K,2016-06-10,2016,GSIT (GSI Technology Inc.) Annual report pursuant to Section 13 or 15(d) (10-K) 2016-06-10.xlsx,cash_flow,cash flows,Net cash provided by (used in) investing activities,,23209.0,,,935.0,,,,,-8215.0
GSIT (GSI Technology Inc.) Annual report pursuant to Section 13 or 15(d) (10-K) 2016-06-10,GSIT,10-K,2016-06-10,2016,GSIT (GSI Technology Inc.) Annual report pursuant to Section 13 or 15(d) (10-K) 2016-06-10.xlsx,cash_flow,cash flows,Repurchase of common stock,,-30026.0,,,-7026.0,,,,,-2880.0
GSIT (GSI Technology Inc.) Annual report pursuant to Section 13 or 15(d) (10-K) 2016-06-10,GSIT,10-K,2016-06-10,2016,GSIT (GSI Technology Inc.) Annual report pursuant to Section 13 or 15(d) (10-K) 2016-06-10.xlsx,cash_flow,cash flows,Windfall tax benefits from stock options exercised,,,,,,,,,,-33.0
GSIT (GSI Technology Inc.) Annual report pursuant to Section 13 or 15(d) (10-K) 2016-06-10,GSIT,10-K,2016-06-10,2016,GSIT (GSI Technology Inc.) Annual report pursuant to Section 13 or 15(d) (10-K) 2016-06-10.xlsx,cash_flow,cash flows,Proceeds from issuance of common stock under employee stock plans,,952.0,,,818.0,,,,,3081.0
GSIT (GSI Technology Inc.) Annual report pursuant to Section 13 or 15(d) (10-K) 2016-06-10,GSIT,10-K,2016-06-10,2016,GSIT (GSI Technology Inc.) Annual report pursuant to Section 13 or 15(d) (10-K) 2016-06-10.xlsx,cash_flow,cash flows,Net cash provided by (used in) financing activities,,-29074.0,,,-6208.0,,,,,168.0
GSIT (GSI Technology Inc.) Annual report pursuant to Section 13 or 15(d) (10-K) 2016-06-10,GSIT,10-K,2016-06-10,2016,GSIT (GSI Technology Inc.) Annual report pursuant to Section 13 or 15(d) (10-K) 2016-06-10.xlsx,cash_flow,cash flows,Cash and cash equivalents,,-4744.0,,,-4813.0,,,,,400.0
GSIT (GSI Technology Inc.) Annual report pursuant to Section 13 or 15(d) (10-K) 2016-06-10,GSIT,10-K,2016-06-10,2016,GSIT (GSI Technology Inc.) Annual report pursuant to Section 13 or 15(d) (10-K) 2016-06-10.xlsx,cash_flow,cash flows,Cash and cash equivalents,,41520.0,,,36776.0,,,,,41120.0
GSIT (GSI Technology Inc.) Annual report pursuant to Section 13 or 15(d) (10-K) 2016-06-10,GSIT,10-K,2016-06-10,2016,GSIT (GSI Technology Inc.) Annual report pursuant to Section 13 or 15(d) (10-K) 2016-06-10.xlsx,cash_flow,cash flows,Cash and cash equivalents,,,,,,,,,,
GSIT (GSI Technology Inc.) Annual report pursuant to Section 13 or 15(d) (10-K) 2016-06-10,GSIT,10-K,2016-06-10,2016,GSIT (GSI Technology Inc.) Annual report pursuant to Section 13 or 15(d) (10-K) 2016-06-10.xlsx,cash_flow,cash flows,Property and equipment,,,,,,,,,,
GSIT (GSI Technology Inc.) Annual report pursuant to Section 13 or 15(d) (10-K) 2016-06-10,GSIT,10-K,2016-06-10,2016,GSIT (GSI Technology Inc.) Annual report pursuant to Section 13 or 15(d) (10-K) 2016-06-10.xlsx,cash_flow,cash flows,Net cash paid (received) for income taxes,,,,,,,,,,
GSIT (GSI Technology Inc.) Annual report pursuant to Section 13 or 15(d) (10-K) 2017-06-05,GSIT,10-K,2017-06-05,2017,GSIT (GSI Technology Inc.) Annual report pursuant to Section 13 or 15(d) (10-K) 2017-06-05.xlsx,cash_flow,cash flows,Net loss,,,,,,,,,,
GSIT (GSI Technology Inc.) Annual report pursuant to Section 13 or 15(d) (10-K) 2017-06-05,GSIT,10-K,2017-06-05,2017,GSIT (GSI Technology Inc.) Annual report pursuant to Section 13 or 15(d) (10-K) 2017-06-05.xlsx,cash_flow,cash flows,"Allowance for sales returns, doubtful accounts and other",,-3.0,,,4.0,,,,,-8.0
GSIT (GSI Technology Inc.) Annual report pursuant to Section 13 or 15(d) (10-K) 2017-06-05,GSIT,10-K,2017-06-05,2017,GSIT (GSI Technology Inc.) Annual report pursuant to Section 13 or 15(d) (10-K) 2017-06-05.xlsx,cash_flow,cash flows,Inventories,,1172.0,,,588.0,,,,,1067.0
GSIT (GSI Technology Inc.) Annual report pursuant to Section 13 or 15(d) (10-K) 2017-06-05,GSIT,10-K,2017-06-05,2017,GSIT (GSI Technology Inc.) Annual report pursuant to Section 13 or 15(d) (10-K) 2017-06-05.xlsx,cash_flow,cash flows,Depreciation and amortization,,1459.0,,,1532.0,,,,,1633.0
GSIT (GSI Technology Inc.) Annual report pursuant to Section 13 or 15(d) (10-K) 2017-06-05,GSIT,10-K,2017-06-05,2017,GSIT (GSI Technology Inc.) Annual report pursuant to Section 13 or 15(d) (10-K) 2017-06-05.xlsx,cash_flow,cash flows,Stock-based compensation,,1850.0,,,1877.0,,,,,2077.0
GSIT (GSI Technology Inc.) Annual report pursuant to Section 13 or 15(d) (10-K) 2017-06-05,GSIT,10-K,2017-06-05,2017,GSIT (GSI Technology Inc.) Annual report pursuant to Section 13 or 15(d) (10-K) 2017-06-05.xlsx,cash_flow,cash flows,Amortization of premium on investments,,209.0,,,74.0,,,,,593.0
GSIT (GSI Technology Inc.) Annual report pursuant to Section 13 or 15(d) (10-K) 2017-06-05,GSIT,10-K,2017-06-05,2017,GSIT (GSI Technology Inc.) Annual report pursuant to Section 13 or 15(d) (10-K) 2017-06-05.xlsx,cash_flow,cash flows,Accounts receivable,,782.0,,,1125.0,,,,,-11.0
GSIT (GSI Technology Inc.) Annual report pursuant to Section 13 or 15(d) (10-K) 2017-06-05,GSIT,10-K,2017-06-05,2017,GSIT (GSI Technology Inc.) Annual report pursuant to Section 13 or 15(d) (10-K) 2017-06-05.xlsx,cash_flow,cash flows,Inventory,,66.0,,,-2625.0,,,,,-1294.0
GSIT (GSI Technology Inc.) Annual report pursuant to Section 13 or 15(d) (10-K) 2017-06-05,GSIT,10-K,2017-06-05,2017,GSIT (GSI Technology Inc.) Annual report pursuant to Section 13 or 15(d) (10-K) 2017-06-05.xlsx,cash_flow,cash flows,Prepaid expenses and other assets,,102.0,,,103.0,,,,,2854.0
GSIT (GSI Technology Inc.) Annual report pursuant to Section 13 or 15(d) (10-K) 2017-06-05,GSIT,10-K,2017-06-05,2017,GSIT (GSI Technology Inc.) Annual report pursuant to Section 13 or 15(d) (10-K) 2017-06-05.xlsx,cash_flow,cash flows,Accounts payable,,-441.0,,,-887.0,,,,,-1915.0
GSIT (GSI Technology Inc.) Annual report pursuant to Section 13 or 15(d) (10-K) 2017-06-05,GSIT,10-K,2017-06-05,2017,GSIT (GSI Technology Inc.) Annual report pursuant to Section 13 or 15(d) (10-K) 2017-06-05.xlsx,cash_flow,cash flows,Accrued expenses,,-2081.0,,,911.0,,,,,811.0
GSIT (GSI Technology Inc.) Annual report pursuant to Section 13 or 15(d) (10-K) 2017-06-05,GSIT,10-K,2017-06-05,2017,GSIT (GSI Technology Inc.) Annual report pursuant to Section 13 or 15(d) (10-K) 2017-06-05.xlsx,cash_flow,cash flows,Deferred revenue,,-485.0,,,-534.0,,,,,292.0
GSIT (GSI Technology Inc.) Annual report pursuant to Section 13 or 15(d) (10-K) 2017-06-05,GSIT,10-K,2017-06-05,2017,GSIT (GSI Technology Inc.) Annual report pursuant to Section 13 or 15(d) (10-K) 2017-06-05.xlsx,cash_flow,cash flows,Net cash provided by operating activities,,460.0,,,2053.0,,,,,1121.0
GSIT (GSI Technology Inc.) Annual report pursuant to Section 13 or 15(d) (10-K) 2017-06-05,GSIT,10-K,2017-06-05,2017,GSIT (GSI Technology Inc.) Annual report pursuant to Section 13 or 15(d) (10-K) 2017-06-05.xlsx,cash_flow,cash flows,Purchase of investments,,-14149.0,,,-18563.0,,,,,-16009.0
GSIT (GSI Technology Inc.) Annual report pursuant to Section 13 or 15(d) (10-K) 2017-06-05,GSIT,10-K,2017-06-05,2017,GSIT (GSI Technology Inc.) Annual report pursuant to Section 13 or 15(d) (10-K) 2017-06-05.xlsx,cash_flow,cash flows,Short-term investments,,23585.0,,,23600.0,,,,,39699.0
GSIT (GSI Technology Inc.) Annual report pursuant to Section 13 or 15(d) (10-K) 2017-06-05,GSIT,10-K,2017-06-05,2017,GSIT (GSI Technology Inc.) Annual report pursuant to Section 13 or 15(d) (10-K) 2017-06-05.xlsx,cash_flow,cash flows,Acquisition,,-4359.0,,,,,,,,
GSIT (GSI Technology Inc.) Annual report pursuant to Section 13 or 15(d) (10-K) 2017-06-05,GSIT,10-K,2017-06-05,2017,GSIT (GSI Technology Inc.) Annual report pursuant to Section 13 or 15(d) (10-K) 2017-06-05.xlsx,cash_flow,cash flows,Restricted cash,,-2984.0,,,,,,,,
GSIT (GSI Technology Inc.) Annual report pursuant to Section 13 or 15(d) (10-K) 2017-06-05,GSIT,10-K,2017-06-05,2017,GSIT (GSI Technology Inc.) Annual report pursuant to Section 13 or 15(d) (10-K) 2017-06-05.xlsx,cash_flow,cash flows,Property and equipment,,-1158.0,,,-219.0,,,,,-481.0
GSIT (GSI Technology Inc.) Annual report pursuant to Section 13 or 15(d) (10-K) 2017-06-05,GSIT,10-K,2017-06-05,2017,GSIT (GSI Technology Inc.) Annual report pursuant to Section 13 or 15(d) (10-K) 2017-06-05.xlsx,cash_flow,cash flows,Net cash provided by investing activities,,935.0,,,4818.0,,,,,23209.0
GSIT (GSI Technology Inc.) Annual report pursuant to Section 13 or 15(d) (10-K) 2017-06-05,GSIT,10-K,2017-06-05,2017,GSIT (GSI Technology Inc.) Annual report pursuant to Section 13 or 15(d) (10-K) 2017-06-05.xlsx,cash_flow,cash flows,Repurchase of common stock,,-7026.0,,,-7112.0,,,,,-30026.0
GSIT (GSI Technology Inc.) Annual report pursuant to Section 13 or 15(d) (10-K) 2017-06-05,GSIT,10-K,2017-06-05,2017,GSIT (GSI Technology Inc.) Annual report pursuant to Section 13 or 15(d) (10-K) 2017-06-05.xlsx,cash_flow,cash flows,Proceeds from issuance of common stock under employee stock plans,,818.0,,,2014.0,,,,,952.0
GSIT (GSI Technology Inc.) Annual report pursuant to Section 13 or 15(d) (10-K) 2017-06-05,GSIT,10-K,2017-06-05,2017,GSIT (GSI Technology Inc.) Annual report pursuant to Section 13 or 15(d) (10-K) 2017-06-05.xlsx,cash_flow,cash flows,Net cash used in financing activities,,-6208.0,,,-5098.0,,,,,-29074.0
GSIT (GSI Technology Inc.) Annual report pursuant to Section 13 or 15(d) (10-K) 2017-06-05,GSIT,10-K,2017-06-05,2017,GSIT (GSI Technology Inc.) Annual report pursuant to Section 13 or 15(d) (10-K) 2017-06-05.xlsx,cash_flow,cash flows,Cash and cash equivalents,,-4813.0,,,1773.0,,,,,-4744.0
GSIT (GSI Technology Inc.) Annual report pursuant to Section 13 or 15(d) (10-K) 2017-06-05,GSIT,10-K,2017-06-05,2017,GSIT (GSI Technology Inc.) Annual report pursuant to Section 13 or 15(d) (10-K) 2017-06-05.xlsx,cash_flow,cash flows,Cash and cash equivalents,,36776.0,,,31963.0,,,,,41520.0
GSIT (GSI Technology Inc.) Annual report pursuant to Section 13 or 15(d) (10-K) 2017-06-05,GSIT,10-K,2017-06-05,2017,GSIT (GSI Technology Inc.) Annual report pursuant to Section 13 or 15(d) (10-K) 2017-06-05.xlsx,cash_flow,cash flows,Cash and cash equivalents,,,,,,,,,,
GSIT (GSI Technology Inc.) Annual report pursuant to Section 13 or 15(d) (10-K) 2017-06-05,GSIT,10-K,2017-06-05,2017,GSIT (GSI Technology Inc.) Annual report pursuant to Section 13 or 15(d) (10-K) 2017-06-05.xlsx,cash_flow,cash flows,Property and equipment,,,,,,,,,,
GSIT (GSI Technology Inc.) Annual report pursuant to Section 13 or 15(d) (10-K) 2017-06-05,GSIT,10-K,2017-06-05,2017,GSIT (GSI Technology Inc.) Annual report pursuant to Section 13 or 15(d) (10-K) 2017-06-05.xlsx,cash_flow,cash flows,Net cash paid (received) for income taxes,,,,,,,,,,
GSIT (GSI Technology Inc.) Annual report pursuant to Section 13 or 15(d) (10-K) 2018-06-01,GSIT,10-K,2018-06-01,2018,GSIT (GSI Technology Inc.) Annual report pursuant to Section 13 or 15(d) (10-K) 2018-06-01.xlsx,cash_flow,cash flows,Net loss,,,,,,,,,,
GSIT (GSI Technology Inc.) Annual report pursuant to Section 13 or 15(d) (10-K) 2018-06-01,GSIT,10-K,2018-06-01,2018,GSIT (GSI Technology Inc.) Annual report pursuant to Section 13 or 15(d) (10-K) 2018-06-01.xlsx,cash_flow,cash flows,"Allowance for sales returns, doubtful accounts and other",,4.0,,,-41.0,,,,,-3.0
GSIT (GSI Technology Inc.) Annual report pursuant to Section 13 or 15(d) (10-K) 2018-06-01,GSIT,10-K,2018-06-01,2018,GSIT (GSI Technology Inc.) Annual report pursuant to Section 13 or 15(d) (10-K) 2018-06-01.xlsx,cash_flow,cash flows,Inventories,,588.0,,,1561.0,,,,,1172.0
GSIT (GSI Technology Inc.) Annual report pursuant to Section 13 or 15(d) (10-K) 2018-06-01,GSIT,10-K,2018-06-01,2018,GSIT (GSI Technology Inc.) Annual report pursuant to Section 13 or 15(d) (10-K) 2018-06-01.xlsx,cash_flow,cash flows,Depreciation and amortization,,1532.0,,,1255.0,,,,,1459.0
GSIT (GSI Technology Inc.) Annual report pursuant to Section 13 or 15(d) (10-K) 2018-06-01,GSIT,10-K,2018-06-01,2018,GSIT (GSI Technology Inc.) Annual report pursuant to Section 13 or 15(d) (10-K) 2018-06-01.xlsx,cash_flow,cash flows,Stock-based compensation,,1877.0,,,2070.0,,,,,1850.0
GSIT (GSI Technology Inc.) Annual report pursuant to Section 13 or 15(d) (10-K) 2018-06-01,GSIT,10-K,2018-06-01,2018,GSIT (GSI Technology Inc.) Annual report pursuant to Section 13 or 15(d) (10-K) 2018-06-01.xlsx,cash_flow,cash flows,Amortization of premium on investments,,74.0,,,73.0,,,,,209.0
GSIT (GSI Technology Inc.) Annual report pursuant to Section 13 or 15(d) (10-K) 2018-06-01,GSIT,10-K,2018-06-01,2018,GSIT (GSI Technology Inc.) Annual report pursuant to Section 13 or 15(d) (10-K) 2018-06-01.xlsx,cash_flow,cash flows,Accounts receivable,,1125.0,,,1111.0,,,,,782.0
GSIT (GSI Technology Inc.) Annual report pursuant to Section 13 or 15(d) (10-K) 2018-06-01,GSIT,10-K,2018-06-01,2018,GSIT (GSI Technology Inc.) Annual report pursuant to Section 13 or 15(d) (10-K) 2018-06-01.xlsx,cash_flow,cash flows,Inventory,,-2625.0,,,2103.0,,,,,66.0
GSIT (GSI Technology Inc.) Annual report pursuant to Section 13 or 15(d) (10-K) 2018-06-01,GSIT,10-K,2018-06-01,2018,GSIT (GSI Technology Inc.) Annual report pursuant to Section 13 or 15(d) (10-K) 2018-06-01.xlsx,cash_flow,cash flows,Prepaid expenses and other assets,,103.0,,,117.0,,,,,102.0
GSIT (GSI Technology Inc.) Annual report pursuant to Section 13 or 15(d) (10-K) 2018-06-01,GSIT,10-K,2018-06-01,2018,GSIT (GSI Technology Inc.) Annual report pursuant to Section 13 or 15(d) (10-K) 2018-06-01.xlsx,cash_flow,cash flows,Accounts payable,,-887.0,,,189.0,,,,,-441.0
GSIT (GSI Technology Inc.) Annual report pursuant to Section 13 or 15(d) (10-K) 2018-06-01,GSIT,10-K,2018-06-01,2018,GSIT (GSI Technology Inc.) Annual report pursuant to Section 13 or 15(d) (10-K) 2018-06-01.xlsx,cash_flow,cash flows,Accrued expenses,,911.0,,,-1183.0,,,,,-2081.0
GSIT (GSI Technology Inc.) Annual report pursuant to Section 13 or 15(d) (10-K) 2018-06-01,GSIT,10-K,2018-06-01,2018,GSIT (GSI Technology Inc.) Annual report pursuant to Section 13 or 15(d) (10-K) 2018-06-01.xlsx,cash_flow,cash flows,Deferred revenue,,-534.0,,,-1675.0,,,,,-485.0
GSIT (GSI Technology Inc.) Annual report pursuant to Section 13 or 15(d) (10-K) 2018-06-01,GSIT,10-K,2018-06-01,2018,GSIT (GSI Technology Inc.) Annual report pursuant to Section 13 or 15(d) (10-K) 2018-06-01.xlsx,cash_flow,cash flows,Net cash provided by operating activities,,2053.0,,,1065.0,,,,,460.0
GSIT (GSI Technology Inc.) Annual report pursuant to Section 13 or 15(d) (10-K) 2018-06-01,GSIT,10-K,2018-06-01,2018,GSIT (GSI Technology Inc.) Annual report pursuant to Section 13 or 15(d) (10-K) 2018-06-01.xlsx,cash_flow,cash flows,Purchase of investments,,-18563.0,,,-13243.0,,,,,-14149.0
GSIT (GSI Technology Inc.) Annual report pursuant to Section 13 or 15(d) (10-K) 2018-06-01,GSIT,10-K,2018-06-01,2018,GSIT (GSI Technology Inc.) Annual report pursuant to Section 13 or 15(d) (10-K) 2018-06-01.xlsx,cash_flow,cash flows,Short-term investments,,23600.0,,,16140.0,,,,,23585.0
GSIT (GSI Technology Inc.) Annual report pursuant to Section 13 or 15(d) (10-K) 2018-06-01,GSIT,10-K,2018-06-01,2018,GSIT (GSI Technology Inc.) Annual report pursuant to Section 13 or 15(d) (10-K) 2018-06-01.xlsx,cash_flow,cash flows,Acquisition,,,,,,,,,,-4359.0
GSIT (GSI Technology Inc.) Annual report pursuant to Section 13 or 15(d) (10-K) 2018-06-01,GSIT,10-K,2018-06-01,2018,GSIT (GSI Technology Inc.) Annual report pursuant to Section 13 or 15(d) (10-K) 2018-06-01.xlsx,cash_flow,cash flows,(Increase) decrease in MikaMonu escrow deposit,,,,,1234.0,,,,,-2984.0
GSIT (GSI Technology Inc.) Annual report pursuant to Section 13 or 15(d) (10-K) 2018-06-01,GSIT,10-K,2018-06-01,2018,GSIT (GSI Technology Inc.) Annual report pursuant to Section 13 or 15(d) (10-K) 2018-06-01.xlsx,cash_flow,cash flows,Property and equipment,,-219.0,,,-1320.0,,,,,-1158.0
GSIT (GSI Technology Inc.) Annual report pursuant to Section 13 or 15(d) (10-K) 2018-06-01,GSIT,10-K,2018-06-01,2018,GSIT (GSI Technology Inc.) Annual report pursuant to Section 13 or 15(d) (10-K) 2018-06-01.xlsx,cash_flow,cash flows,Net cash provided by investing activities,,4818.0,,,2811.0,,,,,935.0
GSIT (GSI Technology Inc.) Annual report pursuant to Section 13 or 15(d) (10-K) 2018-06-01,GSIT,10-K,2018-06-01,2018,GSIT (GSI Technology Inc.) Annual report pursuant to Section 13 or 15(d) (10-K) 2018-06-01.xlsx,cash_flow,cash flows,Repurchase of common stock,,-7112.0,,,,,,,,-7026.0
GSIT (GSI Technology Inc.) Annual report pursuant to Section 13 or 15(d) (10-K) 2018-06-01,GSIT,10-K,2018-06-01,2018,GSIT (GSI Technology Inc.) Annual report pursuant to Section 13 or 15(d) (10-K) 2018-06-01.xlsx,cash_flow,cash flows,Payment of MikaMonu escrow deposit,,,,,-862.0,,,,,
GSIT (GSI Technology Inc.) Annual report pursuant to Section 13 or 15(d) (10-K) 2018-06-01,GSIT,10-K,2018-06-01,2018,GSIT (GSI Technology Inc.) Annual report pursuant to Section 13 or 15(d) (10-K) 2018-06-01.xlsx,cash_flow,cash flows,Proceeds from issuance of common stock under employee stock plans,,2014.0,,,3491.0,,,,,818.0
GSIT (GSI Technology Inc.) Annual report pursuant to Section 13 or 15(d) (10-K) 2018-06-01,GSIT,10-K,2018-06-01,2018,GSIT (GSI Technology Inc.) Annual report pursuant to Section 13 or 15(d) (10-K) 2018-06-01.xlsx,cash_flow,cash flows,Net cash provided by (used in) financing activities,,-5098.0,,,2629.0,,,,,-6208.0
GSIT (GSI Technology Inc.) Annual report pursuant to Section 13 or 15(d) (10-K) 2018-06-01,GSIT,10-K,2018-06-01,2018,GSIT (GSI Technology Inc.) Annual report pursuant to Section 13 or 15(d) (10-K) 2018-06-01.xlsx,cash_flow,cash flows,Cash and cash equivalents,,1773.0,,,6505.0,,,,,-4813.0
GSIT (GSI Technology Inc.) Annual report pursuant to Section 13 or 15(d) (10-K) 2018-06-01,GSIT,10-K,2018-06-01,2018,GSIT (GSI Technology Inc.) Annual report pursuant to Section 13 or 15(d) (10-K) 2018-06-01.xlsx,cash_flow,cash flows,Cash and cash equivalents,,31963.0,,,33736.0,,,,,36776.0
GSIT (GSI Technology Inc.) Annual report pursuant to Section 13 or 15(d) (10-K) 2018-06-01,GSIT,10-K,2018-06-01,2018,GSIT (GSI Technology Inc.) Annual report pursuant to Section 13 or 15(d) (10-K) 2018-06-01.xlsx,cash_flow,cash flows,Cash and cash equivalents,,,,,,,,,,
GSIT (GSI Technology Inc.) Annual report pursuant to Section 13 or 15(d) (10-K) 2018-06-01,GSIT,10-K,2018-06-01,2018,GSIT (GSI Technology Inc.) Annual report pursuant to Section 13 or 15(d) (10-K) 2018-06-01.xlsx,cash_flow,cash flows,Property and equipment,,,,,,,,,,
GSIT (GSI Technology Inc.) Annual report pursuant to Section 13 or 15(d) (10-K) 2018-06-01,GSIT,10-K,2018-06-01,2018,GSIT (GSI Technology Inc.) Annual report pursuant to Section 13 or 15(d) (10-K) 2018-06-01.xlsx,cash_flow,cash flows,Net cash paid for income taxes,,,,,,,,,,
GSIT (GSI Technology Inc.) Annual report pursuant to Section 13 or 15(d) (10-K) 2019-06-13,GSIT,10-K,2019-06-13,2019,GSIT (GSI Technology Inc.) Annual report pursuant to Section 13 or 15(d) (10-K) 2019-06-13.xlsx,cash_flow,cash flows,Net income,,,,,,,,,,
GSIT (GSI Technology Inc.) Annual report pursuant to Section 13 or 15(d) (10-K) 2019-06-13,GSIT,10-K,2019-06-13,2019,GSIT (GSI Technology Inc.) Annual report pursuant to Section 13 or 15(d) (10-K) 2019-06-13.xlsx,cash_flow,cash flows,"Allowance for sales returns, doubtful accounts and other",,-41.0,,,39.0,,,,,4.0
GSIT (GSI Technology Inc.) Annual report pursuant to Section 13 or 15(d) (10-K) 2019-06-13,GSIT,10-K,2019-06-13,2019,GSIT (GSI Technology Inc.) Annual report pursuant to Section 13 or 15(d) (10-K) 2019-06-13.xlsx,cash_flow,cash flows,Inventories,,1561.0,,,1195.0,,,,,588.0
GSIT (GSI Technology Inc.) Annual report pursuant to Section 13 or 15(d) (10-K) 2019-06-13,GSIT,10-K,2019-06-13,2019,GSIT (GSI Technology Inc.) Annual report pursuant to Section 13 or 15(d) (10-K) 2019-06-13.xlsx,cash_flow,cash flows,Depreciation and amortization,,1255.0,,,1454.0,,,,,1532.0
GSIT (GSI Technology Inc.) Annual report pursuant to Section 13 or 15(d) (10-K) 2019-06-13,GSIT,10-K,2019-06-13,2019,GSIT (GSI Technology Inc.) Annual report pursuant to Section 13 or 15(d) (10-K) 2019-06-13.xlsx,cash_flow,cash flows,Stock-based compensation,,2070.0,,,2266.0,,,,,1877.0
GSIT (GSI Technology Inc.) Annual report pursuant to Section 13 or 15(d) (10-K) 2019-06-13,GSIT,10-K,2019-06-13,2019,GSIT (GSI Technology Inc.) Annual report pursuant to Section 13 or 15(d) (10-K) 2019-06-13.xlsx,cash_flow,cash flows,Amortization of premium (discount) on investments,,73.0,,,-36.0,,,,,74.0
GSIT (GSI Technology Inc.) Annual report pursuant to Section 13 or 15(d) (10-K) 2019-06-13,GSIT,10-K,2019-06-13,2019,GSIT (GSI Technology Inc.) Annual report pursuant to Section 13 or 15(d) (10-K) 2019-06-13.xlsx,cash_flow,cash flows,Accounts receivable,,1111.0,,,-2099.0,,,,,1125.0
GSIT (GSI Technology Inc.) Annual report pursuant to Section 13 or 15(d) (10-K) 2019-06-13,GSIT,10-K,2019-06-13,2019,GSIT (GSI Technology Inc.) Annual report pursuant to Section 13 or 15(d) (10-K) 2019-06-13.xlsx,cash_flow,cash flows,Inventory,,2103.0,,,-1333.0,,,,,-2625.0
GSIT (GSI Technology Inc.) Annual report pursuant to Section 13 or 15(d) (10-K) 2019-06-13,GSIT,10-K,2019-06-13,2019,GSIT (GSI Technology Inc.) Annual report pursuant to Section 13 or 15(d) (10-K) 2019-06-13.xlsx,cash_flow,cash flows,Prepaid expenses and other assets,,117.0,,,-144.0,,,,,103.0
GSIT (GSI Technology Inc.) Annual report pursuant to Section 13 or 15(d) (10-K) 2019-06-13,GSIT,10-K,2019-06-13,2019,GSIT (GSI Technology Inc.) Annual report pursuant to Section 13 or 15(d) (10-K) 2019-06-13.xlsx,cash_flow,cash flows,Accounts payable,,189.0,,,48.0,,,,,-887.0
GSIT (GSI Technology Inc.) Annual report pursuant to Section 13 or 15(d) (10-K) 2019-06-13,GSIT,10-K,2019-06-13,2019,GSIT (GSI Technology Inc.) Annual report pursuant to Section 13 or 15(d) (10-K) 2019-06-13.xlsx,cash_flow,cash flows,Accrued expenses,,-1183.0,,,1453.0,,,,,911.0
GSIT (GSI Technology Inc.) Annual report pursuant to Section 13 or 15(d) (10-K) 2019-06-13,GSIT,10-K,2019-06-13,2019,GSIT (GSI Technology Inc.) Annual report pursuant to Section 13 or 15(d) (10-K) 2019-06-13.xlsx,cash_flow,cash flows,Deferred revenue,,-1675.0,,,,,,,,-534.0
GSIT (GSI Technology Inc.) Annual report pursuant to Section 13 or 15(d) (10-K) 2019-06-13,GSIT,10-K,2019-06-13,2019,GSIT (GSI Technology Inc.) Annual report pursuant to Section 13 or 15(d) (10-K) 2019-06-13.xlsx,cash_flow,cash flows,Net cash provided by operating activities,,1065.0,,,3006.0,,,,,2053.0
GSIT (GSI Technology Inc.) Annual report pursuant to Section 13 or 15(d) (10-K) 2019-06-13,GSIT,10-K,2019-06-13,2019,GSIT (GSI Technology Inc.) Annual report pursuant to Section 13 or 15(d) (10-K) 2019-06-13.xlsx,cash_flow,cash flows,Purchase of investments,,-13243.0,,,-20307.0,,,,,-18563.0
GSIT (GSI Technology Inc.) Annual report pursuant to Section 13 or 15(d) (10-K) 2019-06-13,GSIT,10-K,2019-06-13,2019,GSIT (GSI Technology Inc.) Annual report pursuant to Section 13 or 15(d) (10-K) 2019-06-13.xlsx,cash_flow,cash flows,Short-term investments,,16140.0,,,18173.0,,,,,23600.0
GSIT (GSI Technology Inc.) Annual report pursuant to Section 13 or 15(d) (10-K) 2019-06-13,GSIT,10-K,2019-06-13,2019,GSIT (GSI Technology Inc.) Annual report pursuant to Section 13 or 15(d) (10-K) 2019-06-13.xlsx,cash_flow,cash flows,Decrease in MikaMonu escrow deposit,,1234.0,,,750.0,,,,,
GSIT (GSI Technology Inc.) Annual report pursuant to Section 13 or 15(d) (10-K) 2019-06-13,GSIT,10-K,2019-06-13,2019,GSIT (GSI Technology Inc.) Annual report pursuant to Section 13 or 15(d) (10-K) 2019-06-13.xlsx,cash_flow,cash flows,Property and equipment,,-1320.0,,,-2090.0,,,,,-219.0
GSIT (GSI Technology Inc.) Annual report pursuant to Section 13 or 15(d) (10-K) 2019-06-13,GSIT,10-K,2019-06-13,2019,GSIT (GSI Technology Inc.) Annual report pursuant to Section 13 or 15(d) (10-K) 2019-06-13.xlsx,cash_flow,cash flows,Net cash provided by (used in) investing activities,,2811.0,,,-3474.0,,,,,4818.0
GSIT (GSI Technology Inc.) Annual report pursuant to Section 13 or 15(d) (10-K) 2019-06-13,GSIT,10-K,2019-06-13,2019,GSIT (GSI Technology Inc.) Annual report pursuant to Section 13 or 15(d) (10-K) 2019-06-13.xlsx,cash_flow,cash flows,Repurchase of common stock,,,,,-103.0,,,,,-7112.0
GSIT (GSI Technology Inc.) Annual report pursuant to Section 13 or 15(d) (10-K) 2019-06-13,GSIT,10-K,2019-06-13,2019,GSIT (GSI Technology Inc.) Annual report pursuant to Section 13 or 15(d) (10-K) 2019-06-13.xlsx,cash_flow,cash flows,Payment of MikaMonu escrow deposit,,-862.0,,,-364.0,,,,,
GSIT (GSI Technology Inc.) Annual report pursuant to Section 13 or 15(d) (10-K) 2019-06-13,GSIT,10-K,2019-06-13,2019,GSIT (GSI Technology Inc.) Annual report pursuant to Section 13 or 15(d) (10-K) 2019-06-13.xlsx,cash_flow,cash flows,Payment of contingent consideration,,,,,-720.0,,,,,
GSIT (GSI Technology Inc.) Annual report pursuant to Section 13 or 15(d) (10-K) 2019-06-13,GSIT,10-K,2019-06-13,2019,GSIT (GSI Technology Inc.) Annual report pursuant to Section 13 or 15(d) (10-K) 2019-06-13.xlsx,cash_flow,cash flows,Proceeds from issuance of common stock under employee stock plans,,3491.0,,,3909.0,,,,,2014.0
GSIT (GSI Technology Inc.) Annual report pursuant to Section 13 or 15(d) (10-K) 2019-06-13,GSIT,10-K,2019-06-13,2019,GSIT (GSI Technology Inc.) Annual report pursuant to Section 13 or 15(d) (10-K) 2019-06-13.xlsx,cash_flow,cash flows,Net cash provided by (used in) financing activities,,2629.0,,,2722.0,,,,,-5098.0
GSIT (GSI Technology Inc.) Annual report pursuant to Section 13 or 15(d) (10-K) 2019-06-13,GSIT,10-K,2019-06-13,2019,GSIT (GSI Technology Inc.) Annual report pursuant to Section 13 or 15(d) (10-K) 2019-06-13.xlsx,cash_flow,cash flows,Cash and cash equivalents,,6505.0,,,2254.0,,,,,1773.0
GSIT (GSI Technology Inc.) Annual report pursuant to Section 13 or 15(d) (10-K) 2019-06-13,GSIT,10-K,2019-06-13,2019,GSIT (GSI Technology Inc.) Annual report pursuant to Section 13 or 15(d) (10-K) 2019-06-13.xlsx,cash_flow,cash flows,Cash and cash equivalents,,33736.0,,,40241.0,,,,,31963.0
GSIT (GSI Technology Inc.) Annual report pursuant to Section 13 or 15(d) (10-K) 2019-06-13,GSIT,10-K,2019-06-13,2019,GSIT (GSI Technology Inc.) Annual report pursuant to Section 13 or 15(d) (10-K) 2019-06-13.xlsx,cash_flow,cash flows,Cash and cash equivalents,,,,,,,,,,
GSIT (GSI Technology Inc.) Annual report pursuant to Section 13 or 15(d) (10-K) 2019-06-13,GSIT,10-K,2019-06-13,2019,GSIT (GSI Technology Inc.) Annual report pursuant to Section 13 or 15(d) (10-K) 2019-06-13.xlsx,cash_flow,cash flows,Property and equipment,,,,,,,,,,
GSIT (GSI Technology Inc.) Annual report pursuant to Section 13 or 15(d) (10-K) 2019-06-13,GSIT,10-K,2019-06-13,2019,GSIT (GSI Technology Inc.) Annual report pursuant to Section 13 or 15(d) (10-K) 2019-06-13.xlsx,cash_flow,cash flows,Net cash paid for income taxes,,,,,,,,,,
GSIT (GSI Technology Inc.) Annual report pursuant to Section 13 or 15(d) (10-K) 2020-06-05,GSIT,10-K,2020-06-05,2020,GSIT (GSI Technology Inc.) Annual report pursuant to Section 13 or 15(d) (10-K) 2020-06-05.xlsx,cash_flow,cash flows,Net income,,,,,,,,,,
GSIT (GSI Technology Inc.) Annual report pursuant to Section 13 or 15(d) (10-K) 2020-06-05,GSIT,10-K,2020-06-05,2020,GSIT (GSI Technology Inc.) Annual report pursuant to Section 13 or 15(d) (10-K) 2020-06-05.xlsx,cash_flow,cash flows,Allowance for doubtful accounts and other,,39.0,,,-17.0,,,,,-41.0
GSIT (GSI Technology Inc.) Annual report pursuant to Section 13 or 15(d) (10-K) 2020-06-05,GSIT,10-K,2020-06-05,2020,GSIT (GSI Technology Inc.) Annual report pursuant to Section 13 or 15(d) (10-K) 2020-06-05.xlsx,cash_flow,cash flows,Inventories,,1195.0,,,343.0,,,,,1561.0
GSIT (GSI Technology Inc.) Annual report pursuant to Section 13 or 15(d) (10-K) 2020-06-05,GSIT,10-K,2020-06-05,2020,GSIT (GSI Technology Inc.) Annual report pursuant to Section 13 or 15(d) (10-K) 2020-06-05.xlsx,cash_flow,cash flows,Non-cash lease expense,,,,,611.0,,,,,
GSIT (GSI Technology Inc.) Annual report pursuant to Section 13 or 15(d) (10-K) 2020-06-05,GSIT,10-K,2020-06-05,2020,GSIT (GSI Technology Inc.) Annual report pursuant to Section 13 or 15(d) (10-K) 2020-06-05.xlsx,cash_flow,cash flows,Depreciation and amortization,,1454.0,,,1434.0,,,,,1255.0
GSIT (GSI Technology Inc.) Annual report pursuant to Section 13 or 15(d) (10-K) 2020-06-05,GSIT,10-K,2020-06-05,2020,GSIT (GSI Technology Inc.) Annual report pursuant to Section 13 or 15(d) (10-K) 2020-06-05.xlsx,cash_flow,cash flows,Stock-based compensation,,2266.0,,,2566.0,,,,,2070.0
GSIT (GSI Technology Inc.) Annual report pursuant to Section 13 or 15(d) (10-K) 2020-06-05,GSIT,10-K,2020-06-05,2020,GSIT (GSI Technology Inc.) Annual report pursuant to Section 13 or 15(d) (10-K) 2020-06-05.xlsx,cash_flow,cash flows,Amortization of premium on investments,,-36.0,,,,,,,,73.0
GSIT (GSI Technology Inc.) Annual report pursuant to Section 13 or 15(d) (10-K) 2020-06-05,GSIT,10-K,2020-06-05,2020,GSIT (GSI Technology Inc.) Annual report pursuant to Section 13 or 15(d) (10-K) 2020-06-05.xlsx,cash_flow,cash flows,Accounts receivable,,-2099.0,,,1026.0,,,,,1111.0
GSIT (GSI Technology Inc.) Annual report pursuant to Section 13 or 15(d) (10-K) 2020-06-05,GSIT,10-K,2020-06-05,2020,GSIT (GSI Technology Inc.) Annual report pursuant to Section 13 or 15(d) (10-K) 2020-06-05.xlsx,cash_flow,cash flows,Inventory,,-1333.0,,,1060.0,,,,,2103.0
GSIT (GSI Technology Inc.) Annual report pursuant to Section 13 or 15(d) (10-K) 2020-06-05,GSIT,10-K,2020-06-05,2020,GSIT (GSI Technology Inc.) Annual report pursuant to Section 13 or 15(d) (10-K) 2020-06-05.xlsx,cash_flow,cash flows,Prepaid expenses and other assets,,-144.0,,,-431.0,,,,,117.0
GSIT (GSI Technology Inc.) Annual report pursuant to Section 13 or 15(d) (10-K) 2020-06-05,GSIT,10-K,2020-06-05,2020,GSIT (GSI Technology Inc.) Annual report pursuant to Section 13 or 15(d) (10-K) 2020-06-05.xlsx,cash_flow,cash flows,Accounts payable,,48.0,,,-680.0,,,,,189.0
GSIT (GSI Technology Inc.) Annual report pursuant to Section 13 or 15(d) (10-K) 2020-06-05,GSIT,10-K,2020-06-05,2020,GSIT (GSI Technology Inc.) Annual report pursuant to Section 13 or 15(d) (10-K) 2020-06-05.xlsx,cash_flow,cash flows,Accrued expenses,,1453.0,,,-256.0,,,,,-2858.0
GSIT (GSI Technology Inc.) Annual report pursuant to Section 13 or 15(d) (10-K) 2020-06-05,GSIT,10-K,2020-06-05,2020,GSIT (GSI Technology Inc.) Annual report pursuant to Section 13 or 15(d) (10-K) 2020-06-05.xlsx,cash_flow,cash flows,Net cash provided by (used in) operating activities,,3006.0,,,-4681.0,,,,,1065.0
GSIT (GSI Technology Inc.) Annual report pursuant to Section 13 or 15(d) (10-K) 2020-06-05,GSIT,10-K,2020-06-05,2020,GSIT (GSI Technology Inc.) Annual report pursuant to Section 13 or 15(d) (10-K) 2020-06-05.xlsx,cash_flow,cash flows,Purchase of investments,,-20307.0,,,-18116.0,,,,,-13243.0
GSIT (GSI Technology Inc.) Annual report pursuant to Section 13 or 15(d) (10-K) 2020-06-05,GSIT,10-K,2020-06-05,2020,GSIT (GSI Technology Inc.) Annual report pursuant to Section 13 or 15(d) (10-K) 2020-06-05.xlsx,cash_flow,cash flows,Short-term investments,,18173.0,,,27418.0,,,,,16140.0
GSIT (GSI Technology Inc.) Annual report pursuant to Section 13 or 15(d) (10-K) 2020-06-05,GSIT,10-K,2020-06-05,2020,GSIT (GSI Technology Inc.) Annual report pursuant to Section 13 or 15(d) (10-K) 2020-06-05.xlsx,cash_flow,cash flows,Decrease in MikaMonu escrow deposit,,750.0,,,1000.0,,,,,1234.0
GSIT (GSI Technology Inc.) Annual report pursuant to Section 13 or 15(d) (10-K) 2020-06-05,GSIT,10-K,2020-06-05,2020,GSIT (GSI Technology Inc.) Annual report pursuant to Section 13 or 15(d) (10-K) 2020-06-05.xlsx,cash_flow,cash flows,Property and equipment,,-2090.0,,,-331.0,,,,,-1320.0
GSIT (GSI Technology Inc.) Annual report pursuant to Section 13 or 15(d) (10-K) 2020-06-05,GSIT,10-K,2020-06-05,2020,GSIT (GSI Technology Inc.) Annual report pursuant to Section 13 or 15(d) (10-K) 2020-06-05.xlsx,cash_flow,cash flows,Net cash provided by (used in) investing activities,,-3474.0,,,9971.0,,,,,2811.0
GSIT (GSI Technology Inc.) Annual report pursuant to Section 13 or 15(d) (10-K) 2020-06-05,GSIT,10-K,2020-06-05,2020,GSIT (GSI Technology Inc.) Annual report pursuant to Section 13 or 15(d) (10-K) 2020-06-05.xlsx,cash_flow,cash flows,Payment of contingent consideration,,-720.0,,,,,,,,
GSIT (GSI Technology Inc.) Annual report pursuant to Section 13 or 15(d) (10-K) 2020-06-05,GSIT,10-K,2020-06-05,2020,GSIT (GSI Technology Inc.) Annual report pursuant to Section 13 or 15(d) (10-K) 2020-06-05.xlsx,cash_flow,cash flows,Payment of MikaMonu escrow deposit,,-364.0,,,-428.0,,,,,-862.0
GSIT (GSI Technology Inc.) Annual report pursuant to Section 13 or 15(d) (10-K) 2020-06-05,GSIT,10-K,2020-06-05,2020,GSIT (GSI Technology Inc.) Annual report pursuant to Section 13 or 15(d) (10-K) 2020-06-05.xlsx,cash_flow,cash flows,Repurchase of common stock,,-103.0,,,,,,,,
GSIT (GSI Technology Inc.) Annual report pursuant to Section 13 or 15(d) (10-K) 2020-06-05,GSIT,10-K,2020-06-05,2020,GSIT (GSI Technology Inc.) Annual report pursuant to Section 13 or 15(d) (10-K) 2020-06-05.xlsx,cash_flow,cash flows,Proceeds from issuance of common stock under employee stock plans,,3909.0,,,4149.0,,,,,3491.0
GSIT (GSI Technology Inc.) Annual report pursuant to Section 13 or 15(d) (10-K) 2020-06-05,GSIT,10-K,2020-06-05,2020,GSIT (GSI Technology Inc.) Annual report pursuant to Section 13 or 15(d) (10-K) 2020-06-05.xlsx,cash_flow,cash flows,Net cash provided by financing activities,,2722.0,,,3721.0,,,,,2629.0
GSIT (GSI Technology Inc.) Annual report pursuant to Section 13 or 15(d) (10-K) 2020-06-05,GSIT,10-K,2020-06-05,2020,GSIT (GSI Technology Inc.) Annual report pursuant to Section 13 or 15(d) (10-K) 2020-06-05.xlsx,cash_flow,cash flows,Cash and cash equivalents,,2254.0,,,9011.0,,,,,6505.0
GSIT (GSI Technology Inc.) Annual report pursuant to Section 13 or 15(d) (10-K) 2020-06-05,GSIT,10-K,2020-06-05,2020,GSIT (GSI Technology Inc.) Annual report pursuant to Section 13 or 15(d) (10-K) 2020-06-05.xlsx,cash_flow,cash flows,Cash and cash equivalents,,40241.0,,,42495.0,,,,,33736.0
GSIT (GSI Technology Inc.) Annual report pursuant to Section 13 or 15(d) (10-K) 2020-06-05,GSIT,10-K,2020-06-05,2020,GSIT (GSI Technology Inc.) Annual report pursuant to Section 13 or 15(d) (10-K) 2020-06-05.xlsx,cash_flow,cash flows,Cash and cash equivalents,,,,,,,,,,
GSIT (GSI Technology Inc.) Annual report pursuant to Section 13 or 15(d) (10-K) 2020-06-05,GSIT,10-K,2020-06-05,2020,GSIT (GSI Technology Inc.) Annual report pursuant to Section 13 or 15(d) (10-K) 2020-06-05.xlsx,cash_flow,cash flows,Property and equipment,,,,,,,,,,
GSIT (GSI Technology Inc.) Annual report pursuant to Section 13 or 15(d) (10-K) 2020-06-05,GSIT,10-K,2020-06-05,2020,GSIT (GSI Technology Inc.) Annual report pursuant to Section 13 or 15(d) (10-K) 2020-06-05.xlsx,cash_flow,cash flows,Net cash paid for income taxes,,,,,,,,,,
