filename,company,form_type,filing_date,source_file,year,statement_type,sheet_name,line_item,6131111,6,30035,col_4,col_5,col_6,30041,col_1,col_2,col_3,16,160,26719537,27,46202,230,38246,847050,27575123,28,49872,190,48629,98719,107,1070,67610,38030,62010,7,70,21716364,22,25050,64770,898690,fy_2061,21,21830,62,64655,864440,21407247,27391,142,59545,868150,198820,1,col_7,401,col_9,col_10,col_11,col_12,col_13,col_14,col_15,col_16,402
GSIT (GSI Technology Inc.) Annual report pursuant to Section 13 or 15(d) (10-K) 2009-06-10,GSIT,10-K,2009-06-10,GSIT (GSI Technology Inc.) Annual report pursuant to Section 13 or 15(d) (10-K) 2009-06-10.xlsx,2009,equity,gsi technology inc consoli-2,Issuance of common stock under employee stock option plans,160800.0,1.0,96.0,,,,97.0,,,,,,,,,,,,,,,,,,,,,,,,,,,,,,,,,,,,,,,,,,,,,,,,,,,,,
GSIT (GSI Technology Inc.) Annual report pursuant to Section 13 or 15(d) (10-K) 2009-06-10,GSIT,10-K,2009-06-10,GSIT (GSI Technology Inc.) Annual report pursuant to Section 13 or 15(d) (10-K) 2009-06-10.xlsx,2009,equity,gsi technology inc consoli-2,Stock-based compensation expense,,,1461.0,,,,1461.0,,,,,,,,,,,,,,,,,,,,,,,,,,,,,,,,,,,,,,,,,,,,,,,,,,,,,
GSIT (GSI Technology Inc.) Annual report pursuant to Section 13 or 15(d) (10-K) 2009-06-10,GSIT,10-K,2009-06-10,GSIT (GSI Technology Inc.) Annual report pursuant to Section 13 or 15(d) (10-K) 2009-06-10.xlsx,2009,equity,gsi technology inc consoli-2,Windfall tax benefit from stock options exercised,,,13.0,,,,13.0,,,,,,,,,,,,,,,,,,,,,,,,,,,,,,,,,,,,,,,,,,,,,,,,,,,,,
GSIT (GSI Technology Inc.) Annual report pursuant to Section 13 or 15(d) (10-K) 2009-06-10,GSIT,10-K,2009-06-10,GSIT (GSI Technology Inc.) Annual report pursuant to Section 13 or 15(d) (10-K) 2009-06-10.xlsx,2009,equity,gsi technology inc consoli-2,Net income,,,,,,6773.0,6773.0,,,,,,,,,,,,,,,,,,,,,,,,,,,,,,,,,,,,,,,,,,,,,,,,,,,,,
GSIT (GSI Technology Inc.) Annual report pursuant to Section 13 or 15(d) (10-K) 2009-06-10,GSIT,10-K,2009-06-10,GSIT (GSI Technology Inc.) Annual report pursuant to Section 13 or 15(d) (10-K) 2009-06-10.xlsx,2009,equity,gsi technology inc consoli-2,Net unrealized gain on available-for-sale investments,,,,,16.0,,16.0,,,,,,,,,,,,,,,,,,,,,,,,,,,,,,,,,,,,,,,,,,,,,,,,,,,,,
GSIT (GSI Technology Inc.) Annual report pursuant to Section 13 or 15(d) (10-K) 2009-06-10,GSIT,10-K,2009-06-10,GSIT (GSI Technology Inc.) Annual report pursuant to Section 13 or 15(d) (10-K) 2009-06-10.xlsx,2009,equity,gsi technology inc consoli-2,Total comprehensive income,,,,,,,6789.0,,,,,,,,,,,,,,,,,,,,,,,,,,,,,,,,,,,,,,,,,,,,,,,,,,,,,
GSIT (GSI Technology Inc.) Annual report pursuant to Section 13 or 15(d) (10-K) 2009-06-10,GSIT,10-K,2009-06-10,GSIT (GSI Technology Inc.) Annual report pursuant to Section 13 or 15(d) (10-K) 2009-06-10.xlsx,2009,equity,gsi technology inc consoli-2,"Balance, March 31, 2008",27755490.0,28.0,48139.0,,16.0,28957.0,77140.0,,,,,,,,,,,,,,,,,,,,,,,,,,,,,,,,,,,,,,,,,,,,,,,,,,,,,
GSIT (GSI Technology Inc.) Annual report pursuant to Section 13 or 15(d) (10-K) 2009-06-10,GSIT,10-K,2009-06-10,GSIT (GSI Technology Inc.) Annual report pursuant to Section 13 or 15(d) (10-K) 2009-06-10.xlsx,2009,equity,gsi technology inc consoli-2,Issuance of common stock under employee stock option plans,424226.0,,544.0,,,,544.0,,,,,,,,,,,,,,,,,,,,,,,,,,,,,,,,,,,,,,,,,,,,,,,,,,,,,
GSIT (GSI Technology Inc.) Annual report pursuant to Section 13 or 15(d) (10-K) 2009-06-10,GSIT,10-K,2009-06-10,GSIT (GSI Technology Inc.) Annual report pursuant to Section 13 or 15(d) (10-K) 2009-06-10.xlsx,2009,equity,gsi technology inc consoli-2,Repurchase of common stock,-1460179.0,-1.0,-4089.0,,,,-4090.0,,,,,,,,,,,,,,,,,,,,,,,,,,,,,,,,,,,,,,,,,,,,,,,,,,,,,
GSIT (GSI Technology Inc.) Annual report pursuant to Section 13 or 15(d) (10-K) 2009-06-10,GSIT,10-K,2009-06-10,GSIT (GSI Technology Inc.) Annual report pursuant to Section 13 or 15(d) (10-K) 2009-06-10.xlsx,2009,equity,gsi technology inc consoli-2,Stock-based compensation expense,,,1328.0,,,,1328.0,,,,,,,,,,,,,,,,,,,,,,,,,,,,,,,,,,,,,,,,,,,,,,,,,,,,,
GSIT (GSI Technology Inc.) Annual report pursuant to Section 13 or 15(d) (10-K) 2009-06-10,GSIT,10-K,2009-06-10,GSIT (GSI Technology Inc.) Annual report pursuant to Section 13 or 15(d) (10-K) 2009-06-10.xlsx,2009,equity,gsi technology inc consoli-2,Windfall tax benefit from stock options exercised,,,280.0,,,,280.0,,,,,,,,,,,,,,,,,,,,,,,,,,,,,,,,,,,,,,,,,,,,,,,,,,,,,
GSIT (GSI Technology Inc.) Annual report pursuant to Section 13 or 15(d) (10-K) 2009-06-10,GSIT,10-K,2009-06-10,GSIT (GSI Technology Inc.) Annual report pursuant to Section 13 or 15(d) (10-K) 2009-06-10.xlsx,2009,equity,gsi technology inc consoli-2,Net income,,,,,,9289.0,9289.0,,,,,,,,,,,,,,,,,,,,,,,,,,,,,,,,,,,,,,,,,,,,,,,,,,,,,
GSIT (GSI Technology Inc.) Annual report pursuant to Section 13 or 15(d) (10-K) 2009-06-10,GSIT,10-K,2009-06-10,GSIT (GSI Technology Inc.) Annual report pursuant to Section 13 or 15(d) (10-K) 2009-06-10.xlsx,2009,equity,gsi technology inc consoli-2,Net unrealized gain on available-for-sale investments,,,,,214.0,,214.0,,,,,,,,,,,,,,,,,,,,,,,,,,,,,,,,,,,,,,,,,,,,,,,,,,,,,
GSIT (GSI Technology Inc.) Annual report pursuant to Section 13 or 15(d) (10-K) 2009-06-10,GSIT,10-K,2009-06-10,GSIT (GSI Technology Inc.) Annual report pursuant to Section 13 or 15(d) (10-K) 2009-06-10.xlsx,2009,equity,gsi technology inc consoli-2,Total comprehensive income,,,,,,,9503.0,,,,,,,,,,,,,,,,,,,,,,,,,,,,,,,,,,,,,,,,,,,,,,,,,,,,,
GSIT (GSI Technology Inc.) Annual report pursuant to Section 13 or 15(d) (10-K) 2009-06-10,GSIT,10-K,2009-06-10,GSIT (GSI Technology Inc.) Annual report pursuant to Section 13 or 15(d) (10-K) 2009-06-10.xlsx,2009,equity,gsi technology inc consoli-2,"Balance, March 31, 2009",26719537.0,,,,,,,,,,,,,,,,,,,,,,,,,,,,,,,,,,,,,,,,,,,,,,,,,,,,,,,,,,,
GSIT (GSI Technology Inc.) Annual report pursuant to Section 13 or 15(d) (10-K) 2010-06-04,GSIT,10-K,2010-06-04,GSIT (GSI Technology Inc.) Annual report pursuant to Section 13 or 15(d) (10-K) 2010-06-04.xlsx,2010,equity,gsi technology inc consoli-1,Total comprehensive income,,,,,,,,,,,,6789.0,,,,,,,,,,,,,,,,,,,,,,,,,,,,,,,,,,,,,,,,,,,,,,,,
GSIT (GSI Technology Inc.) Annual report pursuant to Section 13 or 15(d) (10-K) 2010-06-04,GSIT,10-K,2010-06-04,GSIT (GSI Technology Inc.) Annual report pursuant to Section 13 or 15(d) (10-K) 2010-06-04.xlsx,2010,equity,gsi technology inc consoli-1,"Balance, March 31, 2008",,,,,28957.0,,,27755490.0,28.0,48139.0,16.0,77140.0,,,,,,,,,,,,,,,,,,,,,,,,,,,,,,,,,,,,,,,,,,,,,,,,
GSIT (GSI Technology Inc.) Annual report pursuant to Section 13 or 15(d) (10-K) 2010-06-04,GSIT,10-K,2010-06-04,GSIT (GSI Technology Inc.) Annual report pursuant to Section 13 or 15(d) (10-K) 2010-06-04.xlsx,2010,equity,gsi technology inc consoli-1,Issuance of common stock under employee stock option plans,,,,,,,,424226.0,,544.0,,544.0,,,,,,,,,,,,,,,,,,,,,,,,,,,,,,,,,,,,,,,,,,,,,,,,
GSIT (GSI Technology Inc.) Annual report pursuant to Section 13 or 15(d) (10-K) 2010-06-04,GSIT,10-K,2010-06-04,GSIT (GSI Technology Inc.) Annual report pursuant to Section 13 or 15(d) (10-K) 2010-06-04.xlsx,2010,equity,gsi technology inc consoli-1,Repurchase of common stock,,,,,,,,-1460179.0,-1.0,-4089.0,,-4090.0,,,,,,,,,,,,,,,,,,,,,,,,,,,,,,,,,,,,,,,,,,,,,,,,
GSIT (GSI Technology Inc.) Annual report pursuant to Section 13 or 15(d) (10-K) 2010-06-04,GSIT,10-K,2010-06-04,GSIT (GSI Technology Inc.) Annual report pursuant to Section 13 or 15(d) (10-K) 2010-06-04.xlsx,2010,equity,gsi technology inc consoli-1,Stock-based compensation expense,,,,,,,,,,1328.0,,1328.0,,,,,,,,,,,,,,,,,,,,,,,,,,,,,,,,,,,,,,,,,,,,,,,,
GSIT (GSI Technology Inc.) Annual report pursuant to Section 13 or 15(d) (10-K) 2010-06-04,GSIT,10-K,2010-06-04,GSIT (GSI Technology Inc.) Annual report pursuant to Section 13 or 15(d) (10-K) 2010-06-04.xlsx,2010,equity,gsi technology inc consoli-1,Windfall tax benefit from stock options exercised,,,,,,,,,,280.0,,280.0,,,,,,,,,,,,,,,,,,,,,,,,,,,,,,,,,,,,,,,,,,,,,,,,
GSIT (GSI Technology Inc.) Annual report pursuant to Section 13 or 15(d) (10-K) 2010-06-04,GSIT,10-K,2010-06-04,GSIT (GSI Technology Inc.) Annual report pursuant to Section 13 or 15(d) (10-K) 2010-06-04.xlsx,2010,equity,gsi technology inc consoli-1,Net income,,,,,9289.0,,,,,,,9289.0,,,,,,,,,,,,,,,,,,,,,,,,,,,,,,,,,,,,,,,,,,,,,,,,
GSIT (GSI Technology Inc.) Annual report pursuant to Section 13 or 15(d) (10-K) 2010-06-04,GSIT,10-K,2010-06-04,GSIT (GSI Technology Inc.) Annual report pursuant to Section 13 or 15(d) (10-K) 2010-06-04.xlsx,2010,equity,gsi technology inc consoli-1,Net unrealized gain on available-for-sale investments,,,,,,,,,,,214.0,214.0,,,,,,,,,,,,,,,,,,,,,,,,,,,,,,,,,,,,,,,,,,,,,,,,
GSIT (GSI Technology Inc.) Annual report pursuant to Section 13 or 15(d) (10-K) 2010-06-04,GSIT,10-K,2010-06-04,GSIT (GSI Technology Inc.) Annual report pursuant to Section 13 or 15(d) (10-K) 2010-06-04.xlsx,2010,equity,gsi technology inc consoli-1,Total comprehensive income,,,,,,,,,,,,9503.0,,,,,,,,,,,,,,,,,,,,,,,,,,,,,,,,,,,,,,,,,,,,,,,,
GSIT (GSI Technology Inc.) Annual report pursuant to Section 13 or 15(d) (10-K) 2010-06-04,GSIT,10-K,2010-06-04,GSIT (GSI Technology Inc.) Annual report pursuant to Section 13 or 15(d) (10-K) 2010-06-04.xlsx,2010,equity,gsi technology inc consoli-1,"Balance, March 31, 2009",,,,,38246.0,,,26719537.0,27.0,46202.0,230.0,84705.0,,,,,,,,,,,,,,,,,,,,,,,,,,,,,,,,,,,,,,,,,,,,,,,,
GSIT (GSI Technology Inc.) Annual report pursuant to Section 13 or 15(d) (10-K) 2010-06-04,GSIT,10-K,2010-06-04,GSIT (GSI Technology Inc.) Annual report pursuant to Section 13 or 15(d) (10-K) 2010-06-04.xlsx,2010,equity,gsi technology inc consoli-1,Issuance of common stock under employee stock option plans,,,,,,,,877369.0,1.0,1637.0,,1638.0,,,,,,,,,,,,,,,,,,,,,,,,,,,,,,,,,,,,,,,,,,,,,,,,
GSIT (GSI Technology Inc.) Annual report pursuant to Section 13 or 15(d) (10-K) 2010-06-04,GSIT,10-K,2010-06-04,GSIT (GSI Technology Inc.) Annual report pursuant to Section 13 or 15(d) (10-K) 2010-06-04.xlsx,2010,equity,gsi technology inc consoli-1,Repurchase of common stock,,,,,,,,-21783.0,,-58.0,,-58.0,,,,,,,,,,,,,,,,,,,,,,,,,,,,,,,,,,,,,,,,,,,,,,,,
GSIT (GSI Technology Inc.) Annual report pursuant to Section 13 or 15(d) (10-K) 2010-06-04,GSIT,10-K,2010-06-04,GSIT (GSI Technology Inc.) Annual report pursuant to Section 13 or 15(d) (10-K) 2010-06-04.xlsx,2010,equity,gsi technology inc consoli-1,Stock-based compensation expense,,,,,,,,,,1479.0,,1479.0,,,,,,,,,,,,,,,,,,,,,,,,,,,,,,,,,,,,,,,,,,,,,,,,
GSIT (GSI Technology Inc.) Annual report pursuant to Section 13 or 15(d) (10-K) 2010-06-04,GSIT,10-K,2010-06-04,GSIT (GSI Technology Inc.) Annual report pursuant to Section 13 or 15(d) (10-K) 2010-06-04.xlsx,2010,equity,gsi technology inc consoli-1,Windfall tax benefit from stock options exercised,,,,,,,,,,612.0,,612.0,,,,,,,,,,,,,,,,,,,,,,,,,,,,,,,,,,,,,,,,,,,,,,,,
GSIT (GSI Technology Inc.) Annual report pursuant to Section 13 or 15(d) (10-K) 2010-06-04,GSIT,10-K,2010-06-04,GSIT (GSI Technology Inc.) Annual report pursuant to Section 13 or 15(d) (10-K) 2010-06-04.xlsx,2010,equity,gsi technology inc consoli-1,Net income,,,,,10383.0,,,,,,,10383.0,,,,,,,,,,,,,,,,,,,,,,,,,,,,,,,,,,,,,,,,,,,,,,,,
GSIT (GSI Technology Inc.) Annual report pursuant to Section 13 or 15(d) (10-K) 2010-06-04,GSIT,10-K,2010-06-04,GSIT (GSI Technology Inc.) Annual report pursuant to Section 13 or 15(d) (10-K) 2010-06-04.xlsx,2010,equity,gsi technology inc consoli-1,Net unrealized loss on available-for-sale investments,,,,,,,,,,,-40.0,-40.0,,,,,,,,,,,,,,,,,,,,,,,,,,,,,,,,,,,,,,,,,,,,,,,,
GSIT (GSI Technology Inc.) Annual report pursuant to Section 13 or 15(d) (10-K) 2010-06-04,GSIT,10-K,2010-06-04,GSIT (GSI Technology Inc.) Annual report pursuant to Section 13 or 15(d) (10-K) 2010-06-04.xlsx,2010,equity,gsi technology inc consoli-1,Total comprehensive income,,,,,,,,,,,,10343.0,,,,,,,,,,,,,,,,,,,,,,,,,,,,,,,,,,,,,,,,,,,,,,,,
GSIT (GSI Technology Inc.) Annual report pursuant to Section 13 or 15(d) (10-K) 2010-06-04,GSIT,10-K,2010-06-04,GSIT (GSI Technology Inc.) Annual report pursuant to Section 13 or 15(d) (10-K) 2010-06-04.xlsx,2010,equity,gsi technology inc consoli-1,"Balance, March 31, 2010",,,,,,,,27575123.0,,,,,,,,,,,,,,,,,,,,,,,,,,,,,,,,,,,,,,,,,,,,,,,,,,,,
GSIT (GSI Technology Inc.) Annual report pursuant to Section 13 or 15(d) (10-K) 2011-06-02,GSIT,10-K,2011-06-02,GSIT (GSI Technology Inc.) Annual report pursuant to Section 13 or 15(d) (10-K) 2011-06-02.xlsx,2011,equity,stockholders equity,Issuance of common stock under employee stock option plans,,,,,,,,,,,,,877369.0,1.0,1637.0,,,1638.0,,,,,,,,,,,,,,,,,,,,,,,,,,,,,,,,,,,,,,,,,,
GSIT (GSI Technology Inc.) Annual report pursuant to Section 13 or 15(d) (10-K) 2011-06-02,GSIT,10-K,2011-06-02,GSIT (GSI Technology Inc.) Annual report pursuant to Section 13 or 15(d) (10-K) 2011-06-02.xlsx,2011,equity,stockholders equity,Repurchase of common stock,,,,,,,,,,,,,-21783.0,,-58.0,,,-58.0,,,,,,,,,,,,,,,,,,,,,,,,,,,,,,,,,,,,,,,,,,
GSIT (GSI Technology Inc.) Annual report pursuant to Section 13 or 15(d) (10-K) 2011-06-02,GSIT,10-K,2011-06-02,GSIT (GSI Technology Inc.) Annual report pursuant to Section 13 or 15(d) (10-K) 2011-06-02.xlsx,2011,equity,stockholders equity,Stock-based compensation expense,,,,,,,,,,,,,,,1479.0,,,1479.0,,,,,,,,,,,,,,,,,,,,,,,,,,,,,,,,,,,,,,,,,,
GSIT (GSI Technology Inc.) Annual report pursuant to Section 13 or 15(d) (10-K) 2011-06-02,GSIT,10-K,2011-06-02,GSIT (GSI Technology Inc.) Annual report pursuant to Section 13 or 15(d) (10-K) 2011-06-02.xlsx,2011,equity,stockholders equity,Windfall tax benefit from stock options exercised,,,,,,,,,,,,,,,612.0,,,612.0,,,,,,,,,,,,,,,,,,,,,,,,,,,,,,,,,,,,,,,,,,
GSIT (GSI Technology Inc.) Annual report pursuant to Section 13 or 15(d) (10-K) 2011-06-02,GSIT,10-K,2011-06-02,GSIT (GSI Technology Inc.) Annual report pursuant to Section 13 or 15(d) (10-K) 2011-06-02.xlsx,2011,equity,stockholders equity,Net income,,,,,,,,,,,,,,,,,10383.0,10383.0,,,,,,,,,,,,,,,,,,,,,,,,,,,,,,,,,,,,,,,,,,
GSIT (GSI Technology Inc.) Annual report pursuant to Section 13 or 15(d) (10-K) 2011-06-02,GSIT,10-K,2011-06-02,GSIT (GSI Technology Inc.) Annual report pursuant to Section 13 or 15(d) (10-K) 2011-06-02.xlsx,2011,equity,stockholders equity,Net unrealized loss on available-for-sale investments,,,,,,,,,,,,,,,,-40.0,,-40.0,,,,,,,,,,,,,,,,,,,,,,,,,,,,,,,,,,,,,,,,,,
GSIT (GSI Technology Inc.) Annual report pursuant to Section 13 or 15(d) (10-K) 2011-06-02,GSIT,10-K,2011-06-02,GSIT (GSI Technology Inc.) Annual report pursuant to Section 13 or 15(d) (10-K) 2011-06-02.xlsx,2011,equity,stockholders equity,Total comprehensive income,,,,,,,,,,,,,,,,,,10343.0,,,,,,,,,,,,,,,,,,,,,,,,,,,,,,,,,,,,,,,,,,
GSIT (GSI Technology Inc.) Annual report pursuant to Section 13 or 15(d) (10-K) 2011-06-02,GSIT,10-K,2011-06-02,GSIT (GSI Technology Inc.) Annual report pursuant to Section 13 or 15(d) (10-K) 2011-06-02.xlsx,2011,equity,stockholders equity,"Balance, March 31, 2010",,,,,,,,,,,,,27575123.0,28.0,49872.0,190.0,48629.0,98719.0,,,,,,,,,,,,,,,,,,,,,,,,,,,,,,,,,,,,,,,,,,
GSIT (GSI Technology Inc.) Annual report pursuant to Section 13 or 15(d) (10-K) 2011-06-02,GSIT,10-K,2011-06-02,GSIT (GSI Technology Inc.) Annual report pursuant to Section 13 or 15(d) (10-K) 2011-06-02.xlsx,2011,equity,stockholders equity,Issuance of common stock under employee stock option plans,,,,,,,,,,,,,1073910.0,1.0,4597.0,,,4598.0,,,,,,,,,,,,,,,,,,,,,,,,,,,,,,,,,,,,,,,,,,
GSIT (GSI Technology Inc.) Annual report pursuant to Section 13 or 15(d) (10-K) 2011-06-02,GSIT,10-K,2011-06-02,GSIT (GSI Technology Inc.) Annual report pursuant to Section 13 or 15(d) (10-K) 2011-06-02.xlsx,2011,equity,stockholders equity,Stock-based compensation expense,,,,,,,,,,,,,,,1712.0,,,1712.0,,,,,,,,,,,,,,,,,,,,,,,,,,,,,,,,,,,,,,,,,,
GSIT (GSI Technology Inc.) Annual report pursuant to Section 13 or 15(d) (10-K) 2011-06-02,GSIT,10-K,2011-06-02,GSIT (GSI Technology Inc.) Annual report pursuant to Section 13 or 15(d) (10-K) 2011-06-02.xlsx,2011,equity,stockholders equity,Windfall tax benefit from stock options exercised,,,,,,,,,,,,,,,882.0,,,882.0,,,,,,,,,,,,,,,,,,,,,,,,,,,,,,,,,,,,,,,,,,
GSIT (GSI Technology Inc.) Annual report pursuant to Section 13 or 15(d) (10-K) 2011-06-02,GSIT,10-K,2011-06-02,GSIT (GSI Technology Inc.) Annual report pursuant to Section 13 or 15(d) (10-K) 2011-06-02.xlsx,2011,equity,stockholders equity,Net income,,,,,,,,,,,,,,,,,18876.0,18876.0,,,,,,,,,,,,,,,,,,,,,,,,,,,,,,,,,,,,,,,,,,
GSIT (GSI Technology Inc.) Annual report pursuant to Section 13 or 15(d) (10-K) 2011-06-02,GSIT,10-K,2011-06-02,GSIT (GSI Technology Inc.) Annual report pursuant to Section 13 or 15(d) (10-K) 2011-06-02.xlsx,2011,equity,stockholders equity,Net unrealized loss on available-for-sale investments,,,,,,,,,,,,,,,,-107.0,,-107.0,,,,,,,,,,,,,,,,,,,,,,,,,,,,,,,,,,,,,,,,,,
GSIT (GSI Technology Inc.) Annual report pursuant to Section 13 or 15(d) (10-K) 2011-06-02,GSIT,10-K,2011-06-02,GSIT (GSI Technology Inc.) Annual report pursuant to Section 13 or 15(d) (10-K) 2011-06-02.xlsx,2011,equity,stockholders equity,Total comprehensive income,,,,,,,,,,,,,,,,,,18769.0,,,,,,,,,,,,,,,,,,,,,,,,,,,,,,,,,,,,,,,,,,
GSIT (GSI Technology Inc.) Annual report pursuant to Section 13 or 15(d) (10-K) 2011-06-02,GSIT,10-K,2011-06-02,GSIT (GSI Technology Inc.) Annual report pursuant to Section 13 or 15(d) (10-K) 2011-06-02.xlsx,2011,equity,stockholders equity,"Balance, March 31, 2011",,,,,,,,,,,,,28649033.0,29.0,57063.0,83.0,67505.0,124680.0,,,,,,,,,,,,,,,,,,,,,,,,,,,,,,,,,,,,,,,,,,
GSIT (GSI Technology Inc.) Annual report pursuant to Section 13 or 15(d) (10-K) 2012-06-04,GSIT,10-K,2012-06-04,GSIT (GSI Technology Inc.) Annual report pursuant to Section 13 or 15(d) (10-K) 2012-06-04.xlsx,2012,equity,stockholders equity,Issuance of common stock under employee stock option plans,,,,,,,,,,,,,,,,,,,1073910.0,1.0,4597.0,,,4598.0,,,,,,,,,,,,,,,,,,,,,,,,,,,,,,,,,,,,
GSIT (GSI Technology Inc.) Annual report pursuant to Section 13 or 15(d) (10-K) 2012-06-04,GSIT,10-K,2012-06-04,GSIT (GSI Technology Inc.) Annual report pursuant to Section 13 or 15(d) (10-K) 2012-06-04.xlsx,2012,equity,stockholders equity,Repurchase of common stock,,,,,,,,,,,,,,,,,,,,,,,,,,,,,,,,,,,,,,,,,,,,,,,,,,,,,,,,,,,,
GSIT (GSI Technology Inc.) Annual report pursuant to Section 13 or 15(d) (10-K) 2012-06-04,GSIT,10-K,2012-06-04,GSIT (GSI Technology Inc.) Annual report pursuant to Section 13 or 15(d) (10-K) 2012-06-04.xlsx,2012,equity,stockholders equity,Stock-based compensation expense,,,,,,,,,,,,,,,,,,,,,1712.0,,,1712.0,,,,,,,,,,,,,,,,,,,,,,,,,,,,,,,,,,,,
GSIT (GSI Technology Inc.) Annual report pursuant to Section 13 or 15(d) (10-K) 2012-06-04,GSIT,10-K,2012-06-04,GSIT (GSI Technology Inc.) Annual report pursuant to Section 13 or 15(d) (10-K) 2012-06-04.xlsx,2012,equity,stockholders equity,Windfall tax benefit from stock options exercised,,,,,,,,,,,,,,,,,,,,,882.0,,,882.0,,,,,,,,,,,,,,,,,,,,,,,,,,,,,,,,,,,,
GSIT (GSI Technology Inc.) Annual report pursuant to Section 13 or 15(d) (10-K) 2012-06-04,GSIT,10-K,2012-06-04,GSIT (GSI Technology Inc.) Annual report pursuant to Section 13 or 15(d) (10-K) 2012-06-04.xlsx,2012,equity,stockholders equity,Net income,,,,,,,,,,,,,,,,,,,,,,,18876.0,18876.0,,,,,,,,,,,,,,,,,,,,,,,,,,,,,,,,,,,,
GSIT (GSI Technology Inc.) Annual report pursuant to Section 13 or 15(d) (10-K) 2012-06-04,GSIT,10-K,2012-06-04,GSIT (GSI Technology Inc.) Annual report pursuant to Section 13 or 15(d) (10-K) 2012-06-04.xlsx,2012,equity,stockholders equity,Net unrealized loss on available-for-sale investments,,,,,,,,,,,,,,,,,,,,,,-107.0,,-107.0,,,,,,,,,,,,,,,,,,,,,,,,,,,,,,,,,,,,
GSIT (GSI Technology Inc.) Annual report pursuant to Section 13 or 15(d) (10-K) 2012-06-04,GSIT,10-K,2012-06-04,GSIT (GSI Technology Inc.) Annual report pursuant to Section 13 or 15(d) (10-K) 2012-06-04.xlsx,2012,equity,stockholders equity,Total comprehensive income,,,,,,,,,,,,,,,,,,,,,,,,18769.0,,,,,,,,,,,,,,,,,,,,,,,,,,,,,,,,,,,,
GSIT (GSI Technology Inc.) Annual report pursuant to Section 13 or 15(d) (10-K) 2012-06-04,GSIT,10-K,2012-06-04,GSIT (GSI Technology Inc.) Annual report pursuant to Section 13 or 15(d) (10-K) 2012-06-04.xlsx,2012,equity,stockholders equity,"Balance, March 31, 2011",,,,,,,,,,,,,,,,,,,28649033.0,29.0,57063.0,83.0,67505.0,124680.0,,,,,,,,,,,,,,,,,,,,,,,,,,,,,,,,,,,,
GSIT (GSI Technology Inc.) Annual report pursuant to Section 13 or 15(d) (10-K) 2012-06-04,GSIT,10-K,2012-06-04,GSIT (GSI Technology Inc.) Annual report pursuant to Section 13 or 15(d) (10-K) 2012-06-04.xlsx,2012,equity,stockholders equity,Issuance of common stock under employee stock option plans,,,,,,,,,,,,,,,,,,,307007.0,,1504.0,,,1504.0,,,,,,,,,,,,,,,,,,,,,,,,,,,,,,,,,,,,
GSIT (GSI Technology Inc.) Annual report pursuant to Section 13 or 15(d) (10-K) 2012-06-04,GSIT,10-K,2012-06-04,GSIT (GSI Technology Inc.) Annual report pursuant to Section 13 or 15(d) (10-K) 2012-06-04.xlsx,2012,equity,stockholders equity,Repurchase of common stock,,,,,,,,,,,,,,,,,,,-1338098.0,-1.0,-6336.0,,,-6337.0,,,,,,,,,,,,,,,,,,,,,,,,,,,,,,,,,,,,
GSIT (GSI Technology Inc.) Annual report pursuant to Section 13 or 15(d) (10-K) 2012-06-04,GSIT,10-K,2012-06-04,GSIT (GSI Technology Inc.) Annual report pursuant to Section 13 or 15(d) (10-K) 2012-06-04.xlsx,2012,equity,stockholders equity,Stock-based compensation expense,,,,,,,,,,,,,,,,,,,,,2096.0,,,2096.0,,,,,,,,,,,,,,,,,,,,,,,,,,,,,,,,,,,,
GSIT (GSI Technology Inc.) Annual report pursuant to Section 13 or 15(d) (10-K) 2012-06-04,GSIT,10-K,2012-06-04,GSIT (GSI Technology Inc.) Annual report pursuant to Section 13 or 15(d) (10-K) 2012-06-04.xlsx,2012,equity,stockholders equity,Windfall tax benefit from stock options exercised,,,,,,,,,,,,,,,,,,,,,75.0,,,75.0,,,,,,,,,,,,,,,,,,,,,,,,,,,,,,,,,,,,
GSIT (GSI Technology Inc.) Annual report pursuant to Section 13 or 15(d) (10-K) 2012-06-04,GSIT,10-K,2012-06-04,GSIT (GSI Technology Inc.) Annual report pursuant to Section 13 or 15(d) (10-K) 2012-06-04.xlsx,2012,equity,stockholders equity,Net income,,,,,,,,,,,,,,,,,,,,,,,6756.0,6756.0,,,,,,,,,,,,,,,,,,,,,,,,,,,,,,,,,,,,
GSIT (GSI Technology Inc.) Annual report pursuant to Section 13 or 15(d) (10-K) 2012-06-04,GSIT,10-K,2012-06-04,GSIT (GSI Technology Inc.) Annual report pursuant to Section 13 or 15(d) (10-K) 2012-06-04.xlsx,2012,equity,stockholders equity,Net unrealized gain on available-for-sale investments,,,,,,,,,,,,,,,,,,,,,,5.0,,5.0,,,,,,,,,,,,,,,,,,,,,,,,,,,,,,,,,,,,
GSIT (GSI Technology Inc.) Annual report pursuant to Section 13 or 15(d) (10-K) 2012-06-04,GSIT,10-K,2012-06-04,GSIT (GSI Technology Inc.) Annual report pursuant to Section 13 or 15(d) (10-K) 2012-06-04.xlsx,2012,equity,stockholders equity,Total comprehensive income,,,,,,,,,,,,,,,,,,,,,,,,6761.0,,,,,,,,,,,,,,,,,,,,,,,,,,,,,,,,,,,,
GSIT (GSI Technology Inc.) Annual report pursuant to Section 13 or 15(d) (10-K) 2012-06-04,GSIT,10-K,2012-06-04,GSIT (GSI Technology Inc.) Annual report pursuant to Section 13 or 15(d) (10-K) 2012-06-04.xlsx,2012,equity,stockholders equity,"Balance, March 31, 2012",,,,,,,,,,,,,,,,,,,27617942.0,28.0,54402.0,88.0,74261.0,128779.0,,,,,,,,,,,,,,,,,,,,,,,,,,,,,,,,,,,,
GSIT (GSI Technology Inc.) Annual report pursuant to Section 13 or 15(d) (10-K) 2013-06-04,GSIT,10-K,2013-06-04,GSIT (GSI Technology Inc.) Annual report pursuant to Section 13 or 15(d) (10-K) 2013-06-04.xlsx,2013,equity,Table-11,Total comprehensive income,,,,,,,,,,,,,,,,,,,,,,,,,,18769.0,,,,,,,,,,,,,,,,,,,,,,,,,,,,,,,,,,
GSIT (GSI Technology Inc.) Annual report pursuant to Section 13 or 15(d) (10-K) 2013-06-04,GSIT,10-K,2013-06-04,GSIT (GSI Technology Inc.) Annual report pursuant to Section 13 or 15(d) (10-K) 2013-06-04.xlsx,2013,equity,Table-11,"Balance, March 31, 2011",,,,,67505.0,,,28649033.0,29.0,57063.0,,,,,,,,,,,,,,,83.0,124680.0,,,,,,,,,,,,,,,,,,,,,,,,,,,,,,,,,,
GSIT (GSI Technology Inc.) Annual report pursuant to Section 13 or 15(d) (10-K) 2013-06-04,GSIT,10-K,2013-06-04,GSIT (GSI Technology Inc.) Annual report pursuant to Section 13 or 15(d) (10-K) 2013-06-04.xlsx,2013,equity,Table-11,"Issuance of common stock
 under employee stock option plans",,,,,,,,307007.0,,1504.0,,,,,,,,,,,,,,,,1504.0,,,,,,,,,,,,,,,,,,,,,,,,,,,,,,,,,,
GSIT (GSI Technology Inc.) Annual report pursuant to Section 13 or 15(d) (10-K) 2013-06-04,GSIT,10-K,2013-06-04,GSIT (GSI Technology Inc.) Annual report pursuant to Section 13 or 15(d) (10-K) 2013-06-04.xlsx,2013,equity,Table-11,Repurchase of common stock,,,,,,,,-1338098.0,-1.0,-6336.0,,,,,,,,,,,,,,,,-6337.0,,,,,,,,,,,,,,,,,,,,,,,,,,,,,,,,,,
GSIT (GSI Technology Inc.) Annual report pursuant to Section 13 or 15(d) (10-K) 2013-06-04,GSIT,10-K,2013-06-04,GSIT (GSI Technology Inc.) Annual report pursuant to Section 13 or 15(d) (10-K) 2013-06-04.xlsx,2013,equity,Table-11,Stock-based compensation expense,,,,,,,,,,2096.0,,,,,,,,,,,,,,,,2096.0,,,,,,,,,,,,,,,,,,,,,,,,,,,,,,,,,,
GSIT (GSI Technology Inc.) Annual report pursuant to Section 13 or 15(d) (10-K) 2013-06-04,GSIT,10-K,2013-06-04,GSIT (GSI Technology Inc.) Annual report pursuant to Section 13 or 15(d) (10-K) 2013-06-04.xlsx,2013,equity,Table-11,"Windfall tax benefit from
 stock options exercised",,,,,,,,,,75.0,,,,,,,,,,,,,,,,75.0,,,,,,,,,,,,,,,,,,,,,,,,,,,,,,,,,,
GSIT (GSI Technology Inc.) Annual report pursuant to Section 13 or 15(d) (10-K) 2013-06-04,GSIT,10-K,2013-06-04,GSIT (GSI Technology Inc.) Annual report pursuant to Section 13 or 15(d) (10-K) 2013-06-04.xlsx,2013,equity,Table-11,Net income,,,,,6756.0,,,,,,,,,,,,,,,,,,,,,6756.0,,,,,,,,,,,,,,,,,,,,,,,,,,,,,,,,,,
GSIT (GSI Technology Inc.) Annual report pursuant to Section 13 or 15(d) (10-K) 2013-06-04,GSIT,10-K,2013-06-04,GSIT (GSI Technology Inc.) Annual report pursuant to Section 13 or 15(d) (10-K) 2013-06-04.xlsx,2013,equity,Table-11,"Net unrealized gain on
 available-for-sale investments",,,,,,,,,,,,,,,,,,,,,,,,,5.0,5.0,,,,,,,,,,,,,,,,,,,,,,,,,,,,,,,,,,
GSIT (GSI Technology Inc.) Annual report pursuant to Section 13 or 15(d) (10-K) 2013-06-04,GSIT,10-K,2013-06-04,GSIT (GSI Technology Inc.) Annual report pursuant to Section 13 or 15(d) (10-K) 2013-06-04.xlsx,2013,equity,Table-11,Total comprehensive income,,,,,,,,,,,,,,,,,,,,,,,,,,6761.0,,,,,,,,,,,,,,,,,,,,,,,,,,,,,,,,,,
GSIT (GSI Technology Inc.) Annual report pursuant to Section 13 or 15(d) (10-K) 2013-06-04,GSIT,10-K,2013-06-04,GSIT (GSI Technology Inc.) Annual report pursuant to Section 13 or 15(d) (10-K) 2013-06-04.xlsx,2013,equity,Table-11,"Balance, March 31, 2012",,,,,74261.0,,,27617942.0,28.0,54402.0,,,,,,,,,,,,,,,88.0,128779.0,,,,,,,,,,,,,,,,,,,,,,,,,,,,,,,,,,
GSIT (GSI Technology Inc.) Annual report pursuant to Section 13 or 15(d) (10-K) 2013-06-04,GSIT,10-K,2013-06-04,GSIT (GSI Technology Inc.) Annual report pursuant to Section 13 or 15(d) (10-K) 2013-06-04.xlsx,2013,equity,Table-11,"Issuance of common stock
 under employee stock option plans",,,,,,,,258437.0,,857.0,,,,,,,,,,,,,,,,857.0,,,,,,,,,,,,,,,,,,,,,,,,,,,,,,,,,,
GSIT (GSI Technology Inc.) Annual report pursuant to Section 13 or 15(d) (10-K) 2013-06-04,GSIT,10-K,2013-06-04,GSIT (GSI Technology Inc.) Annual report pursuant to Section 13 or 15(d) (10-K) 2013-06-04.xlsx,2013,equity,Table-11,Repurchase of common stock,,,,,,,,-811170.0,-1.0,-3625.0,,,,,,,,,,,,,,,,-3626.0,,,,,,,,,,,,,,,,,,,,,,,,,,,,,,,,,,
GSIT (GSI Technology Inc.) Annual report pursuant to Section 13 or 15(d) (10-K) 2013-06-04,GSIT,10-K,2013-06-04,GSIT (GSI Technology Inc.) Annual report pursuant to Section 13 or 15(d) (10-K) 2013-06-04.xlsx,2013,equity,Table-11,Stock-based compensation expense,,,,,,,,,,2278.0,,,,,,,,,,,,,,,,2278.0,,,,,,,,,,,,,,,,,,,,,,,,,,,,,,,,,,
GSIT (GSI Technology Inc.) Annual report pursuant to Section 13 or 15(d) (10-K) 2013-06-04,GSIT,10-K,2013-06-04,GSIT (GSI Technology Inc.) Annual report pursuant to Section 13 or 15(d) (10-K) 2013-06-04.xlsx,2013,equity,Table-11,"Windfall tax benefit from
 stock options exercised",,,,,,,,,,92.0,,,,,,,,,,,,,,,,92.0,,,,,,,,,,,,,,,,,,,,,,,,,,,,,,,,,,
GSIT (GSI Technology Inc.) Annual report pursuant to Section 13 or 15(d) (10-K) 2013-06-04,GSIT,10-K,2013-06-04,GSIT (GSI Technology Inc.) Annual report pursuant to Section 13 or 15(d) (10-K) 2013-06-04.xlsx,2013,equity,Table-11,Net income,,,,,3846.0,,,,,,,,,,,,,,,,,,,,,3846.0,,,,,,,,,,,,,,,,,,,,,,,,,,,,,,,,,,
GSIT (GSI Technology Inc.) Annual report pursuant to Section 13 or 15(d) (10-K) 2013-06-04,GSIT,10-K,2013-06-04,GSIT (GSI Technology Inc.) Annual report pursuant to Section 13 or 15(d) (10-K) 2013-06-04.xlsx,2013,equity,Table-11,"Net unrealized loss on
 available-for-sale investments",,,,,,,,,,,,,,,,,,,,,,,,,-43.0,-43.0,,,,,,,,,,,,,,,,,,,,,,,,,,,,,,,,,,
GSIT (GSI Technology Inc.) Annual report pursuant to Section 13 or 15(d) (10-K) 2013-06-04,GSIT,10-K,2013-06-04,GSIT (GSI Technology Inc.) Annual report pursuant to Section 13 or 15(d) (10-K) 2013-06-04.xlsx,2013,equity,Table-11,Total comprehensive income,,,,,,,,,,,,,,,,,,,,,,,,,,3803.0,,,,,,,,,,,,,,,,,,,,,,,,,,,,,,,,,,
GSIT (GSI Technology Inc.) Annual report pursuant to Section 13 or 15(d) (10-K) 2013-06-04,GSIT,10-K,2013-06-04,GSIT (GSI Technology Inc.) Annual report pursuant to Section 13 or 15(d) (10-K) 2013-06-04.xlsx,2013,equity,Table-11,"Balance, March 31, 2013",,,,,,,,27065209.0,,,,,,,,,,,,,,,,,,,,,,,,,,,,,,,,,,,,,,,,,,,,,,,,,,,,
GSIT (GSI Technology Inc.) Annual report pursuant to Section 13 or 15(d) (10-K) 2014-06-11,GSIT,10-K,2014-06-11,GSIT (GSI Technology Inc.) Annual report pursuant to Section 13 or 15(d) (10-K) 2014-06-11.xlsx,2014,equity,index to consolidated fina-4,"Balance, March 31, 2012",,,,88.0,74261.0,,,27617942.0,28.0,54402.0,,,,,,,,,,,,,,,,,128779.0,,,,,,,,,,,,,,,,,,,,,,,,,,,,,,,,,
GSIT (GSI Technology Inc.) Annual report pursuant to Section 13 or 15(d) (10-K) 2014-06-11,GSIT,10-K,2014-06-11,GSIT (GSI Technology Inc.) Annual report pursuant to Section 13 or 15(d) (10-K) 2014-06-11.xlsx,2014,equity,index to consolidated fina-4,Issuance of common stock under employee stock option plans,,,,,,,,258437.0,,857.0,,,,,,,,,,,,,,,,,857.0,,,,,,,,,,,,,,,,,,,,,,,,,,,,,,,,,
GSIT (GSI Technology Inc.) Annual report pursuant to Section 13 or 15(d) (10-K) 2014-06-11,GSIT,10-K,2014-06-11,GSIT (GSI Technology Inc.) Annual report pursuant to Section 13 or 15(d) (10-K) 2014-06-11.xlsx,2014,equity,index to consolidated fina-4,Repurchase of common stock,,,,,,,,-811170.0,-1.0,-3625.0,,,,,,,,,,,,,,,,,-3626.0,,,,,,,,,,,,,,,,,,,,,,,,,,,,,,,,,
GSIT (GSI Technology Inc.) Annual report pursuant to Section 13 or 15(d) (10-K) 2014-06-11,GSIT,10-K,2014-06-11,GSIT (GSI Technology Inc.) Annual report pursuant to Section 13 or 15(d) (10-K) 2014-06-11.xlsx,2014,equity,index to consolidated fina-4,Stock-based compensation expense,,,,,,,,,,2278.0,,,,,,,,,,,,,,,,,2278.0,,,,,,,,,,,,,,,,,,,,,,,,,,,,,,,,,
GSIT (GSI Technology Inc.) Annual report pursuant to Section 13 or 15(d) (10-K) 2014-06-11,GSIT,10-K,2014-06-11,GSIT (GSI Technology Inc.) Annual report pursuant to Section 13 or 15(d) (10-K) 2014-06-11.xlsx,2014,equity,index to consolidated fina-4,Windfall tax benefit from stock options exercised,,,,,,,,,,92.0,,,,,,,,,,,,,,,,,92.0,,,,,,,,,,,,,,,,,,,,,,,,,,,,,,,,,
GSIT (GSI Technology Inc.) Annual report pursuant to Section 13 or 15(d) (10-K) 2014-06-11,GSIT,10-K,2014-06-11,GSIT (GSI Technology Inc.) Annual report pursuant to Section 13 or 15(d) (10-K) 2014-06-11.xlsx,2014,equity,index to consolidated fina-4,Net income,,,,,3846.0,,,,,,,,,,,,,,,,,,,,,,3846.0,,,,,,,,,,,,,,,,,,,,,,,,,,,,,,,,,
GSIT (GSI Technology Inc.) Annual report pursuant to Section 13 or 15(d) (10-K) 2014-06-11,GSIT,10-K,2014-06-11,GSIT (GSI Technology Inc.) Annual report pursuant to Section 13 or 15(d) (10-K) 2014-06-11.xlsx,2014,equity,index to consolidated fina-4,Net unrealized loss on available-for-sale investments,,,,-43.0,,,,,,,,,,,,,,,,,,,,,,,-43.0,,,,,,,,,,,,,,,,,,,,,,,,,,,,,,,,,
GSIT (GSI Technology Inc.) Annual report pursuant to Section 13 or 15(d) (10-K) 2014-06-11,GSIT,10-K,2014-06-11,GSIT (GSI Technology Inc.) Annual report pursuant to Section 13 or 15(d) (10-K) 2014-06-11.xlsx,2014,equity,index to consolidated fina-4,Total comprehensive income,,,,,,,,,,,,,,,,,,,,,,,,,,,3803.0,,,,,,,,,,,,,,,,,,,,,,,,,,,,,,,,,
GSIT (GSI Technology Inc.) Annual report pursuant to Section 13 or 15(d) (10-K) 2014-06-11,GSIT,10-K,2014-06-11,GSIT (GSI Technology Inc.) Annual report pursuant to Section 13 or 15(d) (10-K) 2014-06-11.xlsx,2014,equity,index to consolidated fina-4,"Balance, March 31, 2013",,,,45.0,78107.0,,,27065209.0,27.0,54004.0,,,,,,,,,,,,,,,,,132183.0,,,,,,,,,,,,,,,,,,,,,,,,,,,,,,,,,
GSIT (GSI Technology Inc.) Annual report pursuant to Section 13 or 15(d) (10-K) 2014-06-11,GSIT,10-K,2014-06-11,GSIT (GSI Technology Inc.) Annual report pursuant to Section 13 or 15(d) (10-K) 2014-06-11.xlsx,2014,equity,index to consolidated fina-4,Issuance of common stock under employee stock option plans,,,,,,,,932800.0,1.0,3080.0,,,,,,,,,,,,,,,,,3081.0,,,,,,,,,,,,,,,,,,,,,,,,,,,,,,,,,
GSIT (GSI Technology Inc.) Annual report pursuant to Section 13 or 15(d) (10-K) 2014-06-11,GSIT,10-K,2014-06-11,GSIT (GSI Technology Inc.) Annual report pursuant to Section 13 or 15(d) (10-K) 2014-06-11.xlsx,2014,equity,index to consolidated fina-4,Repurchase of common stock,,,,,,,,-436527.0,,-2880.0,,,,,,,,,,,,,,,,,-2880.0,,,,,,,,,,,,,,,,,,,,,,,,,,,,,,,,,
GSIT (GSI Technology Inc.) Annual report pursuant to Section 13 or 15(d) (10-K) 2014-06-11,GSIT,10-K,2014-06-11,GSIT (GSI Technology Inc.) Annual report pursuant to Section 13 or 15(d) (10-K) 2014-06-11.xlsx,2014,equity,index to consolidated fina-4,Stock-based compensation expense,,,,,,,,,,2228.0,,,,,,,,,,,,,,,,,2228.0,,,,,,,,,,,,,,,,,,,,,,,,,,,,,,,,,
GSIT (GSI Technology Inc.) Annual report pursuant to Section 13 or 15(d) (10-K) 2014-06-11,GSIT,10-K,2014-06-11,GSIT (GSI Technology Inc.) Annual report pursuant to Section 13 or 15(d) (10-K) 2014-06-11.xlsx,2014,equity,index to consolidated fina-4,Reversal of windfall tax benefit from stock options exercised,,,,,,,,,,-33.0,,,,,,,,,,,,,,,,,-33.0,,,,,,,,,,,,,,,,,,,,,,,,,,,,,,,,,
GSIT (GSI Technology Inc.) Annual report pursuant to Section 13 or 15(d) (10-K) 2014-06-11,GSIT,10-K,2014-06-11,GSIT (GSI Technology Inc.) Annual report pursuant to Section 13 or 15(d) (10-K) 2014-06-11.xlsx,2014,equity,index to consolidated fina-4,Net income (loss),,,,,-6189.0,,,,,,,,,,,,,,,,,,,,,,-6189.0,,,,,,,,,,,,,,,,,,,,,,,,,,,,,,,,,
GSIT (GSI Technology Inc.) Annual report pursuant to Section 13 or 15(d) (10-K) 2014-06-11,GSIT,10-K,2014-06-11,GSIT (GSI Technology Inc.) Annual report pursuant to Section 13 or 15(d) (10-K) 2014-06-11.xlsx,2014,equity,index to consolidated fina-4,Net unrealized loss on available-for-sale investments,,,,-12.0,,,,,,,,,,,,,,,,,,,,,,,-12.0,,,,,,,,,,,,,,,,,,,,,,,,,,,,,,,,,
GSIT (GSI Technology Inc.) Annual report pursuant to Section 13 or 15(d) (10-K) 2014-06-11,GSIT,10-K,2014-06-11,GSIT (GSI Technology Inc.) Annual report pursuant to Section 13 or 15(d) (10-K) 2014-06-11.xlsx,2014,equity,index to consolidated fina-4,Total comprehensive income (loss),,,,,,,,,,,,,,,,,,,,,,,,,,,-6201.0,,,,,,,,,,,,,,,,,,,,,,,,,,,,,,,,,
GSIT (GSI Technology Inc.) Annual report pursuant to Section 13 or 15(d) (10-K) 2014-06-11,GSIT,10-K,2014-06-11,GSIT (GSI Technology Inc.) Annual report pursuant to Section 13 or 15(d) (10-K) 2014-06-11.xlsx,2014,equity,index to consolidated fina-4,"Balance, March 31, 2014",,,,,,,,27561482.0,,,,,,,,,,,,,,,,,,,,,,,,,,,,,,,,,,,,,,,,,,,,,,,,,,,,
GSIT (GSI Technology Inc.) Annual report pursuant to Section 13 or 15(d) (10-K) 2015-06-11,GSIT,10-K,2015-06-11,GSIT (GSI Technology Inc.) Annual report pursuant to Section 13 or 15(d) (10-K) 2015-06-11.xlsx,2015,equity,stockholders equity,"Balance, March 31, 2013",,,,45.0,78107.0,,,27065209.0,27.0,54004.0,,,,,,,,,,,,,,,,,,132183.0,,,,,,,,,,,,,,,,,,,,,,,,,,,,,,,,
GSIT (GSI Technology Inc.) Annual report pursuant to Section 13 or 15(d) (10-K) 2015-06-11,GSIT,10-K,2015-06-11,GSIT (GSI Technology Inc.) Annual report pursuant to Section 13 or 15(d) (10-K) 2015-06-11.xlsx,2015,equity,stockholders equity,"Issuance of common stock
under employee stock option plans",,,,,,,,932800.0,1.0,3080.0,,,,,,,,,,,,,,,,,,3081.0,,,,,,,,,,,,,,,,,,,,,,,,,,,,,,,,
GSIT (GSI Technology Inc.) Annual report pursuant to Section 13 or 15(d) (10-K) 2015-06-11,GSIT,10-K,2015-06-11,GSIT (GSI Technology Inc.) Annual report pursuant to Section 13 or 15(d) (10-K) 2015-06-11.xlsx,2015,equity,stockholders equity,Repurchase and retirement of common stock,,,,,,,,-436527.0,,-2880.0,,,,,,,,,,,,,,,,,,-2880.0,,,,,,,,,,,,,,,,,,,,,,,,,,,,,,,,
GSIT (GSI Technology Inc.) Annual report pursuant to Section 13 or 15(d) (10-K) 2015-06-11,GSIT,10-K,2015-06-11,GSIT (GSI Technology Inc.) Annual report pursuant to Section 13 or 15(d) (10-K) 2015-06-11.xlsx,2015,equity,stockholders equity,Stock-based compensation expense,,,,,,,,,,2228.0,,,,,,,,,,,,,,,,,,2228.0,,,,,,,,,,,,,,,,,,,,,,,,,,,,,,,,
GSIT (GSI Technology Inc.) Annual report pursuant to Section 13 or 15(d) (10-K) 2015-06-11,GSIT,10-K,2015-06-11,GSIT (GSI Technology Inc.) Annual report pursuant to Section 13 or 15(d) (10-K) 2015-06-11.xlsx,2015,equity,stockholders equity,"Windfall tax benefit from
stock options exercised",,,,,,,,,,-33.0,,,,,,,,,,,,,,,,,,-33.0,,,,,,,,,,,,,,,,,,,,,,,,,,,,,,,,
GSIT (GSI Technology Inc.) Annual report pursuant to Section 13 or 15(d) (10-K) 2015-06-11,GSIT,10-K,2015-06-11,GSIT (GSI Technology Inc.) Annual report pursuant to Section 13 or 15(d) (10-K) 2015-06-11.xlsx,2015,equity,stockholders equity,Net loss,,,,,-6189.0,,,,,,,,,,,,,,,,,,,,,,,-6189.0,,,,,,,,,,,,,,,,,,,,,,,,,,,,,,,,
GSIT (GSI Technology Inc.) Annual report pursuant to Section 13 or 15(d) (10-K) 2015-06-11,GSIT,10-K,2015-06-11,GSIT (GSI Technology Inc.) Annual report pursuant to Section 13 or 15(d) (10-K) 2015-06-11.xlsx,2015,equity,stockholders equity,"Net unrealized loss on
available-for-sale investments",,,,-12.0,,,,,,,,,,,,,,,,,,,,,,,,-12.0,,,,,,,,,,,,,,,,,,,,,,,,,,,,,,,,
GSIT (GSI Technology Inc.) Annual report pursuant to Section 13 or 15(d) (10-K) 2015-06-11,GSIT,10-K,2015-06-11,GSIT (GSI Technology Inc.) Annual report pursuant to Section 13 or 15(d) (10-K) 2015-06-11.xlsx,2015,equity,stockholders equity,Total comprehensive loss,,,,,,,,,,,,,,,,,,,,,,,,,,,,-6201.0,,,,,,,,,,,,,,,,,,,,,,,,,,,,,,,,
GSIT (GSI Technology Inc.) Annual report pursuant to Section 13 or 15(d) (10-K) 2015-06-11,GSIT,10-K,2015-06-11,GSIT (GSI Technology Inc.) Annual report pursuant to Section 13 or 15(d) (10-K) 2015-06-11.xlsx,2015,equity,stockholders equity,"Balance, March 31, 2014",,,,33.0,71918.0,,,27561482.0,28.0,56399.0,,,,,,,,,,,,,,,,,,128378.0,,,,,,,,,,,,,,,,,,,,,,,,,,,,,,,,
GSIT (GSI Technology Inc.) Annual report pursuant to Section 13 or 15(d) (10-K) 2015-06-11,GSIT,10-K,2015-06-11,GSIT (GSI Technology Inc.) Annual report pursuant to Section 13 or 15(d) (10-K) 2015-06-11.xlsx,2015,equity,stockholders equity,"Issuance of common stock
under employee stock option plans",,,,,,,,228665.0,,952.0,,,,,,,,,,,,,,,,,,952.0,,,,,,,,,,,,,,,,,,,,,,,,,,,,,,,,
GSIT (GSI Technology Inc.) Annual report pursuant to Section 13 or 15(d) (10-K) 2015-06-11,GSIT,10-K,2015-06-11,GSIT (GSI Technology Inc.) Annual report pursuant to Section 13 or 15(d) (10-K) 2015-06-11.xlsx,2015,equity,stockholders equity,Repurchase and retirement of common stock,,,,,,,,-4661775.0,-5.0,-30021.0,,,,,,,,,,,,,,,,,,-30026.0,,,,,,,,,,,,,,,,,,,,,,,,,,,,,,,,
GSIT (GSI Technology Inc.) Annual report pursuant to Section 13 or 15(d) (10-K) 2015-06-11,GSIT,10-K,2015-06-11,GSIT (GSI Technology Inc.) Annual report pursuant to Section 13 or 15(d) (10-K) 2015-06-11.xlsx,2015,equity,stockholders equity,Stock-based compensation expense,,,,,,,,,,2077.0,,,,,,,,,,,,,,,,,,2077.0,,,,,,,,,,,,,,,,,,,,,,,,,,,,,,,,
GSIT (GSI Technology Inc.) Annual report pursuant to Section 13 or 15(d) (10-K) 2015-06-11,GSIT,10-K,2015-06-11,GSIT (GSI Technology Inc.) Annual report pursuant to Section 13 or 15(d) (10-K) 2015-06-11.xlsx,2015,equity,stockholders equity,Net loss,,,,,-4978.0,,,,,,,,,,,,,,,,,,,,,,,-4978.0,,,,,,,,,,,,,,,,,,,,,,,,,,,,,,,,
GSIT (GSI Technology Inc.) Annual report pursuant to Section 13 or 15(d) (10-K) 2015-06-11,GSIT,10-K,2015-06-11,GSIT (GSI Technology Inc.) Annual report pursuant to Section 13 or 15(d) (10-K) 2015-06-11.xlsx,2015,equity,stockholders equity,"Net unrealized loss on
available-for-sale investments",,,,-7.0,,,,,,,,,,,,,,,,,,,,,,,,-7.0,,,,,,,,,,,,,,,,,,,,,,,,,,,,,,,,
GSIT (GSI Technology Inc.) Annual report pursuant to Section 13 or 15(d) (10-K) 2015-06-11,GSIT,10-K,2015-06-11,GSIT (GSI Technology Inc.) Annual report pursuant to Section 13 or 15(d) (10-K) 2015-06-11.xlsx,2015,equity,stockholders equity,Total comprehensive loss,,,,,,,,,,,,,,,,,,,,,,,,,,,,-4985.0,,,,,,,,,,,,,,,,,,,,,,,,,,,,,,,,
GSIT (GSI Technology Inc.) Annual report pursuant to Section 13 or 15(d) (10-K) 2015-06-11,GSIT,10-K,2015-06-11,GSIT (GSI Technology Inc.) Annual report pursuant to Section 13 or 15(d) (10-K) 2015-06-11.xlsx,2015,equity,stockholders equity,"Balance, March 31, 2015",,,,,,,,23128372.0,,,,,,,,,,,,,,,,,,,,,,,,,,,,,,,,,,,,,,,,,,,,,,,,,,,,
GSIT (GSI Technology Inc.) Annual report pursuant to Section 13 or 15(d) (10-K) 2016-06-10,GSIT,10-K,2016-06-10,GSIT (GSI Technology Inc.) Annual report pursuant to Section 13 or 15(d) (10-K) 2016-06-10.xlsx,2016,equity,stockholders equity,"Balance, March 31, 2014",,,,33.0,71918.0,,,27561482.0,28.0,56399.0,,,,,,,,,,,,,,,,,,,128378.0,,,,,,,,,,,,,,,,,,,,,,,,,,,,,,,
GSIT (GSI Technology Inc.) Annual report pursuant to Section 13 or 15(d) (10-K) 2016-06-10,GSIT,10-K,2016-06-10,GSIT (GSI Technology Inc.) Annual report pursuant to Section 13 or 15(d) (10-K) 2016-06-10.xlsx,2016,equity,stockholders equity,"Issuance of common stock

 under employee stock option plans",,,,,,,,228665.0,,952.0,,,,,,,,,,,,,,,,,,,952.0,,,,,,,,,,,,,,,,,,,,,,,,,,,,,,,
GSIT (GSI Technology Inc.) Annual report pursuant to Section 13 or 15(d) (10-K) 2016-06-10,GSIT,10-K,2016-06-10,GSIT (GSI Technology Inc.) Annual report pursuant to Section 13 or 15(d) (10-K) 2016-06-10.xlsx,2016,equity,stockholders equity,Repurchase and retirement of common stock,,,,,,,,-4661775.0,-5.0,-30021.0,,,,,,,,,,,,,,,,,,,-30026.0,,,,,,,,,,,,,,,,,,,,,,,,,,,,,,,
GSIT (GSI Technology Inc.) Annual report pursuant to Section 13 or 15(d) (10-K) 2016-06-10,GSIT,10-K,2016-06-10,GSIT (GSI Technology Inc.) Annual report pursuant to Section 13 or 15(d) (10-K) 2016-06-10.xlsx,2016,equity,stockholders equity,Stock-based compensation expense,,,,,,,,,,2077.0,,,,,,,,,,,,,,,,,,,2077.0,,,,,,,,,,,,,,,,,,,,,,,,,,,,,,,
GSIT (GSI Technology Inc.) Annual report pursuant to Section 13 or 15(d) (10-K) 2016-06-10,GSIT,10-K,2016-06-10,GSIT (GSI Technology Inc.) Annual report pursuant to Section 13 or 15(d) (10-K) 2016-06-10.xlsx,2016,equity,stockholders equity,Net loss,,,,,-4978.0,,,,,,,,,,,,,,,,,,,,,,,,-4978.0,,,,,,,,,,,,,,,,,,,,,,,,,,,,,,,
GSIT (GSI Technology Inc.) Annual report pursuant to Section 13 or 15(d) (10-K) 2016-06-10,GSIT,10-K,2016-06-10,GSIT (GSI Technology Inc.) Annual report pursuant to Section 13 or 15(d) (10-K) 2016-06-10.xlsx,2016,equity,stockholders equity,"Net unrealized loss on

 available-for-sale investments",,,,-7.0,,,,,,,,,,,,,,,,,,,,,,,,,-7.0,,,,,,,,,,,,,,,,,,,,,,,,,,,,,,,
GSIT (GSI Technology Inc.) Annual report pursuant to Section 13 or 15(d) (10-K) 2016-06-10,GSIT,10-K,2016-06-10,GSIT (GSI Technology Inc.) Annual report pursuant to Section 13 or 15(d) (10-K) 2016-06-10.xlsx,2016,equity,stockholders equity,Total comprehensive loss,,,,,,,,,,,,,,,,,,,,,,,,,,,,,-4985.0,,,,,,,,,,,,,,,,,,,,,,,,,,,,,,,
GSIT (GSI Technology Inc.) Annual report pursuant to Section 13 or 15(d) (10-K) 2016-06-10,GSIT,10-K,2016-06-10,GSIT (GSI Technology Inc.) Annual report pursuant to Section 13 or 15(d) (10-K) 2016-06-10.xlsx,2016,equity,stockholders equity,"Balance, March 31, 2015",,,,26.0,66940.0,,,23128372.0,23.0,29407.0,,,,,,,,,,,,,,,,,,,96396.0,,,,,,,,,,,,,,,,,,,,,,,,,,,,,,,
GSIT (GSI Technology Inc.) Annual report pursuant to Section 13 or 15(d) (10-K) 2016-06-10,GSIT,10-K,2016-06-10,GSIT (GSI Technology Inc.) Annual report pursuant to Section 13 or 15(d) (10-K) 2016-06-10.xlsx,2016,equity,stockholders equity,"Issuance of common stock

 under employee stock option plans",,,,,,,,199961.0,,818.0,,,,,,,,,,,,,,,,,,,818.0,,,,,,,,,,,,,,,,,,,,,,,,,,,,,,,
GSIT (GSI Technology Inc.) Annual report pursuant to Section 13 or 15(d) (10-K) 2016-06-10,GSIT,10-K,2016-06-10,GSIT (GSI Technology Inc.) Annual report pursuant to Section 13 or 15(d) (10-K) 2016-06-10.xlsx,2016,equity,stockholders equity,Repurchase and retirement of common stock,,,,,,,,-1611969.0,-1.0,-7025.0,,,,,,,,,,,,,,,,,,,-7026.0,,,,,,,,,,,,,,,,,,,,,,,,,,,,,,,
GSIT (GSI Technology Inc.) Annual report pursuant to Section 13 or 15(d) (10-K) 2016-06-10,GSIT,10-K,2016-06-10,GSIT (GSI Technology Inc.) Annual report pursuant to Section 13 or 15(d) (10-K) 2016-06-10.xlsx,2016,equity,stockholders equity,Stock-based compensation expense,,,,,,,,,,1850.0,,,,,,,,,,,,,,,,,,,1850.0,,,,,,,,,,,,,,,,,,,,,,,,,,,,,,,
GSIT (GSI Technology Inc.) Annual report pursuant to Section 13 or 15(d) (10-K) 2016-06-10,GSIT,10-K,2016-06-10,GSIT (GSI Technology Inc.) Annual report pursuant to Section 13 or 15(d) (10-K) 2016-06-10.xlsx,2016,equity,stockholders equity,Net loss,,,,,-2170.0,,,,,,,,,,,,,,,,,,,,,,,,-2170.0,,,,,,,,,,,,,,,,,,,,,,,,,,,,,,,
GSIT (GSI Technology Inc.) Annual report pursuant to Section 13 or 15(d) (10-K) 2016-06-10,GSIT,10-K,2016-06-10,GSIT (GSI Technology Inc.) Annual report pursuant to Section 13 or 15(d) (10-K) 2016-06-10.xlsx,2016,equity,stockholders equity,"Net unrealized gain on

 available-for-sale investments",,,,1.0,,,,,,,,,,,,,,,,,,,,,,,,,1.0,,,,,,,,,,,,,,,,,,,,,,,,,,,,,,,
GSIT (GSI Technology Inc.) Annual report pursuant to Section 13 or 15(d) (10-K) 2016-06-10,GSIT,10-K,2016-06-10,GSIT (GSI Technology Inc.) Annual report pursuant to Section 13 or 15(d) (10-K) 2016-06-10.xlsx,2016,equity,stockholders equity,Total comprehensive loss,,,,,,,,,,,,,,,,,,,,,,,,,,,,,-2169.0,,,,,,,,,,,,,,,,,,,,,,,,,,,,,,,
GSIT (GSI Technology Inc.) Annual report pursuant to Section 13 or 15(d) (10-K) 2016-06-10,GSIT,10-K,2016-06-10,GSIT (GSI Technology Inc.) Annual report pursuant to Section 13 or 15(d) (10-K) 2016-06-10.xlsx,2016,equity,stockholders equity,"Balance, March 31, 2016",,,,,,,,21716364.0,,,,,,,,,,,,,,,,,,,,,,,,,,,,,,,,,,,,,,,,,,,,,,,,,,,,
GSIT (GSI Technology Inc.) Annual report pursuant to Section 13 or 15(d) (10-K) 2017-06-05,GSIT,10-K,2017-06-05,GSIT (GSI Technology Inc.) Annual report pursuant to Section 13 or 15(d) (10-K) 2017-06-05.xlsx,2017,equity,stockholders equity,Total comprehensive loss,,,,,,,,,,,,,,,,,,,,,,,,,,,,,,,-4985.0,,,,,,,,,,,,,,,,,,,,,,,,,,,,,
GSIT (GSI Technology Inc.) Annual report pursuant to Section 13 or 15(d) (10-K) 2017-06-05,GSIT,10-K,2017-06-05,GSIT (GSI Technology Inc.) Annual report pursuant to Section 13 or 15(d) (10-K) 2017-06-05.xlsx,2017,equity,stockholders equity,"Balance, March 31, 2015",,,,,66940.0,,,23128372.0,23.0,29407.0,,,,,,,,,,,,,,,,,,,,26.0,96396.0,,,,,,,,,,,,,,,,,,,,,,,,,,,,,
GSIT (GSI Technology Inc.) Annual report pursuant to Section 13 or 15(d) (10-K) 2017-06-05,GSIT,10-K,2017-06-05,GSIT (GSI Technology Inc.) Annual report pursuant to Section 13 or 15(d) (10-K) 2017-06-05.xlsx,2017,equity,stockholders equity,Issuance of common stock under employee stock option plans,,,,,,,,199961.0,,818.0,,,,,,,,,,,,,,,,,,,,,818.0,,,,,,,,,,,,,,,,,,,,,,,,,,,,,
GSIT (GSI Technology Inc.) Annual report pursuant to Section 13 or 15(d) (10-K) 2017-06-05,GSIT,10-K,2017-06-05,GSIT (GSI Technology Inc.) Annual report pursuant to Section 13 or 15(d) (10-K) 2017-06-05.xlsx,2017,equity,stockholders equity,Repurchase and retirement of common stock,,,,,,,,-1611969.0,-1.0,-7025.0,,,,,,,,,,,,,,,,,,,,,-7026.0,,,,,,,,,,,,,,,,,,,,,,,,,,,,,
GSIT (GSI Technology Inc.) Annual report pursuant to Section 13 or 15(d) (10-K) 2017-06-05,GSIT,10-K,2017-06-05,GSIT (GSI Technology Inc.) Annual report pursuant to Section 13 or 15(d) (10-K) 2017-06-05.xlsx,2017,equity,stockholders equity,Stock-based compensation expense,,,,,,,,,,1850.0,,,,,,,,,,,,,,,,,,,,,1850.0,,,,,,,,,,,,,,,,,,,,,,,,,,,,,
GSIT (GSI Technology Inc.) Annual report pursuant to Section 13 or 15(d) (10-K) 2017-06-05,GSIT,10-K,2017-06-05,GSIT (GSI Technology Inc.) Annual report pursuant to Section 13 or 15(d) (10-K) 2017-06-05.xlsx,2017,equity,stockholders equity,Net loss,,,,,-2170.0,,,,,,,,,,,,,,,,,,,,,,,,,,-2170.0,,,,,,,,,,,,,,,,,,,,,,,,,,,,,
GSIT (GSI Technology Inc.) Annual report pursuant to Section 13 or 15(d) (10-K) 2017-06-05,GSIT,10-K,2017-06-05,GSIT (GSI Technology Inc.) Annual report pursuant to Section 13 or 15(d) (10-K) 2017-06-05.xlsx,2017,equity,stockholders equity,Net unrealized gain on available-for-sale investments,,,,,,,,,,,,,,,,,,,,,,,,,,,,,,1.0,1.0,,,,,,,,,,,,,,,,,,,,,,,,,,,,,
GSIT (GSI Technology Inc.) Annual report pursuant to Section 13 or 15(d) (10-K) 2017-06-05,GSIT,10-K,2017-06-05,GSIT (GSI Technology Inc.) Annual report pursuant to Section 13 or 15(d) (10-K) 2017-06-05.xlsx,2017,equity,stockholders equity,Total comprehensive loss,,,,,,,,,,,,,,,,,,,,,,,,,,,,,,,-2169.0,,,,,,,,,,,,,,,,,,,,,,,,,,,,,
GSIT (GSI Technology Inc.) Annual report pursuant to Section 13 or 15(d) (10-K) 2017-06-05,GSIT,10-K,2017-06-05,GSIT (GSI Technology Inc.) Annual report pursuant to Section 13 or 15(d) (10-K) 2017-06-05.xlsx,2017,equity,stockholders equity,"Balance, March 31, 2016",,,,,64770.0,,,21716364.0,22.0,25050.0,,,,,,,,,,,,,,,,,,,,27.0,89869.0,,,,,,,,,,,,,,,,,,,,,,,,,,,,,
GSIT (GSI Technology Inc.) Annual report pursuant to Section 13 or 15(d) (10-K) 2017-06-05,GSIT,10-K,2017-06-05,GSIT (GSI Technology Inc.) Annual report pursuant to Section 13 or 15(d) (10-K) 2017-06-05.xlsx,2017,equity,stockholders equity,Issuance of common stock under employee stock option plans,,,,,,,,539834.0,1.0,2013.0,,,,,,,,,,,,,,,,,,,,,2014.0,,,,,,,,,,,,,,,,,,,,,,,,,,,,,
GSIT (GSI Technology Inc.) Annual report pursuant to Section 13 or 15(d) (10-K) 2017-06-05,GSIT,10-K,2017-06-05,GSIT (GSI Technology Inc.) Annual report pursuant to Section 13 or 15(d) (10-K) 2017-06-05.xlsx,2017,equity,stockholders equity,Repurchase and retirement of common stock,,,,,,,,-1643441.0,-2.0,-7110.0,,,,,,,,,,,,,,,,,,,,,-7112.0,,,,,,,,,,,,,,,,,,,,,,,,,,,,,
GSIT (GSI Technology Inc.) Annual report pursuant to Section 13 or 15(d) (10-K) 2017-06-05,GSIT,10-K,2017-06-05,GSIT (GSI Technology Inc.) Annual report pursuant to Section 13 or 15(d) (10-K) 2017-06-05.xlsx,2017,equity,stockholders equity,Stock-based compensation expense,,,,,,,,,,1877.0,,,,,,,,,,,,,,,,,,,,,1877.0,,,,,,,,,,,,,,,,,,,,,,,,,,,,,
GSIT (GSI Technology Inc.) Annual report pursuant to Section 13 or 15(d) (10-K) 2017-06-05,GSIT,10-K,2017-06-05,GSIT (GSI Technology Inc.) Annual report pursuant to Section 13 or 15(d) (10-K) 2017-06-05.xlsx,2017,equity,stockholders equity,Net loss,,,,,-115.0,,,,,,,,,,,,,,,,,,,,,,,,,,-115.0,,,,,,,,,,,,,,,,,,,,,,,,,,,,,
GSIT (GSI Technology Inc.) Annual report pursuant to Section 13 or 15(d) (10-K) 2017-06-05,GSIT,10-K,2017-06-05,GSIT (GSI Technology Inc.) Annual report pursuant to Section 13 or 15(d) (10-K) 2017-06-05.xlsx,2017,equity,stockholders equity,Net unrealized loss on available-for-sale investments,,,,,,,,,,,,,,,,,,,,,,,,,,,,,,-89.0,-89.0,,,,,,,,,,,,,,,,,,,,,,,,,,,,,
GSIT (GSI Technology Inc.) Annual report pursuant to Section 13 or 15(d) (10-K) 2017-06-05,GSIT,10-K,2017-06-05,GSIT (GSI Technology Inc.) Annual report pursuant to Section 13 or 15(d) (10-K) 2017-06-05.xlsx,2017,equity,stockholders equity,Total comprehensive loss,,,,,,,,,,,,,,,,,,,,,,,,,,,,,,,-204.0,,,,,,,,,,,,,,,,,,,,,,,,,,,,,
GSIT (GSI Technology Inc.) Annual report pursuant to Section 13 or 15(d) (10-K) 2017-06-05,GSIT,10-K,2017-06-05,GSIT (GSI Technology Inc.) Annual report pursuant to Section 13 or 15(d) (10-K) 2017-06-05.xlsx,2017,equity,stockholders equity,"Balance, March 31, 2017",,,,,,,,20612757.0,,,,,,,,,,,,,,,,,,,,,,,,,,,,,,,,,,,,,,,,,,,,,,,,,,,,
GSIT (GSI Technology Inc.) Annual report pursuant to Section 13 or 15(d) (10-K) 2018-06-01,GSIT,10-K,2018-06-01,GSIT (GSI Technology Inc.) Annual report pursuant to Section 13 or 15(d) (10-K) 2018-06-01.xlsx,2018,equity,stockholders equity,Issuance of common stock under employee stock option plans,,,,,,,,,,,,,,,,,,,,,,,,,,,,,,,,539834.0,1.0,2013.0,,2014.0,,,,,,,,,,,,,,,,,,,,,,,,
GSIT (GSI Technology Inc.) Annual report pursuant to Section 13 or 15(d) (10-K) 2018-06-01,GSIT,10-K,2018-06-01,GSIT (GSI Technology Inc.) Annual report pursuant to Section 13 or 15(d) (10-K) 2018-06-01.xlsx,2018,equity,stockholders equity,Repurchase and retirement of common stock,,,,,,,,,,,,,,,,,,,,,,,,,,,,,,,,-1643441.0,-2.0,-7110.0,,-7112.0,,,,,,,,,,,,,,,,,,,,,,,,
GSIT (GSI Technology Inc.) Annual report pursuant to Section 13 or 15(d) (10-K) 2018-06-01,GSIT,10-K,2018-06-01,GSIT (GSI Technology Inc.) Annual report pursuant to Section 13 or 15(d) (10-K) 2018-06-01.xlsx,2018,equity,stockholders equity,Stock-based compensation expense,,,,,,,,,,,,,,,,,,,,,,,,,,,,,,,,,,1877.0,,1877.0,,,,,,,,,,,,,,,,,,,,,,,,
GSIT (GSI Technology Inc.) Annual report pursuant to Section 13 or 15(d) (10-K) 2018-06-01,GSIT,10-K,2018-06-01,GSIT (GSI Technology Inc.) Annual report pursuant to Section 13 or 15(d) (10-K) 2018-06-01.xlsx,2018,equity,stockholders equity,Net loss,,,,,,,,,,,,,,,,,,,,,,,,,,,,,,,,,,,-115.0,-115.0,,,,,,,,,,,,,,,,,,,,,,,,
GSIT (GSI Technology Inc.) Annual report pursuant to Section 13 or 15(d) (10-K) 2018-06-01,GSIT,10-K,2018-06-01,GSIT (GSI Technology Inc.) Annual report pursuant to Section 13 or 15(d) (10-K) 2018-06-01.xlsx,2018,equity,stockholders equity,Net unrealized loss on available-for-sale investments,,,,,,,,,,,,,,-89.0,,,,,,,,,,,,,,,,,,,,,,-89.0,,,,,,,,,,,,,,,,,,,,,,,,
GSIT (GSI Technology Inc.) Annual report pursuant to Section 13 or 15(d) (10-K) 2018-06-01,GSIT,10-K,2018-06-01,GSIT (GSI Technology Inc.) Annual report pursuant to Section 13 or 15(d) (10-K) 2018-06-01.xlsx,2018,equity,stockholders equity,"Balance, March 31, 2017",,,,,,,,,,,,,,-62.0,,,,,,,,,,,,,,,,,,20612757.0,21.0,21830.0,64655.0,86444.0,,,,,,,,,,,,,,,,,,,,,,,,
GSIT (GSI Technology Inc.) Annual report pursuant to Section 13 or 15(d) (10-K) 2018-06-01,GSIT,10-K,2018-06-01,GSIT (GSI Technology Inc.) Annual report pursuant to Section 13 or 15(d) (10-K) 2018-06-01.xlsx,2018,equity,stockholders equity,Issuance of common stock under employee stock option plans,,,,,,,,,,,,,,,,,,,,,,,,,,,,,,,,794490.0,,3491.0,,3491.0,,,,,,,,,,,,,,,,,,,,,,,,
GSIT (GSI Technology Inc.) Annual report pursuant to Section 13 or 15(d) (10-K) 2018-06-01,GSIT,10-K,2018-06-01,GSIT (GSI Technology Inc.) Annual report pursuant to Section 13 or 15(d) (10-K) 2018-06-01.xlsx,2018,equity,stockholders equity,Stock-based compensation expense,,,,,,,,,,,,,,,,,,,,,,,,,,,,,,,,,,2070.0,,2070.0,,,,,,,,,,,,,,,,,,,,,,,,
GSIT (GSI Technology Inc.) Annual report pursuant to Section 13 or 15(d) (10-K) 2018-06-01,GSIT,10-K,2018-06-01,GSIT (GSI Technology Inc.) Annual report pursuant to Section 13 or 15(d) (10-K) 2018-06-01.xlsx,2018,equity,stockholders equity,Impact of adoption of ASU 2016-16,,,,,,,,,,,,,,,,,,,,,,,,,,,,,,,,,,,-595.0,-595.0,,,,,,,,,,,,,,,,,,,,,,,,
GSIT (GSI Technology Inc.) Annual report pursuant to Section 13 or 15(d) (10-K) 2018-06-01,GSIT,10-K,2018-06-01,GSIT (GSI Technology Inc.) Annual report pursuant to Section 13 or 15(d) (10-K) 2018-06-01.xlsx,2018,equity,stockholders equity,Net loss,,,,,,,,,,,,,,,,,,,,,,,,,,,,,,,,,,,-4515.0,-4515.0,,,,,,,,,,,,,,,,,,,,,,,,
GSIT (GSI Technology Inc.) Annual report pursuant to Section 13 or 15(d) (10-K) 2018-06-01,GSIT,10-K,2018-06-01,GSIT (GSI Technology Inc.) Annual report pursuant to Section 13 or 15(d) (10-K) 2018-06-01.xlsx,2018,equity,stockholders equity,Net unrealized loss on available-for-sale investments,,,,,,,,,,,,,,-80.0,,,,,,,,,,,,,,,,,,,,,,-80.0,,,,,,,,,,,,,,,,,,,,,,,,
GSIT (GSI Technology Inc.) Annual report pursuant to Section 13 or 15(d) (10-K) 2018-06-01,GSIT,10-K,2018-06-01,GSIT (GSI Technology Inc.) Annual report pursuant to Section 13 or 15(d) (10-K) 2018-06-01.xlsx,2018,equity,stockholders equity,"Balance, March 31, 2018",,,,,,,,,,,,,,,,,,,,,,,,,,,,,,,,21407247.0,,,,,,,,,,,,,,,,,,,,,,,,,,,,
GSIT (GSI Technology Inc.) Annual report pursuant to Section 13 or 15(d) (10-K) 2019-06-13,GSIT,10-K,2019-06-13,GSIT (GSI Technology Inc.) Annual report pursuant to Section 13 or 15(d) (10-K) 2019-06-13.xlsx,2019,equity,stockholders equity,Issuance of common stock under employee stock option plans,,,,,,,,,,,,,,,,,,,,,,,,,,,,,,,,,,,,,794490.0,,3491.0,,,3491.0,,,,,,,,,,,,,,,,,,
GSIT (GSI Technology Inc.) Annual report pursuant to Section 13 or 15(d) (10-K) 2019-06-13,GSIT,10-K,2019-06-13,GSIT (GSI Technology Inc.) Annual report pursuant to Section 13 or 15(d) (10-K) 2019-06-13.xlsx,2019,equity,stockholders equity,Stock-based compensation expense,,,,,,,,,,,,,,,,,,,,,,,,,,,,,,,,,,,,,,,2070.0,,,2070.0,,,,,,,,,,,,,,,,,,
GSIT (GSI Technology Inc.) Annual report pursuant to Section 13 or 15(d) (10-K) 2019-06-13,GSIT,10-K,2019-06-13,GSIT (GSI Technology Inc.) Annual report pursuant to Section 13 or 15(d) (10-K) 2019-06-13.xlsx,2019,equity,stockholders equity,Impact of adoption of ASU 2016-16,,,,,,,,,,,,,,,,,,,,,,,,,,,,,,,,,,,,,,,,,-595.0,-595.0,,,,,,,,,,,,,,,,,,
GSIT (GSI Technology Inc.) Annual report pursuant to Section 13 or 15(d) (10-K) 2019-06-13,GSIT,10-K,2019-06-13,GSIT (GSI Technology Inc.) Annual report pursuant to Section 13 or 15(d) (10-K) 2019-06-13.xlsx,2019,equity,stockholders equity,Net loss,,,,,,,,,,,,,,,,,,,,,,,,,,,,,,,,,,,,,,,,,-4515.0,-4515.0,,,,,,,,,,,,,,,,,,
GSIT (GSI Technology Inc.) Annual report pursuant to Section 13 or 15(d) (10-K) 2019-06-13,GSIT,10-K,2019-06-13,GSIT (GSI Technology Inc.) Annual report pursuant to Section 13 or 15(d) (10-K) 2019-06-13.xlsx,2019,equity,stockholders equity,Net unrealized loss on available-for-sale investments,,,,,,,,,,,,,,,,,,,,,,,,,,,,,,,,,,,,,,,,-80.0,,-80.0,,,,,,,,,,,,,,,,,,
GSIT (GSI Technology Inc.) Annual report pursuant to Section 13 or 15(d) (10-K) 2019-06-13,GSIT,10-K,2019-06-13,GSIT (GSI Technology Inc.) Annual report pursuant to Section 13 or 15(d) (10-K) 2019-06-13.xlsx,2019,equity,stockholders equity,"Balance, March 31, 2018",,,,,,,,,,,,,,,,,,,,,,,,,,,,,,,,,,,,,21407247.0,21.0,27391.0,-142.0,59545.0,86815.0,,,,,,,,,,,,,,,,,,
GSIT (GSI Technology Inc.) Annual report pursuant to Section 13 or 15(d) (10-K) 2019-06-13,GSIT,10-K,2019-06-13,GSIT (GSI Technology Inc.) Annual report pursuant to Section 13 or 15(d) (10-K) 2019-06-13.xlsx,2019,equity,stockholders equity,Issuance of common stock under employee stock option plans,,,,,,,,,,,,,,,,,,,,,,,,,,,,,,,,,,,,,933746.0,1.0,3908.0,,,3909.0,,,,,,,,,,,,,,,,,,
GSIT (GSI Technology Inc.) Annual report pursuant to Section 13 or 15(d) (10-K) 2019-06-13,GSIT,10-K,2019-06-13,GSIT (GSI Technology Inc.) Annual report pursuant to Section 13 or 15(d) (10-K) 2019-06-13.xlsx,2019,equity,stockholders equity,Repurchase and retirement of common stock,,,,,,,,,,,,,,,,,,,,,,,,,,,,,,,,,,,,,-20837.0,,-103.0,,,-103.0,,,,,,,,,,,,,,,,,,
GSIT (GSI Technology Inc.) Annual report pursuant to Section 13 or 15(d) (10-K) 2019-06-13,GSIT,10-K,2019-06-13,GSIT (GSI Technology Inc.) Annual report pursuant to Section 13 or 15(d) (10-K) 2019-06-13.xlsx,2019,equity,stockholders equity,Stock-based compensation expense,,,,,,,,,,,,,,,,,,,,,,,,,,,,,,,,,,,,,,,2266.0,,,2266.0,,,,,,,,,,,,,,,,,,
GSIT (GSI Technology Inc.) Annual report pursuant to Section 13 or 15(d) (10-K) 2019-06-13,GSIT,10-K,2019-06-13,GSIT (GSI Technology Inc.) Annual report pursuant to Section 13 or 15(d) (10-K) 2019-06-13.xlsx,2019,equity,stockholders equity,Net income,,,,,,,,,,,,,,,,,,,,,,,,,,,,,,,,,,,,,,,,,163.0,163.0,,,,,,,,,,,,,,,,,,
GSIT (GSI Technology Inc.) Annual report pursuant to Section 13 or 15(d) (10-K) 2019-06-13,GSIT,10-K,2019-06-13,GSIT (GSI Technology Inc.) Annual report pursuant to Section 13 or 15(d) (10-K) 2019-06-13.xlsx,2019,equity,stockholders equity,Net unrealized gain on available-for-sale investments,,,,,,,,,,,,,,,,,,,,,,,,,,,,,,,,,,,,,,,,105.0,,105.0,,,,,,,,,,,,,,,,,,
GSIT (GSI Technology Inc.) Annual report pursuant to Section 13 or 15(d) (10-K) 2019-06-13,GSIT,10-K,2019-06-13,GSIT (GSI Technology Inc.) Annual report pursuant to Section 13 or 15(d) (10-K) 2019-06-13.xlsx,2019,equity,stockholders equity,"Balance, March 31, 2019",,,,,,,,,,,,,,,,,,,,,,,,,,,,,,,,,,,,,22320156.0,,,,,,,,,,,,,,,,,,,,,,,
GSIT (GSI Technology Inc.) Annual report pursuant to Section 13 or 15(d) (10-K) 2020-06-05,GSIT,10-K,2020-06-05,GSIT (GSI Technology Inc.) Annual report pursuant to Section 13 or 15(d) (10-K) 2020-06-05.xlsx,2020,equity,stockholders equity,Issuance of common stock under employee stock option plans,,,,,,,,,,,,,,,,,,,,,,,,,,,,,,,,,,,,,,1.0,,,,,933746.0,3908.0,,,3909.0,,,,,,,,,,,,,
GSIT (GSI Technology Inc.) Annual report pursuant to Section 13 or 15(d) (10-K) 2020-06-05,GSIT,10-K,2020-06-05,GSIT (GSI Technology Inc.) Annual report pursuant to Section 13 or 15(d) (10-K) 2020-06-05.xlsx,2020,equity,stockholders equity,Repurchase and retirement of common stock,,,,,,,,,,,,,,,,,,,,,,,,,,,,,,,,,,,,,,,,,,,-20837.0,-103.0,,,-103.0,,,,,,,,,,,,,
GSIT (GSI Technology Inc.) Annual report pursuant to Section 13 or 15(d) (10-K) 2020-06-05,GSIT,10-K,2020-06-05,GSIT (GSI Technology Inc.) Annual report pursuant to Section 13 or 15(d) (10-K) 2020-06-05.xlsx,2020,equity,stockholders equity,Stock-based compensation expense,,,,,,,,,,,,,,,,,,,,,,,,,,,,,,,,,,,,,,,,,,,,2266.0,,,2266.0,,,,,,,,,,,,,
GSIT (GSI Technology Inc.) Annual report pursuant to Section 13 or 15(d) (10-K) 2020-06-05,GSIT,10-K,2020-06-05,GSIT (GSI Technology Inc.) Annual report pursuant to Section 13 or 15(d) (10-K) 2020-06-05.xlsx,2020,equity,stockholders equity,Net income,,,,,,,,,,,,,,,,,,,,,,,,,,,,,,,,,,,,,,,,,,,,,,163.0,163.0,,,,,,,,,,,,,
GSIT (GSI Technology Inc.) Annual report pursuant to Section 13 or 15(d) (10-K) 2020-06-05,GSIT,10-K,2020-06-05,GSIT (GSI Technology Inc.) Annual report pursuant to Section 13 or 15(d) (10-K) 2020-06-05.xlsx,2020,equity,stockholders equity,Net unrealized gain on available-for-sale investments,,,,,,,,,,,,,,,,,,,,,,,,,,,,,,,,,,,,,,,,,,,,,105.0,,105.0,,,,,,,,,,,,,
GSIT (GSI Technology Inc.) Annual report pursuant to Section 13 or 15(d) (10-K) 2020-06-05,GSIT,10-K,2020-06-05,GSIT (GSI Technology Inc.) Annual report pursuant to Section 13 or 15(d) (10-K) 2020-06-05.xlsx,2020,equity,stockholders equity,"Balance, March 31, 2019",,,,,,,,,,,,,,,,,,,,,,,,,,,,,,,,,,,,,,22.0,,,,,22320156.0,33462.0,-37.0,59708.0,93155.0,,,,,,,,,,,,,
GSIT (GSI Technology Inc.) Annual report pursuant to Section 13 or 15(d) (10-K) 2020-06-05,GSIT,10-K,2020-06-05,GSIT (GSI Technology Inc.) Annual report pursuant to Section 13 or 15(d) (10-K) 2020-06-05.xlsx,2020,equity,stockholders equity,Issuance of common stock under employee stock option plans,,,,,,,,,,,,,,,,,,,,,,,,,,,,,,,,,,,,,,1.0,,,,,909130.0,4148.0,,,4149.0,,,,,,,,,,,,,
GSIT (GSI Technology Inc.) Annual report pursuant to Section 13 or 15(d) (10-K) 2020-06-05,GSIT,10-K,2020-06-05,GSIT (GSI Technology Inc.) Annual report pursuant to Section 13 or 15(d) (10-K) 2020-06-05.xlsx,2020,equity,stockholders equity,Stock-based compensation expense,,,,,,,,,,,,,,,,,,,,,,,,,,,,,,,,,,,,,,,,,,,,2566.0,,,2566.0,,,,,,,,,,,,,
GSIT (GSI Technology Inc.) Annual report pursuant to Section 13 or 15(d) (10-K) 2020-06-05,GSIT,10-K,2020-06-05,GSIT (GSI Technology Inc.) Annual report pursuant to Section 13 or 15(d) (10-K) 2020-06-05.xlsx,2020,equity,stockholders equity,Net loss,,,,,,,,,,,,,,,,,,,,,,,,,,,,,,,,,,,,,,,,,,,,,,-10337.0,-10337.0,,,,,,,,,,,,,
GSIT (GSI Technology Inc.) Annual report pursuant to Section 13 or 15(d) (10-K) 2020-06-05,GSIT,10-K,2020-06-05,GSIT (GSI Technology Inc.) Annual report pursuant to Section 13 or 15(d) (10-K) 2020-06-05.xlsx,2020,equity,stockholders equity,Net unrealized gain on available-for-sale investments,,,,,,,,,,,,,,,,,,,,,,,,,,,,,,,,,,,,,,,,,,,,,108.0,,108.0,,,,,,,,,,,,,
GSIT (GSI Technology Inc.) Annual report pursuant to Section 13 or 15(d) (10-K) 2020-06-05,GSIT,10-K,2020-06-05,GSIT (GSI Technology Inc.) Annual report pursuant to Section 13 or 15(d) (10-K) 2020-06-05.xlsx,2020,equity,stockholders equity,"Balance, March 31, 2020",,,,,,,,,,,,,,,,,,,,,,,,,,,,,,,,,,,,,,,,,,,23229286.0,,,,,,,,,,,,,,,,,
GSIT (GSI Technology Inc.) Annual report pursuant to Section 13 or 15(d) (10-K) 2025-06-18,GSIT,10-K,2025-06-18,GSIT (GSI Technology Inc.) Annual report pursuant to Section 13 or 15(d) (10-K) 2025-06-18.xlsx,2025,equity,financial statements and s-4,Stock-based compensation expense,,,,,,,,,,,,,,,,,,,,,,,,,,,,,,,,,,,,,,,,,,,,,,,,,,,2469.0,,,,,,,,,2469.0
GSIT (GSI Technology Inc.) Annual report pursuant to Section 13 or 15(d) (10-K) 2025-06-18,GSIT,10-K,2025-06-18,GSIT (GSI Technology Inc.) Annual report pursuant to Section 13 or 15(d) (10-K) 2025-06-18.xlsx,2025,equity,financial statements and s-4,Net loss,,,,,,,,,,,,,,,,,,,,,,,,,,,,,,,,,,,,,,,,,,,,,,,,,,,,,,,,,-15977.0,,,-15977.0
GSIT (GSI Technology Inc.) Annual report pursuant to Section 13 or 15(d) (10-K) 2025-06-18,GSIT,10-K,2025-06-18,GSIT (GSI Technology Inc.) Annual report pursuant to Section 13 or 15(d) (10-K) 2025-06-18.xlsx,2025,equity,financial statements and s-4,Net unrealized gain on available-for-sale investments,,,,,,,,,,,,,,,,,,,,,,,,,,,,,,,,,,,,,,,,,,,,,,,,,,,,,,27.0,,,,,,27.0
GSIT (GSI Technology Inc.) Annual report pursuant to Section 13 or 15(d) (10-K) 2025-06-18,GSIT,10-K,2025-06-18,GSIT (GSI Technology Inc.) Annual report pursuant to Section 13 or 15(d) (10-K) 2025-06-18.xlsx,2025,equity,financial statements and s-4,"Balance, March 31, 2023",,,,,,,,,,,,,,,,,,,,,,,,,,,,,,,,,,,,,,,,,,,,,,,,24685059.0,25.0,,55953.0,,,-127.0,,,-4479.0,,,51372.0
GSIT (GSI Technology Inc.) Annual report pursuant to Section 13 or 15(d) (10-K) 2025-06-18,GSIT,10-K,2025-06-18,GSIT (GSI Technology Inc.) Annual report pursuant to Section 13 or 15(d) (10-K) 2025-06-18.xlsx,2025,equity,financial statements and s-4,Issuance of common stock under employee stock option plans,,,,,,,,,,,,,,,,,,,,,,,,,,,,,,,,,,,,,,,,,,,,,,,,482313.0,,,1654.0,,,,,,,,,1654.0
GSIT (GSI Technology Inc.) Annual report pursuant to Section 13 or 15(d) (10-K) 2025-06-18,GSIT,10-K,2025-06-18,GSIT (GSI Technology Inc.) Annual report pursuant to Section 13 or 15(d) (10-K) 2025-06-18.xlsx,2025,equity,financial statements and s-4,"Issuance of common stock pursuant to an At-the-Market offering, net of offering costs of $ 389",,,,,,,,,,,,,,,,,,,,,,,,,,,,,,,,,,,,,,,,,,,,,,,,133000.0,,,153.0,,,,,,,,,153.0
GSIT (GSI Technology Inc.) Annual report pursuant to Section 13 or 15(d) (10-K) 2025-06-18,GSIT,10-K,2025-06-18,GSIT (GSI Technology Inc.) Annual report pursuant to Section 13 or 15(d) (10-K) 2025-06-18.xlsx,2025,equity,financial statements and s-4,Stock-based compensation expense,,,,,,,,,,,,,,,,,,,,,,,,,,,,,,,,,,,,,,,,,,,,,,,,,,,2838.0,,,,,,,,,2838.0
GSIT (GSI Technology Inc.) Annual report pursuant to Section 13 or 15(d) (10-K) 2025-06-18,GSIT,10-K,2025-06-18,GSIT (GSI Technology Inc.) Annual report pursuant to Section 13 or 15(d) (10-K) 2025-06-18.xlsx,2025,equity,financial statements and s-4,Net loss,,,,,,,,,,,,,,,,,,,,,,,,,,,,,,,,,,,,,,,,,,,,,,,,,,,,,,,,,-20087.0,,,-20087.0
GSIT (GSI Technology Inc.) Annual report pursuant to Section 13 or 15(d) (10-K) 2025-06-18,GSIT,10-K,2025-06-18,GSIT (GSI Technology Inc.) Annual report pursuant to Section 13 or 15(d) (10-K) 2025-06-18.xlsx,2025,equity,financial statements and s-4,Net unrealized gain on available-for-sale investments,,,,,,,,,,,,,,,,,,,,,,,,,,,,,,,,,,,,,,,,,,,,,,,,,,,,,,40.0,,,,,,40.0
GSIT (GSI Technology Inc.) Annual report pursuant to Section 13 or 15(d) (10-K) 2025-06-18,GSIT,10-K,2025-06-18,GSIT (GSI Technology Inc.) Annual report pursuant to Section 13 or 15(d) (10-K) 2025-06-18.xlsx,2025,equity,financial statements and s-4,"Balance, March 31, 2024",,,,,,,,,,,,,,,,,,,,,,,,,,,,,,,,,,,,,,,,,,,,,,,,25300372.0,25.0,,60598.0,,,-87.0,,,-24566.0,,,35970.0
GSIT (GSI Technology Inc.) Annual report pursuant to Section 13 or 15(d) (10-K) 2025-06-18,GSIT,10-K,2025-06-18,GSIT (GSI Technology Inc.) Annual report pursuant to Section 13 or 15(d) (10-K) 2025-06-18.xlsx,2025,equity,financial statements and s-4,Issuance of common stock under employee stock option plans,,,,,,,,,,,,,,,,,,,,,,,,,,,,,,,,,,,,,,,,,,,,,,,,305601.0,1.0,,632.0,,,,,,,,,633.0
GSIT (GSI Technology Inc.) Annual report pursuant to Section 13 or 15(d) (10-K) 2025-06-18,GSIT,10-K,2025-06-18,GSIT (GSI Technology Inc.) Annual report pursuant to Section 13 or 15(d) (10-K) 2025-06-18.xlsx,2025,equity,financial statements and s-4,Stock-based compensation expense,,,,,,,,,,,,,,,,,,,,,,,,,,,,,,,,,,,,,,,,,,,,,,,,,,,2262.0,,,,,,,,,2262.0
GSIT (GSI Technology Inc.) Annual report pursuant to Section 13 or 15(d) (10-K) 2025-06-18,GSIT,10-K,2025-06-18,GSIT (GSI Technology Inc.) Annual report pursuant to Section 13 or 15(d) (10-K) 2025-06-18.xlsx,2025,equity,financial statements and s-4,Net loss,,,,,,,,,,,,,,,,,,,,,,,,,,,,,,,,,,,,,,,,,,,,,,,,,,,,,,,,,-10639.0,,,-10639.0
GSIT (GSI Technology Inc.) Annual report pursuant to Section 13 or 15(d) (10-K) 2025-06-18,GSIT,10-K,2025-06-18,GSIT (GSI Technology Inc.) Annual report pursuant to Section 13 or 15(d) (10-K) 2025-06-18.xlsx,2025,equity,financial statements and s-4,"Balance, March 31, 2025",,,,26.0,,,,,,,,,,,,,,,,,,,,,,,,,,,,,,,,,,,,,,,,,,,,25605973.0,,63492.0,,,-87.0,,,-35205.0,,,28226.0,
