filename,company,form_type,filing_date,year,source_file,statement_type,sheet_name,line_item,unnamed_2,unnamed_5,unnamed_8,unnamed_3,unnamed_6,unnamed_9,unnamed_11,unnamed_13,unnamed_14,unnamed_4,unnamed_7,unnamed_10,unnamed_12,unnamed_15,unnamed_18,unnamed_1,year_1,-44710,year_3,-5270,year_5,-30210,-1820,582,415,399,252230,213550,169980
GSIT (GSI Technology Inc.) Annual report pursuant to Section 13 or 15(d) (10-K) 2007-06-20,GSIT,10-K,2007-06-20,2007,GSIT (GSI Technology Inc.) Annual report pursuant to Section 13 or 15(d) (10-K) 2007-06-20.xlsx,income_statement,note 5income taxes,U.S. federal,4107.0,875.0,1123.0,,,,,,,,,,,,,,,,,,,,,,,,,,
GSIT (GSI Technology Inc.) Annual report pursuant to Section 13 or 15(d) (10-K) 2007-06-20,GSIT,10-K,2007-06-20,2007,GSIT (GSI Technology Inc.) Annual report pursuant to Section 13 or 15(d) (10-K) 2007-06-20.xlsx,income_statement,note 5income taxes,Foreign,66.0,13.0,,,,,,,,,,,,,,,,,,,,,,,,,,,
GSIT (GSI Technology Inc.) Annual report pursuant to Section 13 or 15(d) (10-K) 2007-06-20,GSIT,10-K,2007-06-20,2007,GSIT (GSI Technology Inc.) Annual report pursuant to Section 13 or 15(d) (10-K) 2007-06-20.xlsx,income_statement,note 5income taxes,State,38.0,17.0,13.0,,,,,,,,,,,,,,,,,,,,,,,,,,
GSIT (GSI Technology Inc.) Annual report pursuant to Section 13 or 15(d) (10-K) 2007-06-20,GSIT,10-K,2007-06-20,2007,GSIT (GSI Technology Inc.) Annual report pursuant to Section 13 or 15(d) (10-K) 2007-06-20.xlsx,income_statement,note 5income taxes,U.S. federal,-132.0,-544.0,-596.0,,,,,,,,,,,,,,,,,,,,,,,,,,
GSIT (GSI Technology Inc.) Annual report pursuant to Section 13 or 15(d) (10-K) 2007-06-20,GSIT,10-K,2007-06-20,2007,GSIT (GSI Technology Inc.) Annual report pursuant to Section 13 or 15(d) (10-K) 2007-06-20.xlsx,income_statement,note 5income taxes,State,172.0,-190.0,-695.0,,,,,,,,,,,,,,,,,,,,,,,,,,
GSIT (GSI Technology Inc.) Annual report pursuant to Section 13 or 15(d) (10-K) 2008-06-17,GSIT,10-K,2008-06-17,2008,GSIT (GSI Technology Inc.) Annual report pursuant to Section 13 or 15(d) (10-K) 2008-06-17.xlsx,income_statement,net income,Facilities and equipment leases,685000.0,503000.0,140000.0,,,,,1328000.0,,,,,,,,,,,,,,,,,,,,,
GSIT (GSI Technology Inc.) Annual report pursuant to Section 13 or 15(d) (10-K) 2008-06-17,GSIT,10-K,2008-06-17,2008,GSIT (GSI Technology Inc.) Annual report pursuant to Section 13 or 15(d) (10-K) 2008-06-17.xlsx,income_statement,net income,Wafer purchase obligations,,,,2762000.0,,,,,2762.0,,,,,,,,,,,,,,,,,,,,
GSIT (GSI Technology Inc.) Annual report pursuant to Section 13 or 15(d) (10-K) 2008-06-17,GSIT,10-K,2008-06-17,2008,GSIT (GSI Technology Inc.) Annual report pursuant to Section 13 or 15(d) (10-K) 2008-06-17.xlsx,income_statement,note 2net income per commo,Redeemable convertible preferred stock,1.0,,,,120.0,,,,,120.0,,,,,,,,,,,,,,,,,,,
GSIT (GSI Technology Inc.) Annual report pursuant to Section 13 or 15(d) (10-K) 2008-06-17,GSIT,10-K,2008-06-17,2008,GSIT (GSI Technology Inc.) Annual report pursuant to Section 13 or 15(d) (10-K) 2008-06-17.xlsx,income_statement,note 2net income per commo,Stock options,2554.0,,,,883.0,,,,,610.0,,,,,,,,,,,,,,,,,,,
GSIT (GSI Technology Inc.) Annual report pursuant to Section 13 or 15(d) (10-K) 2008-06-17,GSIT,10-K,2008-06-17,2008,GSIT (GSI Technology Inc.) Annual report pursuant to Section 13 or 15(d) (10-K) 2008-06-17.xlsx,income_statement,note 5income taxes,U.S. federal,,,,2702.0,4107.0,875.0,,,,,,,,,,,,,,,,,,,,,,,
GSIT (GSI Technology Inc.) Annual report pursuant to Section 13 or 15(d) (10-K) 2008-06-17,GSIT,10-K,2008-06-17,2008,GSIT (GSI Technology Inc.) Annual report pursuant to Section 13 or 15(d) (10-K) 2008-06-17.xlsx,income_statement,note 5income taxes,Foreign,,,,,,,,,,36.0,66.0,13.0,,,,,,,,,,,,,,,,,
GSIT (GSI Technology Inc.) Annual report pursuant to Section 13 or 15(d) (10-K) 2008-06-17,GSIT,10-K,2008-06-17,2008,GSIT (GSI Technology Inc.) Annual report pursuant to Section 13 or 15(d) (10-K) 2008-06-17.xlsx,income_statement,note 5income taxes,State,,,,,,,,,,-21.0,38.0,17.0,,,,,,,,,,,,,,,,,
GSIT (GSI Technology Inc.) Annual report pursuant to Section 13 or 15(d) (10-K) 2008-06-17,GSIT,10-K,2008-06-17,2008,GSIT (GSI Technology Inc.) Annual report pursuant to Section 13 or 15(d) (10-K) 2008-06-17.xlsx,income_statement,note 5income taxes,U.S. federal,,,,,,,,,,-430.0,-132.0,-544.0,,,,,,,,,,,,,,,,,
GSIT (GSI Technology Inc.) Annual report pursuant to Section 13 or 15(d) (10-K) 2008-06-17,GSIT,10-K,2008-06-17,2008,GSIT (GSI Technology Inc.) Annual report pursuant to Section 13 or 15(d) (10-K) 2008-06-17.xlsx,income_statement,note 5income taxes,State,,,,,,,,,,218.0,172.0,-190.0,,,,,,,,,,,,,,,,,
GSIT (GSI Technology Inc.) Annual report pursuant to Section 13 or 15(d) (10-K) 2009-06-10,GSIT,10-K,2009-06-10,2009,GSIT (GSI Technology Inc.) Annual report pursuant to Section 13 or 15(d) (10-K) 2009-06-10.xlsx,income_statement,net income,Facilities and equipment leases,607000.0,142000.0,,,,,,,749000.0,,,,,,,,,,,,,,,,,,,,
GSIT (GSI Technology Inc.) Annual report pursuant to Section 13 or 15(d) (10-K) 2009-06-10,GSIT,10-K,2009-06-10,2009,GSIT (GSI Technology Inc.) Annual report pursuant to Section 13 or 15(d) (10-K) 2009-06-10.xlsx,income_statement,net income,Wafer purchase obligations,,,,5145000.0,,,,,,,,,,5145.0,,,,,,,,,,,,,,,
GSIT (GSI Technology Inc.) Annual report pursuant to Section 13 or 15(d) (10-K) 2009-06-10,GSIT,10-K,2009-06-10,2009,GSIT (GSI Technology Inc.) Annual report pursuant to Section 13 or 15(d) (10-K) 2009-06-10.xlsx,income_statement,note 5income taxes,U.S,,,,8209.0,7597.0,10593.0,,,,,,,,,,,,,,,,,,,,,,,
GSIT (GSI Technology Inc.) Annual report pursuant to Section 13 or 15(d) (10-K) 2009-06-10,GSIT,10-K,2009-06-10,2009,GSIT (GSI Technology Inc.) Annual report pursuant to Section 13 or 15(d) (10-K) 2009-06-10.xlsx,income_statement,note 5income taxes,Foreign,,,,,,,,,,4678.0,1681.0,1092.0,,,,,,,,,,,,,,,,,
GSIT (GSI Technology Inc.) Annual report pursuant to Section 13 or 15(d) (10-K) 2009-06-10,GSIT,10-K,2009-06-10,2009,GSIT (GSI Technology Inc.) Annual report pursuant to Section 13 or 15(d) (10-K) 2009-06-10.xlsx,income_statement,note 5income taxes,U.S. federal,,,,2416.0,2702.0,4107.0,,,,,,,,,,,,,,,,,,,,,,,
GSIT (GSI Technology Inc.) Annual report pursuant to Section 13 or 15(d) (10-K) 2009-06-10,GSIT,10-K,2009-06-10,2009,GSIT (GSI Technology Inc.) Annual report pursuant to Section 13 or 15(d) (10-K) 2009-06-10.xlsx,income_statement,note 5income taxes,Foreign,,,,,,,,,,35.0,36.0,66.0,,,,,,,,,,,,,,,,,
GSIT (GSI Technology Inc.) Annual report pursuant to Section 13 or 15(d) (10-K) 2009-06-10,GSIT,10-K,2009-06-10,2009,GSIT (GSI Technology Inc.) Annual report pursuant to Section 13 or 15(d) (10-K) 2009-06-10.xlsx,income_statement,note 5income taxes,State,,,,,,,,,,554.0,-21.0,38.0,,,,,,,,,,,,,,,,,
GSIT (GSI Technology Inc.) Annual report pursuant to Section 13 or 15(d) (10-K) 2009-06-10,GSIT,10-K,2009-06-10,2009,GSIT (GSI Technology Inc.) Annual report pursuant to Section 13 or 15(d) (10-K) 2009-06-10.xlsx,income_statement,note 5income taxes,U.S. federal,,,,,,,,,,273.0,-430.0,-132.0,,,,,,,,,,,,,,,,,
GSIT (GSI Technology Inc.) Annual report pursuant to Section 13 or 15(d) (10-K) 2009-06-10,GSIT,10-K,2009-06-10,2009,GSIT (GSI Technology Inc.) Annual report pursuant to Section 13 or 15(d) (10-K) 2009-06-10.xlsx,income_statement,note 5income taxes,State,,,,,,,,,,320.0,218.0,172.0,,,,,,,,,,,,,,,,,
GSIT (GSI Technology Inc.) Annual report pursuant to Section 13 or 15(d) (10-K) 2009-06-10,GSIT,10-K,2009-06-10,2009,GSIT (GSI Technology Inc.) Annual report pursuant to Section 13 or 15(d) (10-K) 2009-06-10.xlsx,income_statement,note 5income taxes-1,U.S. Federal taxes at statutory rate,4382.0,3200.0,3974.0,,,,,,,,,,,,,,,,,,,,,,,,,,
GSIT (GSI Technology Inc.) Annual report pursuant to Section 13 or 15(d) (10-K) 2009-06-10,GSIT,10-K,2009-06-10,2009,GSIT (GSI Technology Inc.) Annual report pursuant to Section 13 or 15(d) (10-K) 2009-06-10.xlsx,income_statement,note 5income taxes-1,"State taxes, net of federal benefit",,,,684.0,198.0,197.0,,,,,,,,,,,,,,,,,,,,,,,
GSIT (GSI Technology Inc.) Annual report pursuant to Section 13 or 15(d) (10-K) 2009-06-10,GSIT,10-K,2009-06-10,2009,GSIT (GSI Technology Inc.) Annual report pursuant to Section 13 or 15(d) (10-K) 2009-06-10.xlsx,income_statement,note 5income taxes-1,Stock-based compensation,,,,301.0,367.0,367.0,,,,,,,,,,,,,,,,,,,,,,,
GSIT (GSI Technology Inc.) Annual report pursuant to Section 13 or 15(d) (10-K) 2009-06-10,GSIT,10-K,2009-06-10,2009,GSIT (GSI Technology Inc.) Annual report pursuant to Section 13 or 15(d) (10-K) 2009-06-10.xlsx,income_statement,note 5income taxes-1,Tax credits,,,,-12.0,-16.0,-123.0,,,,,,,,,,,,,,,,,,,,,,,
GSIT (GSI Technology Inc.) Annual report pursuant to Section 13 or 15(d) (10-K) 2009-06-10,GSIT,10-K,2009-06-10,2009,GSIT (GSI Technology Inc.) Annual report pursuant to Section 13 or 15(d) (10-K) 2009-06-10.xlsx,income_statement,note 5income taxes-1,Foreign tax rate differential,,,,-1429.0,-592.0,-217.0,,,,,,,,,,,,,,,,,,,,,,,
GSIT (GSI Technology Inc.) Annual report pursuant to Section 13 or 15(d) (10-K) 2009-06-10,GSIT,10-K,2009-06-10,2009,GSIT (GSI Technology Inc.) Annual report pursuant to Section 13 or 15(d) (10-K) 2009-06-10.xlsx,income_statement,note 5income taxes-1,Tax exempt interest,,,,-322.0,-541.0,-6.0,,,,,,,,,,,,,,,,,,,,,,,
GSIT (GSI Technology Inc.) Annual report pursuant to Section 13 or 15(d) (10-K) 2009-06-10,GSIT,10-K,2009-06-10,2009,GSIT (GSI Technology Inc.) Annual report pursuant to Section 13 or 15(d) (10-K) 2009-06-10.xlsx,income_statement,note 5income taxes-1,Other,,,,-6.0,-111.0,59.0,,,,,,,,,,,,,,,,,,,,,,,
GSIT (GSI Technology Inc.) Annual report pursuant to Section 13 or 15(d) (10-K) 2010-06-04,GSIT,10-K,2010-06-04,2010,GSIT (GSI Technology Inc.) Annual report pursuant to Section 13 or 15(d) (10-K) 2010-06-04.xlsx,income_statement,net income,Facilities and equipment leases,469000.0,642000.0,456000.0,,,,,,1567000.0,,,,,,,,,,,,,,,,,,,,
GSIT (GSI Technology Inc.) Annual report pursuant to Section 13 or 15(d) (10-K) 2010-06-04,GSIT,10-K,2010-06-04,2010,GSIT (GSI Technology Inc.) Annual report pursuant to Section 13 or 15(d) (10-K) 2010-06-04.xlsx,income_statement,net income,Wafer and mask purchase obligations,11428000.0,,,,,,,,,,,,,11428000.0,,,,,,,,,,,,,,,
GSIT (GSI Technology Inc.) Annual report pursuant to Section 13 or 15(d) (10-K) 2010-06-04,GSIT,10-K,2010-06-04,2010,GSIT (GSI Technology Inc.) Annual report pursuant to Section 13 or 15(d) (10-K) 2010-06-04.xlsx,income_statement,note 5income taxes,U.S,,,,6595.0,8209.0,7597.0,,,,,,,,,,,,,,,,,,,,,,,
GSIT (GSI Technology Inc.) Annual report pursuant to Section 13 or 15(d) (10-K) 2010-06-04,GSIT,10-K,2010-06-04,2010,GSIT (GSI Technology Inc.) Annual report pursuant to Section 13 or 15(d) (10-K) 2010-06-04.xlsx,income_statement,note 5income taxes,Foreign,,,,,,,,,,5983.0,4678.0,1681.0,,,,,,,,,,,,,,,,,
GSIT (GSI Technology Inc.) Annual report pursuant to Section 13 or 15(d) (10-K) 2010-06-04,GSIT,10-K,2010-06-04,2010,GSIT (GSI Technology Inc.) Annual report pursuant to Section 13 or 15(d) (10-K) 2010-06-04.xlsx,income_statement,note 5income taxes,U.S. federal,,,,2162.0,2416.0,2702.0,,,,,,,,,,,,,,,,,,,,,,,
GSIT (GSI Technology Inc.) Annual report pursuant to Section 13 or 15(d) (10-K) 2010-06-04,GSIT,10-K,2010-06-04,2010,GSIT (GSI Technology Inc.) Annual report pursuant to Section 13 or 15(d) (10-K) 2010-06-04.xlsx,income_statement,note 5income taxes,Foreign,,,,,,,,,,11.0,35.0,36.0,,,,,,,,,,,,,,,,,
GSIT (GSI Technology Inc.) Annual report pursuant to Section 13 or 15(d) (10-K) 2010-06-04,GSIT,10-K,2010-06-04,2010,GSIT (GSI Technology Inc.) Annual report pursuant to Section 13 or 15(d) (10-K) 2010-06-04.xlsx,income_statement,note 5income taxes,State,,,,,,,,,,466.0,554.0,-21.0,,,,,,,,,,,,,,,,,
GSIT (GSI Technology Inc.) Annual report pursuant to Section 13 or 15(d) (10-K) 2010-06-04,GSIT,10-K,2010-06-04,2010,GSIT (GSI Technology Inc.) Annual report pursuant to Section 13 or 15(d) (10-K) 2010-06-04.xlsx,income_statement,note 5income taxes,U.S. federal,,,,,,,,,,-223.0,273.0,-430.0,,,,,,,,,,,,,,,,,
GSIT (GSI Technology Inc.) Annual report pursuant to Section 13 or 15(d) (10-K) 2010-06-04,GSIT,10-K,2010-06-04,2010,GSIT (GSI Technology Inc.) Annual report pursuant to Section 13 or 15(d) (10-K) 2010-06-04.xlsx,income_statement,note 5income taxes,State,,,,,,,,,,-221.0,320.0,218.0,,,,,,,,,,,,,,,,,
GSIT (GSI Technology Inc.) Annual report pursuant to Section 13 or 15(d) (10-K) 2010-06-04,GSIT,10-K,2010-06-04,2010,GSIT (GSI Technology Inc.) Annual report pursuant to Section 13 or 15(d) (10-K) 2010-06-04.xlsx,income_statement,note 5income taxes continued,U.S. Federal taxes at statutory rate,4278.0,4382.0,3200.0,,,,,,,,,,,,,,,,,,,,,,,,,,
GSIT (GSI Technology Inc.) Annual report pursuant to Section 13 or 15(d) (10-K) 2010-06-04,GSIT,10-K,2010-06-04,2010,GSIT (GSI Technology Inc.) Annual report pursuant to Section 13 or 15(d) (10-K) 2010-06-04.xlsx,income_statement,note 5income taxes continued,"State taxes, net of federal benefit",,,,127.0,684.0,198.0,,,,,,,,,,,,,,,,,,,,,,,
GSIT (GSI Technology Inc.) Annual report pursuant to Section 13 or 15(d) (10-K) 2010-06-04,GSIT,10-K,2010-06-04,2010,GSIT (GSI Technology Inc.) Annual report pursuant to Section 13 or 15(d) (10-K) 2010-06-04.xlsx,income_statement,note 5income taxes continued,Stock-based compensation,,,,319.0,301.0,367.0,,,,,,,,,,,,,,,,,,,,,,,
GSIT (GSI Technology Inc.) Annual report pursuant to Section 13 or 15(d) (10-K) 2010-06-04,GSIT,10-K,2010-06-04,2010,GSIT (GSI Technology Inc.) Annual report pursuant to Section 13 or 15(d) (10-K) 2010-06-04.xlsx,income_statement,note 5income taxes continued,Tax credits,,,,-340.0,-12.0,-16.0,,,,,,,,,,,,,,,,,,,,,,,
GSIT (GSI Technology Inc.) Annual report pursuant to Section 13 or 15(d) (10-K) 2010-06-04,GSIT,10-K,2010-06-04,2010,GSIT (GSI Technology Inc.) Annual report pursuant to Section 13 or 15(d) (10-K) 2010-06-04.xlsx,income_statement,note 5income taxes continued,Foreign tax rate differential,,,,-1701.0,-1429.0,-592.0,,,,,,,,,,,,,,,,,,,,,,,
GSIT (GSI Technology Inc.) Annual report pursuant to Section 13 or 15(d) (10-K) 2010-06-04,GSIT,10-K,2010-06-04,2010,GSIT (GSI Technology Inc.) Annual report pursuant to Section 13 or 15(d) (10-K) 2010-06-04.xlsx,income_statement,note 5income taxes continued,Tax exempt interest,,,,-136.0,-322.0,-541.0,,,,,,,,,,,,,,,,,,,,,,,
GSIT (GSI Technology Inc.) Annual report pursuant to Section 13 or 15(d) (10-K) 2010-06-04,GSIT,10-K,2010-06-04,2010,GSIT (GSI Technology Inc.) Annual report pursuant to Section 13 or 15(d) (10-K) 2010-06-04.xlsx,income_statement,note 5income taxes continued,Gain on bargain purchase,,,,-374.0,,,,,,,,,,,,,,,,,,,,,,,,,
GSIT (GSI Technology Inc.) Annual report pursuant to Section 13 or 15(d) (10-K) 2010-06-04,GSIT,10-K,2010-06-04,2010,GSIT (GSI Technology Inc.) Annual report pursuant to Section 13 or 15(d) (10-K) 2010-06-04.xlsx,income_statement,note 5income taxes continued,Other,,,,22.0,-6.0,-111.0,,,,,,,,,,,,,,,,,,,,,,,
GSIT (GSI Technology Inc.) Annual report pursuant to Section 13 or 15(d) (10-K) 2011-06-02,GSIT,10-K,2011-06-02,2011,GSIT (GSI Technology Inc.) Annual report pursuant to Section 13 or 15(d) (10-K) 2011-06-02.xlsx,income_statement,results of operations,Net revenues,1.0,1.0,1.0,,,,,,,,,,,,,,,,,,,,,,,,,,
GSIT (GSI Technology Inc.) Annual report pursuant to Section 13 or 15(d) (10-K) 2011-06-02,GSIT,10-K,2011-06-02,2011,GSIT (GSI Technology Inc.) Annual report pursuant to Section 13 or 15(d) (10-K) 2011-06-02.xlsx,income_statement,results of operations,Cost of revenues,54.2,56.8,57.2,,,,,,,,,,,,,,,,,,,,,,,,,,
GSIT (GSI Technology Inc.) Annual report pursuant to Section 13 or 15(d) (10-K) 2011-06-02,GSIT,10-K,2011-06-02,2011,GSIT (GSI Technology Inc.) Annual report pursuant to Section 13 or 15(d) (10-K) 2011-06-02.xlsx,income_statement,results of operations,Gross profit,45.8,43.2,42.8,,,,,,,,,,,,,,,,,,,,,,,,,,
GSIT (GSI Technology Inc.) Annual report pursuant to Section 13 or 15(d) (10-K) 2011-06-02,GSIT,10-K,2011-06-02,2011,GSIT (GSI Technology Inc.) Annual report pursuant to Section 13 or 15(d) (10-K) 2011-06-02.xlsx,income_statement,results of operations,Research and development,10.9,13.4,9.2,,,,,,,,,,,,,,,,,,,,,,,,,,
GSIT (GSI Technology Inc.) Annual report pursuant to Section 13 or 15(d) (10-K) 2011-06-02,GSIT,10-K,2011-06-02,2011,GSIT (GSI Technology Inc.) Annual report pursuant to Section 13 or 15(d) (10-K) 2011-06-02.xlsx,income_statement,results of operations,"Selling, general and administrative",11.0,14.1,15.0,,,,,,,,,,,,,,,,,,,,,,,,,,
GSIT (GSI Technology Inc.) Annual report pursuant to Section 13 or 15(d) (10-K) 2011-06-02,GSIT,10-K,2011-06-02,2011,GSIT (GSI Technology Inc.) Annual report pursuant to Section 13 or 15(d) (10-K) 2011-06-02.xlsx,income_statement,results of operations,Total operating expenses,21.9,27.5,24.2,,,,,,,,,,,,,,,,,,,,,,,,,,
GSIT (GSI Technology Inc.) Annual report pursuant to Section 13 or 15(d) (10-K) 2011-06-02,GSIT,10-K,2011-06-02,2011,GSIT (GSI Technology Inc.) Annual report pursuant to Section 13 or 15(d) (10-K) 2011-06-02.xlsx,income_statement,results of operations,Income from operations,23.9,15.7,18.6,,,,,,,,,,,,,,,,,,,,,,,,,,
GSIT (GSI Technology Inc.) Annual report pursuant to Section 13 or 15(d) (10-K) 2011-06-02,GSIT,10-K,2011-06-02,2011,GSIT (GSI Technology Inc.) Annual report pursuant to Section 13 or 15(d) (10-K) 2011-06-02.xlsx,income_statement,results of operations,"Interest and other income (expense), net",0.5,2.9,2.2,,,,,,,,,,,,,,,,,,,,,,,,,,
GSIT (GSI Technology Inc.) Annual report pursuant to Section 13 or 15(d) (10-K) 2011-06-02,GSIT,10-K,2011-06-02,2011,GSIT (GSI Technology Inc.) Annual report pursuant to Section 13 or 15(d) (10-K) 2011-06-02.xlsx,income_statement,results of operations,Income before income taxes,24.4,18.6,20.8,,,,,,,,,,,,,,,,,,,,,,,,,,
GSIT (GSI Technology Inc.) Annual report pursuant to Section 13 or 15(d) (10-K) 2011-06-02,GSIT,10-K,2011-06-02,2011,GSIT (GSI Technology Inc.) Annual report pursuant to Section 13 or 15(d) (10-K) 2011-06-02.xlsx,income_statement,results of operations,Provision for income taxes,5.1,3.2,5.8,,,,,,,,,,,,,,,,,,,,,,,,,,
GSIT (GSI Technology Inc.) Annual report pursuant to Section 13 or 15(d) (10-K) 2011-06-02,GSIT,10-K,2011-06-02,2011,GSIT (GSI Technology Inc.) Annual report pursuant to Section 13 or 15(d) (10-K) 2011-06-02.xlsx,income_statement,results of operations,Net income,0.193,0.154,0.15,,,,,,,,,,,,,,,,,,,,,,,,,,
GSIT (GSI Technology Inc.) Annual report pursuant to Section 13 or 15(d) (10-K) 2011-06-02,GSIT,10-K,2011-06-02,2011,GSIT (GSI Technology Inc.) Annual report pursuant to Section 13 or 15(d) (10-K) 2011-06-02.xlsx,income_statement,operations,Net revenues,97763.0,,,,67558.0,,,,,,,62108.0,,,,,,,,,,,,,,,,,
GSIT (GSI Technology Inc.) Annual report pursuant to Section 13 or 15(d) (10-K) 2011-06-02,GSIT,10-K,2011-06-02,2011,GSIT (GSI Technology Inc.) Annual report pursuant to Section 13 or 15(d) (10-K) 2011-06-02.xlsx,income_statement,operations,Cost of revenues,53009.0,,,,38342.0,,,,,,,35552.0,,,,,,,,,,,,,,,,,
GSIT (GSI Technology Inc.) Annual report pursuant to Section 13 or 15(d) (10-K) 2011-06-02,GSIT,10-K,2011-06-02,2011,GSIT (GSI Technology Inc.) Annual report pursuant to Section 13 or 15(d) (10-K) 2011-06-02.xlsx,income_statement,operations,Gross profit,44754.0,,,,29216.0,,,,,,,26556.0,,,,,,,,,,,,,,,,,
GSIT (GSI Technology Inc.) Annual report pursuant to Section 13 or 15(d) (10-K) 2011-06-02,GSIT,10-K,2011-06-02,2011,GSIT (GSI Technology Inc.) Annual report pursuant to Section 13 or 15(d) (10-K) 2011-06-02.xlsx,income_statement,operations,Research and development,10632.0,,,,9069.0,,,,,,,5737.0,,,,,,,,,,,,,,,,,
GSIT (GSI Technology Inc.) Annual report pursuant to Section 13 or 15(d) (10-K) 2011-06-02,GSIT,10-K,2011-06-02,2011,GSIT (GSI Technology Inc.) Annual report pursuant to Section 13 or 15(d) (10-K) 2011-06-02.xlsx,income_statement,operations,"Selling, general and administrative",10722.0,,,,9534.0,,,,,,,9295.0,,,,,,,,,,,,,,,,,
GSIT (GSI Technology Inc.) Annual report pursuant to Section 13 or 15(d) (10-K) 2011-06-02,GSIT,10-K,2011-06-02,2011,GSIT (GSI Technology Inc.) Annual report pursuant to Section 13 or 15(d) (10-K) 2011-06-02.xlsx,income_statement,operations,Total operating expenses,21354.0,,,,18603.0,,,,,,,15032.0,,,,,,,,,,,,,,,,,
GSIT (GSI Technology Inc.) Annual report pursuant to Section 13 or 15(d) (10-K) 2011-06-02,GSIT,10-K,2011-06-02,2011,GSIT (GSI Technology Inc.) Annual report pursuant to Section 13 or 15(d) (10-K) 2011-06-02.xlsx,income_statement,operations,Income from operations,23400.0,,,,10613.0,,,,,,,11524.0,,,,,,,,,,,,,,,,,
GSIT (GSI Technology Inc.) Annual report pursuant to Section 13 or 15(d) (10-K) 2011-06-02,GSIT,10-K,2011-06-02,2011,GSIT (GSI Technology Inc.) Annual report pursuant to Section 13 or 15(d) (10-K) 2011-06-02.xlsx,income_statement,operations,"Interest income, net",673.0,,,,894.0,,,,,,,1461.0,,,,,,,,,,,,,,,,,
GSIT (GSI Technology Inc.) Annual report pursuant to Section 13 or 15(d) (10-K) 2011-06-02,GSIT,10-K,2011-06-02,2011,GSIT (GSI Technology Inc.) Annual report pursuant to Section 13 or 15(d) (10-K) 2011-06-02.xlsx,income_statement,operations,"Other income (expense), net",-212.0,,,,1071.0,,,,,,,-98.0,,,,,,,,,,,,,,,,,
GSIT (GSI Technology Inc.) Annual report pursuant to Section 13 or 15(d) (10-K) 2011-06-02,GSIT,10-K,2011-06-02,2011,GSIT (GSI Technology Inc.) Annual report pursuant to Section 13 or 15(d) (10-K) 2011-06-02.xlsx,income_statement,operations,Income before income taxes,23861.0,,,,12578.0,,,,,,,12887.0,,,,,,,,,,,,,,,,,
GSIT (GSI Technology Inc.) Annual report pursuant to Section 13 or 15(d) (10-K) 2011-06-02,GSIT,10-K,2011-06-02,2011,GSIT (GSI Technology Inc.) Annual report pursuant to Section 13 or 15(d) (10-K) 2011-06-02.xlsx,income_statement,operations,Provision for income taxes,4985.0,,,,2195.0,,,,,,,3598.0,,,,,,,,,,,,,,,,,
GSIT (GSI Technology Inc.) Annual report pursuant to Section 13 or 15(d) (10-K) 2011-06-02,GSIT,10-K,2011-06-02,2011,GSIT (GSI Technology Inc.) Annual report pursuant to Section 13 or 15(d) (10-K) 2011-06-02.xlsx,income_statement,operations,Net income,18876.0,,,,10383.0,,,,,,,9289.0,,,,,,,,,,,,,,,,,
GSIT (GSI Technology Inc.) Annual report pursuant to Section 13 or 15(d) (10-K) 2011-06-02,GSIT,10-K,2011-06-02,2011,GSIT (GSI Technology Inc.) Annual report pursuant to Section 13 or 15(d) (10-K) 2011-06-02.xlsx,income_statement,operations,Basic,0.67,,,,0.38,,,,,,,0.33,,,,,,,,,,,,,,,,,
GSIT (GSI Technology Inc.) Annual report pursuant to Section 13 or 15(d) (10-K) 2011-06-02,GSIT,10-K,2011-06-02,2011,GSIT (GSI Technology Inc.) Annual report pursuant to Section 13 or 15(d) (10-K) 2011-06-02.xlsx,income_statement,operations,Diluted,0.64,,,,0.38,,,,,,,0.33,,,,,,,,,,,,,,,,,
GSIT (GSI Technology Inc.) Annual report pursuant to Section 13 or 15(d) (10-K) 2011-06-02,GSIT,10-K,2011-06-02,2011,GSIT (GSI Technology Inc.) Annual report pursuant to Section 13 or 15(d) (10-K) 2011-06-02.xlsx,income_statement,operations,Basic,28013.0,,,,27105.0,,,,,,,27735.0,,,,,,,,,,,,,,,,,
GSIT (GSI Technology Inc.) Annual report pursuant to Section 13 or 15(d) (10-K) 2011-06-02,GSIT,10-K,2011-06-02,2011,GSIT (GSI Technology Inc.) Annual report pursuant to Section 13 or 15(d) (10-K) 2011-06-02.xlsx,income_statement,operations,Diluted,29685.0,,,,27688.0,,,,,,,28386.0,,,,,,,,,,,,,,,,,
GSIT (GSI Technology Inc.) Annual report pursuant to Section 13 or 15(d) (10-K) 2011-06-02,GSIT,10-K,2011-06-02,2011,GSIT (GSI Technology Inc.) Annual report pursuant to Section 13 or 15(d) (10-K) 2011-06-02.xlsx,income_statement,note 4income taxes,U.S,11699.0,,,,6595.0,,,,,,,8209.0,,,,,,,,,,,,,,,,,
GSIT (GSI Technology Inc.) Annual report pursuant to Section 13 or 15(d) (10-K) 2011-06-02,GSIT,10-K,2011-06-02,2011,GSIT (GSI Technology Inc.) Annual report pursuant to Section 13 or 15(d) (10-K) 2011-06-02.xlsx,income_statement,note 4income taxes,Foreign,12162.0,,,,5983.0,,,,,,,4678.0,,,,,,,,,,,,,,,,,
GSIT (GSI Technology Inc.) Annual report pursuant to Section 13 or 15(d) (10-K) 2011-06-02,GSIT,10-K,2011-06-02,2011,GSIT (GSI Technology Inc.) Annual report pursuant to Section 13 or 15(d) (10-K) 2011-06-02.xlsx,income_statement,note 4income taxes,U.S. federal,4985.0,,,,2162.0,,,,,,,2416.0,,,,,,,,,,,,,,,,,
GSIT (GSI Technology Inc.) Annual report pursuant to Section 13 or 15(d) (10-K) 2011-06-02,GSIT,10-K,2011-06-02,2011,GSIT (GSI Technology Inc.) Annual report pursuant to Section 13 or 15(d) (10-K) 2011-06-02.xlsx,income_statement,note 4income taxes,Foreign,267.0,,,,11.0,,,,,,,35.0,,,,,,,,,,,,,,,,,
GSIT (GSI Technology Inc.) Annual report pursuant to Section 13 or 15(d) (10-K) 2011-06-02,GSIT,10-K,2011-06-02,2011,GSIT (GSI Technology Inc.) Annual report pursuant to Section 13 or 15(d) (10-K) 2011-06-02.xlsx,income_statement,note 4income taxes,State,503.0,,,,466.0,,,,,,,554.0,,,,,,,,,,,,,,,,,
GSIT (GSI Technology Inc.) Annual report pursuant to Section 13 or 15(d) (10-K) 2011-06-02,GSIT,10-K,2011-06-02,2011,GSIT (GSI Technology Inc.) Annual report pursuant to Section 13 or 15(d) (10-K) 2011-06-02.xlsx,income_statement,note 4income taxes,U.S. federal,-851.0,,,,-223.0,,,,,,,273.0,,,,,,,,,,,,,,,,,
GSIT (GSI Technology Inc.) Annual report pursuant to Section 13 or 15(d) (10-K) 2011-06-02,GSIT,10-K,2011-06-02,2011,GSIT (GSI Technology Inc.) Annual report pursuant to Section 13 or 15(d) (10-K) 2011-06-02.xlsx,income_statement,note 4income taxes,State,81.0,,,,-221.0,,,,,,,320.0,,,,,,,,,,,,,,,,,
GSIT (GSI Technology Inc.) Annual report pursuant to Section 13 or 15(d) (10-K) 2012-06-04,GSIT,10-K,2012-06-04,2012,GSIT (GSI Technology Inc.) Annual report pursuant to Section 13 or 15(d) (10-K) 2012-06-04.xlsx,income_statement,results of operations,Net revenues,1.0,1.0,1.0,,,,,,,,,,,,,,,,,,,,,,,,,,
GSIT (GSI Technology Inc.) Annual report pursuant to Section 13 or 15(d) (10-K) 2012-06-04,GSIT,10-K,2012-06-04,2012,GSIT (GSI Technology Inc.) Annual report pursuant to Section 13 or 15(d) (10-K) 2012-06-04.xlsx,income_statement,results of operations,Cost of revenues,55.6,54.2,56.8,,,,,,,,,,,,,,,,,,,,,,,,,,
GSIT (GSI Technology Inc.) Annual report pursuant to Section 13 or 15(d) (10-K) 2012-06-04,GSIT,10-K,2012-06-04,2012,GSIT (GSI Technology Inc.) Annual report pursuant to Section 13 or 15(d) (10-K) 2012-06-04.xlsx,income_statement,results of operations,Gross profit,44.4,45.8,43.2,,,,,,,,,,,,,,,,,,,,,,,,,,
GSIT (GSI Technology Inc.) Annual report pursuant to Section 13 or 15(d) (10-K) 2012-06-04,GSIT,10-K,2012-06-04,2012,GSIT (GSI Technology Inc.) Annual report pursuant to Section 13 or 15(d) (10-K) 2012-06-04.xlsx,income_statement,results of operations,Research and development,12.9,10.9,13.4,,,,,,,,,,,,,,,,,,,,,,,,,,
GSIT (GSI Technology Inc.) Annual report pursuant to Section 13 or 15(d) (10-K) 2012-06-04,GSIT,10-K,2012-06-04,2012,GSIT (GSI Technology Inc.) Annual report pursuant to Section 13 or 15(d) (10-K) 2012-06-04.xlsx,income_statement,results of operations,"Selling, general and administrative",23.5,11.0,14.1,,,,,,,,,,,,,,,,,,,,,,,,,,
GSIT (GSI Technology Inc.) Annual report pursuant to Section 13 or 15(d) (10-K) 2012-06-04,GSIT,10-K,2012-06-04,2012,GSIT (GSI Technology Inc.) Annual report pursuant to Section 13 or 15(d) (10-K) 2012-06-04.xlsx,income_statement,results of operations,Total operating expenses,36.4,21.9,27.5,,,,,,,,,,,,,,,,,,,,,,,,,,
GSIT (GSI Technology Inc.) Annual report pursuant to Section 13 or 15(d) (10-K) 2012-06-04,GSIT,10-K,2012-06-04,2012,GSIT (GSI Technology Inc.) Annual report pursuant to Section 13 or 15(d) (10-K) 2012-06-04.xlsx,income_statement,results of operations,Income from operations,8.0,23.9,15.7,,,,,,,,,,,,,,,,,,,,,,,,,,
GSIT (GSI Technology Inc.) Annual report pursuant to Section 13 or 15(d) (10-K) 2012-06-04,GSIT,10-K,2012-06-04,2012,GSIT (GSI Technology Inc.) Annual report pursuant to Section 13 or 15(d) (10-K) 2012-06-04.xlsx,income_statement,results of operations,"Interest and other income (expense), net",0.6,0.5,2.9,,,,,,,,,,,,,,,,,,,,,,,,,,
GSIT (GSI Technology Inc.) Annual report pursuant to Section 13 or 15(d) (10-K) 2012-06-04,GSIT,10-K,2012-06-04,2012,GSIT (GSI Technology Inc.) Annual report pursuant to Section 13 or 15(d) (10-K) 2012-06-04.xlsx,income_statement,results of operations,Income before income taxes,8.6,24.4,18.6,,,,,,,,,,,,,,,,,,,,,,,,,,
GSIT (GSI Technology Inc.) Annual report pursuant to Section 13 or 15(d) (10-K) 2012-06-04,GSIT,10-K,2012-06-04,2012,GSIT (GSI Technology Inc.) Annual report pursuant to Section 13 or 15(d) (10-K) 2012-06-04.xlsx,income_statement,results of operations,Provision for income taxes,0.5,5.1,3.2,,,,,,,,,,,,,,,,,,,,,,,,,,
GSIT (GSI Technology Inc.) Annual report pursuant to Section 13 or 15(d) (10-K) 2012-06-04,GSIT,10-K,2012-06-04,2012,GSIT (GSI Technology Inc.) Annual report pursuant to Section 13 or 15(d) (10-K) 2012-06-04.xlsx,income_statement,results of operations,Net income,0.081,0.193,0.154,,,,,,,,,,,,,,,,,,,,,,,,,,
GSIT (GSI Technology Inc.) Annual report pursuant to Section 13 or 15(d) (10-K) 2012-06-04,GSIT,10-K,2012-06-04,2012,GSIT (GSI Technology Inc.) Annual report pursuant to Section 13 or 15(d) (10-K) 2012-06-04.xlsx,income_statement,results of operations-1,Facilities and equipment leases,167000.0,,,,12000.0,,,,,,,,,,179000.0,,,,,,,,,,,,,,
GSIT (GSI Technology Inc.) Annual report pursuant to Section 13 or 15(d) (10-K) 2012-06-04,GSIT,10-K,2012-06-04,2012,GSIT (GSI Technology Inc.) Annual report pursuant to Section 13 or 15(d) (10-K) 2012-06-04.xlsx,income_statement,results of operations-1,"Wafer, test and mask purchase obligations",6078000.0,,,,2001000.0,,,,,,,481000.0,,,8560000.0,,,,,,,,,,,,,,
GSIT (GSI Technology Inc.) Annual report pursuant to Section 13 or 15(d) (10-K) 2012-06-04,GSIT,10-K,2012-06-04,2012,GSIT (GSI Technology Inc.) Annual report pursuant to Section 13 or 15(d) (10-K) 2012-06-04.xlsx,income_statement,operations,Net revenues,82540.0,,,,97763.0,,,,,,,67558.0,,,,,,,,,,,,,,,,,
GSIT (GSI Technology Inc.) Annual report pursuant to Section 13 or 15(d) (10-K) 2012-06-04,GSIT,10-K,2012-06-04,2012,GSIT (GSI Technology Inc.) Annual report pursuant to Section 13 or 15(d) (10-K) 2012-06-04.xlsx,income_statement,operations,Cost of revenues,45891.0,,,,53009.0,,,,,,,38342.0,,,,,,,,,,,,,,,,,
GSIT (GSI Technology Inc.) Annual report pursuant to Section 13 or 15(d) (10-K) 2012-06-04,GSIT,10-K,2012-06-04,2012,GSIT (GSI Technology Inc.) Annual report pursuant to Section 13 or 15(d) (10-K) 2012-06-04.xlsx,income_statement,operations,Gross profit,36649.0,,,,44754.0,,,,,,,29216.0,,,,,,,,,,,,,,,,,
GSIT (GSI Technology Inc.) Annual report pursuant to Section 13 or 15(d) (10-K) 2012-06-04,GSIT,10-K,2012-06-04,2012,GSIT (GSI Technology Inc.) Annual report pursuant to Section 13 or 15(d) (10-K) 2012-06-04.xlsx,income_statement,operations,Research and development,10637.0,,,,10632.0,,,,,,,9069.0,,,,,,,,,,,,,,,,,
GSIT (GSI Technology Inc.) Annual report pursuant to Section 13 or 15(d) (10-K) 2012-06-04,GSIT,10-K,2012-06-04,2012,GSIT (GSI Technology Inc.) Annual report pursuant to Section 13 or 15(d) (10-K) 2012-06-04.xlsx,income_statement,operations,"Selling, general and administrative",19356.0,,,,10722.0,,,,,,,9534.0,,,,,,,,,,,,,,,,,
GSIT (GSI Technology Inc.) Annual report pursuant to Section 13 or 15(d) (10-K) 2012-06-04,GSIT,10-K,2012-06-04,2012,GSIT (GSI Technology Inc.) Annual report pursuant to Section 13 or 15(d) (10-K) 2012-06-04.xlsx,income_statement,operations,Total operating expenses,29993.0,,,,21354.0,,,,,,,18603.0,,,,,,,,,,,,,,,,,
GSIT (GSI Technology Inc.) Annual report pursuant to Section 13 or 15(d) (10-K) 2012-06-04,GSIT,10-K,2012-06-04,2012,GSIT (GSI Technology Inc.) Annual report pursuant to Section 13 or 15(d) (10-K) 2012-06-04.xlsx,income_statement,operations,Income from operations,6656.0,,,,23400.0,,,,,,,10613.0,,,,,,,,,,,,,,,,,
GSIT (GSI Technology Inc.) Annual report pursuant to Section 13 or 15(d) (10-K) 2012-06-04,GSIT,10-K,2012-06-04,2012,GSIT (GSI Technology Inc.) Annual report pursuant to Section 13 or 15(d) (10-K) 2012-06-04.xlsx,income_statement,operations,"Interest income, net",541.0,,,,673.0,,,,,,,894.0,,,,,,,,,,,,,,,,,
GSIT (GSI Technology Inc.) Annual report pursuant to Section 13 or 15(d) (10-K) 2012-06-04,GSIT,10-K,2012-06-04,2012,GSIT (GSI Technology Inc.) Annual report pursuant to Section 13 or 15(d) (10-K) 2012-06-04.xlsx,income_statement,operations,"Other income (expense), net",-16.0,,,,-212.0,,,,,,,1071.0,,,,,,,,,,,,,,,,,
GSIT (GSI Technology Inc.) Annual report pursuant to Section 13 or 15(d) (10-K) 2012-06-04,GSIT,10-K,2012-06-04,2012,GSIT (GSI Technology Inc.) Annual report pursuant to Section 13 or 15(d) (10-K) 2012-06-04.xlsx,income_statement,operations,Income before income taxes,7181.0,,,,23861.0,,,,,,,12578.0,,,,,,,,,,,,,,,,,
GSIT (GSI Technology Inc.) Annual report pursuant to Section 13 or 15(d) (10-K) 2012-06-04,GSIT,10-K,2012-06-04,2012,GSIT (GSI Technology Inc.) Annual report pursuant to Section 13 or 15(d) (10-K) 2012-06-04.xlsx,income_statement,operations,Provision for income taxes,425.0,,,,4985.0,,,,,,,2195.0,,,,,,,,,,,,,,,,,
GSIT (GSI Technology Inc.) Annual report pursuant to Section 13 or 15(d) (10-K) 2012-06-04,GSIT,10-K,2012-06-04,2012,GSIT (GSI Technology Inc.) Annual report pursuant to Section 13 or 15(d) (10-K) 2012-06-04.xlsx,income_statement,operations,Net income,6756.0,,,,18876.0,,,,,,,10383.0,,,,,,,,,,,,,,,,,
GSIT (GSI Technology Inc.) Annual report pursuant to Section 13 or 15(d) (10-K) 2012-06-04,GSIT,10-K,2012-06-04,2012,GSIT (GSI Technology Inc.) Annual report pursuant to Section 13 or 15(d) (10-K) 2012-06-04.xlsx,income_statement,operations,Basic,0.24,,,,0.67,,,,,,,0.38,,,,,,,,,,,,,,,,,
GSIT (GSI Technology Inc.) Annual report pursuant to Section 13 or 15(d) (10-K) 2012-06-04,GSIT,10-K,2012-06-04,2012,GSIT (GSI Technology Inc.) Annual report pursuant to Section 13 or 15(d) (10-K) 2012-06-04.xlsx,income_statement,operations,Diluted,0.23,,,,0.64,,,,,,,0.38,,,,,,,,,,,,,,,,,
GSIT (GSI Technology Inc.) Annual report pursuant to Section 13 or 15(d) (10-K) 2012-06-04,GSIT,10-K,2012-06-04,2012,GSIT (GSI Technology Inc.) Annual report pursuant to Section 13 or 15(d) (10-K) 2012-06-04.xlsx,income_statement,operations,Basic,28497.0,,,,28013.0,,,,,,,27105.0,,,,,,,,,,,,,,,,,
GSIT (GSI Technology Inc.) Annual report pursuant to Section 13 or 15(d) (10-K) 2012-06-04,GSIT,10-K,2012-06-04,2012,GSIT (GSI Technology Inc.) Annual report pursuant to Section 13 or 15(d) (10-K) 2012-06-04.xlsx,income_statement,operations,Diluted,29496.0,,,,29685.0,,,,,,,27688.0,,,,,,,,,,,,,,,,,
GSIT (GSI Technology Inc.) Annual report pursuant to Section 13 or 15(d) (10-K) 2014-06-11,GSIT,10-K,2014-06-11,2014,GSIT (GSI Technology Inc.) Annual report pursuant to Section 13 or 15(d) (10-K) 2014-06-11.xlsx,income_statement,results of operations,Net revenues,1.0,1.0,1.0,,,,,,,,,,,,,,,,,,,,,,,,,,
GSIT (GSI Technology Inc.) Annual report pursuant to Section 13 or 15(d) (10-K) 2014-06-11,GSIT,10-K,2014-06-11,2014,GSIT (GSI Technology Inc.) Annual report pursuant to Section 13 or 15(d) (10-K) 2014-06-11.xlsx,income_statement,results of operations,Cost of revenues,55.4,56.7,55.6,,,,,,,,,,,,,,,,,,,,,,,,,,
GSIT (GSI Technology Inc.) Annual report pursuant to Section 13 or 15(d) (10-K) 2014-06-11,GSIT,10-K,2014-06-11,2014,GSIT (GSI Technology Inc.) Annual report pursuant to Section 13 or 15(d) (10-K) 2014-06-11.xlsx,income_statement,results of operations,Gross profit,44.6,43.3,44.4,,,,,,,,,,,,,,,,,,,,,,,,,,
GSIT (GSI Technology Inc.) Annual report pursuant to Section 13 or 15(d) (10-K) 2014-06-11,GSIT,10-K,2014-06-11,2014,GSIT (GSI Technology Inc.) Annual report pursuant to Section 13 or 15(d) (10-K) 2014-06-11.xlsx,income_statement,results of operations,Research and development,22.4,17.4,12.9,,,,,,,,,,,,,,,,,,,,,,,,,,
GSIT (GSI Technology Inc.) Annual report pursuant to Section 13 or 15(d) (10-K) 2014-06-11,GSIT,10-K,2014-06-11,2014,GSIT (GSI Technology Inc.) Annual report pursuant to Section 13 or 15(d) (10-K) 2014-06-11.xlsx,income_statement,results of operations,"Selling, general and administrative",32.1,20.7,23.5,,,,,,,,,,,,,,,,,,,,,,,,,,
GSIT (GSI Technology Inc.) Annual report pursuant to Section 13 or 15(d) (10-K) 2014-06-11,GSIT,10-K,2014-06-11,2014,GSIT (GSI Technology Inc.) Annual report pursuant to Section 13 or 15(d) (10-K) 2014-06-11.xlsx,income_statement,results of operations,Total operating expenses,54.5,38.1,36.4,,,,,,,,,,,,,,,,,,,,,,,,,,
GSIT (GSI Technology Inc.) Annual report pursuant to Section 13 or 15(d) (10-K) 2014-06-11,GSIT,10-K,2014-06-11,2014,GSIT (GSI Technology Inc.) Annual report pursuant to Section 13 or 15(d) (10-K) 2014-06-11.xlsx,income_statement,results of operations,Income (loss) from operations,-9.9,5.2,8.0,,,,,,,,,,,,,,,,,,,,,,,,,,
GSIT (GSI Technology Inc.) Annual report pursuant to Section 13 or 15(d) (10-K) 2014-06-11,GSIT,10-K,2014-06-11,2014,GSIT (GSI Technology Inc.) Annual report pursuant to Section 13 or 15(d) (10-K) 2014-06-11.xlsx,income_statement,results of operations,"Interest and other income (expense), net",0.6,0.7,0.6,,,,,,,,,,,,,,,,,,,,,,,,,,
GSIT (GSI Technology Inc.) Annual report pursuant to Section 13 or 15(d) (10-K) 2014-06-11,GSIT,10-K,2014-06-11,2014,GSIT (GSI Technology Inc.) Annual report pursuant to Section 13 or 15(d) (10-K) 2014-06-11.xlsx,income_statement,results of operations,Income (loss) before income taxes,-9.3,5.9,8.6,,,,,,,,,,,,,,,,,,,,,,,,,,
GSIT (GSI Technology Inc.) Annual report pursuant to Section 13 or 15(d) (10-K) 2014-06-11,GSIT,10-K,2014-06-11,2014,GSIT (GSI Technology Inc.) Annual report pursuant to Section 13 or 15(d) (10-K) 2014-06-11.xlsx,income_statement,results of operations,Provision for income taxes,1.3,0.1,0.5,,,,,,,,,,,,,,,,,,,,,,,,,,
GSIT (GSI Technology Inc.) Annual report pursuant to Section 13 or 15(d) (10-K) 2014-06-11,GSIT,10-K,2014-06-11,2014,GSIT (GSI Technology Inc.) Annual report pursuant to Section 13 or 15(d) (10-K) 2014-06-11.xlsx,income_statement,results of operations,Net income,,0.057999999999999996,0.081,,,,,,,,,,,,,,,,,,,,,,,,,,
GSIT (GSI Technology Inc.) Annual report pursuant to Section 13 or 15(d) (10-K) 2014-06-11,GSIT,10-K,2014-06-11,2014,GSIT (GSI Technology Inc.) Annual report pursuant to Section 13 or 15(d) (10-K) 2014-06-11.xlsx,income_statement,results of operations-1,Facilities and equipment leases,155000.0,98000.0,,,,,,,253000.0,,,,,,,,,,,,,,,,,,,,
GSIT (GSI Technology Inc.) Annual report pursuant to Section 13 or 15(d) (10-K) 2014-06-11,GSIT,10-K,2014-06-11,2014,GSIT (GSI Technology Inc.) Annual report pursuant to Section 13 or 15(d) (10-K) 2014-06-11.xlsx,income_statement,results of operations-1,"Wafer, test and mask purchase obligations",,,,3508000.0,465000.0,,,,,,,,,3973000.0,,,,,,,,,,,,,,,
GSIT (GSI Technology Inc.) Annual report pursuant to Section 13 or 15(d) (10-K) 2015-06-11,GSIT,10-K,2015-06-11,2015,GSIT (GSI Technology Inc.) Annual report pursuant to Section 13 or 15(d) (10-K) 2015-06-11.xlsx,income_statement,results of operations,Net revenues,1.0,1.0,1.0,,,,,,,,,,,,,,,,,,,,,,,,,,
GSIT (GSI Technology Inc.) Annual report pursuant to Section 13 or 15(d) (10-K) 2015-06-11,GSIT,10-K,2015-06-11,2015,GSIT (GSI Technology Inc.) Annual report pursuant to Section 13 or 15(d) (10-K) 2015-06-11.xlsx,income_statement,results of operations,Cost of revenues,53.0,55.4,56.7,,,,,,,,,,,,,,,,,,,,,,,,,,
GSIT (GSI Technology Inc.) Annual report pursuant to Section 13 or 15(d) (10-K) 2015-06-11,GSIT,10-K,2015-06-11,2015,GSIT (GSI Technology Inc.) Annual report pursuant to Section 13 or 15(d) (10-K) 2015-06-11.xlsx,income_statement,results of operations,Gross profit,47.0,44.6,43.3,,,,,,,,,,,,,,,,,,,,,,,,,,
GSIT (GSI Technology Inc.) Annual report pursuant to Section 13 or 15(d) (10-K) 2015-06-11,GSIT,10-K,2015-06-11,2015,GSIT (GSI Technology Inc.) Annual report pursuant to Section 13 or 15(d) (10-K) 2015-06-11.xlsx,income_statement,results of operations,Research and development,22.3,22.4,17.4,,,,,,,,,,,,,,,,,,,,,,,,,,
GSIT (GSI Technology Inc.) Annual report pursuant to Section 13 or 15(d) (10-K) 2015-06-11,GSIT,10-K,2015-06-11,2015,GSIT (GSI Technology Inc.) Annual report pursuant to Section 13 or 15(d) (10-K) 2015-06-11.xlsx,income_statement,results of operations,"Selling, general and administrative",36.0,32.1,20.7,,,,,,,,,,,,,,,,,,,,,,,,,,
GSIT (GSI Technology Inc.) Annual report pursuant to Section 13 or 15(d) (10-K) 2015-06-11,GSIT,10-K,2015-06-11,2015,GSIT (GSI Technology Inc.) Annual report pursuant to Section 13 or 15(d) (10-K) 2015-06-11.xlsx,income_statement,results of operations,Total operating expenses,58.3,54.5,38.1,,,,,,,,,,,,,,,,,,,,,,,,,,
GSIT (GSI Technology Inc.) Annual report pursuant to Section 13 or 15(d) (10-K) 2015-06-11,GSIT,10-K,2015-06-11,2015,GSIT (GSI Technology Inc.) Annual report pursuant to Section 13 or 15(d) (10-K) 2015-06-11.xlsx,income_statement,results of operations,Income (loss) from operations,-11.3,-9.9,5.2,,,,,,,,,,,,,,,,,,,,,,,,,,
GSIT (GSI Technology Inc.) Annual report pursuant to Section 13 or 15(d) (10-K) 2015-06-11,GSIT,10-K,2015-06-11,2015,GSIT (GSI Technology Inc.) Annual report pursuant to Section 13 or 15(d) (10-K) 2015-06-11.xlsx,income_statement,results of operations,"Interest and other income (expense), net",0.7,0.6,0.7,,,,,,,,,,,,,,,,,,,,,,,,,,
GSIT (GSI Technology Inc.) Annual report pursuant to Section 13 or 15(d) (10-K) 2015-06-11,GSIT,10-K,2015-06-11,2015,GSIT (GSI Technology Inc.) Annual report pursuant to Section 13 or 15(d) (10-K) 2015-06-11.xlsx,income_statement,results of operations,Income (loss) before income taxes,-10.6,-9.3,5.9,,,,,,,,,,,,,,,,,,,,,,,,,,
GSIT (GSI Technology Inc.) Annual report pursuant to Section 13 or 15(d) (10-K) 2015-06-11,GSIT,10-K,2015-06-11,2015,GSIT (GSI Technology Inc.) Annual report pursuant to Section 13 or 15(d) (10-K) 2015-06-11.xlsx,income_statement,results of operations,Provision for income taxes,-1.3,1.3,0.1,,,,,,,,,,,,,,,,,,,,,,,,,,
GSIT (GSI Technology Inc.) Annual report pursuant to Section 13 or 15(d) (10-K) 2015-06-11,GSIT,10-K,2015-06-11,2015,GSIT (GSI Technology Inc.) Annual report pursuant to Section 13 or 15(d) (10-K) 2015-06-11.xlsx,income_statement,results of operations,Net income,,,0.057999999999999996,,,,,,,,,,,,,,,,,,,,,,,,,,
GSIT (GSI Technology Inc.) Annual report pursuant to Section 13 or 15(d) (10-K) 2015-06-11,GSIT,10-K,2015-06-11,2015,GSIT (GSI Technology Inc.) Annual report pursuant to Section 13 or 15(d) (10-K) 2015-06-11.xlsx,income_statement,operations,Net revenues,,,,,,,,,,58579.0,66014.0,,,,,53498.0,,,,,,,,,,,,,
GSIT (GSI Technology Inc.) Annual report pursuant to Section 13 or 15(d) (10-K) 2015-06-11,GSIT,10-K,2015-06-11,2015,GSIT (GSI Technology Inc.) Annual report pursuant to Section 13 or 15(d) (10-K) 2015-06-11.xlsx,income_statement,operations,Cost of revenues,28375.0,32469.0,37426.0,,,,,,,,,,,,,,,,,,,,,,,,,,
GSIT (GSI Technology Inc.) Annual report pursuant to Section 13 or 15(d) (10-K) 2015-06-11,GSIT,10-K,2015-06-11,2015,GSIT (GSI Technology Inc.) Annual report pursuant to Section 13 or 15(d) (10-K) 2015-06-11.xlsx,income_statement,operations,Gross profit,25123.0,26110.0,28588.0,,,,,,,,,,,,,,,,,,,,,,,,,,
GSIT (GSI Technology Inc.) Annual report pursuant to Section 13 or 15(d) (10-K) 2015-06-11,GSIT,10-K,2015-06-11,2015,GSIT (GSI Technology Inc.) Annual report pursuant to Section 13 or 15(d) (10-K) 2015-06-11.xlsx,income_statement,operations,Research and development,11917.0,13110.0,11472.0,,,,,,,,,,,,,,,,,,,,,,,,,,
GSIT (GSI Technology Inc.) Annual report pursuant to Section 13 or 15(d) (10-K) 2015-06-11,GSIT,10-K,2015-06-11,2015,GSIT (GSI Technology Inc.) Annual report pursuant to Section 13 or 15(d) (10-K) 2015-06-11.xlsx,income_statement,operations,"Selling, general and administrative",19247.0,18814.0,13696.0,,,,,,,,,,,,,,,,,,,,,,,,,,
GSIT (GSI Technology Inc.) Annual report pursuant to Section 13 or 15(d) (10-K) 2015-06-11,GSIT,10-K,2015-06-11,2015,GSIT (GSI Technology Inc.) Annual report pursuant to Section 13 or 15(d) (10-K) 2015-06-11.xlsx,income_statement,operations,Total operating expenses,31164.0,31924.0,25168.0,,,,,,,,,,,,,,,,,,,,,,,,,,
GSIT (GSI Technology Inc.) Annual report pursuant to Section 13 or 15(d) (10-K) 2015-06-11,GSIT,10-K,2015-06-11,2015,GSIT (GSI Technology Inc.) Annual report pursuant to Section 13 or 15(d) (10-K) 2015-06-11.xlsx,income_statement,operations,Income (loss) from operations,-6041.0,-5814.0,3420.0,,,,,,,,,,,,,,,,,,,,,,,,,,
GSIT (GSI Technology Inc.) Annual report pursuant to Section 13 or 15(d) (10-K) 2015-06-11,GSIT,10-K,2015-06-11,2015,GSIT (GSI Technology Inc.) Annual report pursuant to Section 13 or 15(d) (10-K) 2015-06-11.xlsx,income_statement,operations,"Interest income, net",324.0,387.0,455.0,,,,,,,,,,,,,,,,,,,,,,,,,,
GSIT (GSI Technology Inc.) Annual report pursuant to Section 13 or 15(d) (10-K) 2015-06-11,GSIT,10-K,2015-06-11,2015,GSIT (GSI Technology Inc.) Annual report pursuant to Section 13 or 15(d) (10-K) 2015-06-11.xlsx,income_statement,operations,"Other income (expense), net",64.0,-49.0,9.0,,,,,,,,,,,,,,,,,,,,,,,,,,
GSIT (GSI Technology Inc.) Annual report pursuant to Section 13 or 15(d) (10-K) 2015-06-11,GSIT,10-K,2015-06-11,2015,GSIT (GSI Technology Inc.) Annual report pursuant to Section 13 or 15(d) (10-K) 2015-06-11.xlsx,income_statement,operations,Income (loss) before income taxes,-5653.0,-5476.0,3884.0,,,,,,,,,,,,,,,,,,,,,,,,,,
GSIT (GSI Technology Inc.) Annual report pursuant to Section 13 or 15(d) (10-K) 2015-06-11,GSIT,10-K,2015-06-11,2015,GSIT (GSI Technology Inc.) Annual report pursuant to Section 13 or 15(d) (10-K) 2015-06-11.xlsx,income_statement,operations,Provision (benefit) for income taxes,-675.0,713.0,38.0,,,,,,,,,,,,,,,,,,,,,,,,,,
GSIT (GSI Technology Inc.) Annual report pursuant to Section 13 or 15(d) (10-K) 2015-06-11,GSIT,10-K,2015-06-11,2015,GSIT (GSI Technology Inc.) Annual report pursuant to Section 13 or 15(d) (10-K) 2015-06-11.xlsx,income_statement,operations,Net income,,,,,,,,,,-6189.0,3846.0,,,,,-4978.0,,,,,,,,,,,,,
GSIT (GSI Technology Inc.) Annual report pursuant to Section 13 or 15(d) (10-K) 2015-06-11,GSIT,10-K,2015-06-11,2015,GSIT (GSI Technology Inc.) Annual report pursuant to Section 13 or 15(d) (10-K) 2015-06-11.xlsx,income_statement,operations,Basic,,,,,,,,,,-0.23,0.14,,,,,-0.2,,,,,,,,,,,,,
GSIT (GSI Technology Inc.) Annual report pursuant to Section 13 or 15(d) (10-K) 2015-06-11,GSIT,10-K,2015-06-11,2015,GSIT (GSI Technology Inc.) Annual report pursuant to Section 13 or 15(d) (10-K) 2015-06-11.xlsx,income_statement,operations,Diluted,,,,,,,,,,-0.23,0.14,,,,,-0.2,,,,,,,,,,,,,
GSIT (GSI Technology Inc.) Annual report pursuant to Section 13 or 15(d) (10-K) 2015-06-11,GSIT,10-K,2015-06-11,2015,GSIT (GSI Technology Inc.) Annual report pursuant to Section 13 or 15(d) (10-K) 2015-06-11.xlsx,income_statement,operations,Basic,25029.0,27505.0,27124.0,,,,,,,,,,,,,,,,,,,,,,,,,,
GSIT (GSI Technology Inc.) Annual report pursuant to Section 13 or 15(d) (10-K) 2015-06-11,GSIT,10-K,2015-06-11,2015,GSIT (GSI Technology Inc.) Annual report pursuant to Section 13 or 15(d) (10-K) 2015-06-11.xlsx,income_statement,operations,Diluted,25029.0,27505.0,28077.0,,,,,,,,,,,,,,,,,,,,,,,,,,
GSIT (GSI Technology Inc.) Annual report pursuant to Section 13 or 15(d) (10-K) 2015-06-11,GSIT,10-K,2015-06-11,2015,GSIT (GSI Technology Inc.) Annual report pursuant to Section 13 or 15(d) (10-K) 2015-06-11.xlsx,income_statement,comprehensive income,Net income,-4978.0,-6189.0,3846.0,,,,,,,,,,,,,,,,,,,,,,,,,,
GSIT (GSI Technology Inc.) Annual report pursuant to Section 13 or 15(d) (10-K) 2015-06-11,GSIT,10-K,2015-06-11,2015,GSIT (GSI Technology Inc.) Annual report pursuant to Section 13 or 15(d) (10-K) 2015-06-11.xlsx,income_statement,comprehensive income,"Net unrealized loss on available-for-sale investments, net of tax",,,,-7.0,-12.0,-43.0,,,,,,,,,,,,,,,,,,,,,,,
GSIT (GSI Technology Inc.) Annual report pursuant to Section 13 or 15(d) (10-K) 2015-06-11,GSIT,10-K,2015-06-11,2015,GSIT (GSI Technology Inc.) Annual report pursuant to Section 13 or 15(d) (10-K) 2015-06-11.xlsx,income_statement,comprehensive income,Net income,-4985.0,-6201.0,3803.0,,,,,,,,,,,,,,,,,,,,,,,,,,
GSIT (GSI Technology Inc.) Annual report pursuant to Section 13 or 15(d) (10-K) 2016-06-10,GSIT,10-K,2016-06-10,2016,GSIT (GSI Technology Inc.) Annual report pursuant to Section 13 or 15(d) (10-K) 2016-06-10.xlsx,income_statement,results of operations,Net revenues,,,,1.0,1.0,1.0,,,,,,,,,,,,,,,,,,,,,,,
GSIT (GSI Technology Inc.) Annual report pursuant to Section 13 or 15(d) (10-K) 2016-06-10,GSIT,10-K,2016-06-10,2016,GSIT (GSI Technology Inc.) Annual report pursuant to Section 13 or 15(d) (10-K) 2016-06-10.xlsx,income_statement,results of operations,Cost of revenues,,,,49.3,53.0,55.4,,,,,,,,,,,,,,,,,,,,,,,
GSIT (GSI Technology Inc.) Annual report pursuant to Section 13 or 15(d) (10-K) 2016-06-10,GSIT,10-K,2016-06-10,2016,GSIT (GSI Technology Inc.) Annual report pursuant to Section 13 or 15(d) (10-K) 2016-06-10.xlsx,income_statement,results of operations,Gross profit,,,,50.7,47.0,44.6,,,,,,,,,,,,,,,,,,,,,,,
GSIT (GSI Technology Inc.) Annual report pursuant to Section 13 or 15(d) (10-K) 2016-06-10,GSIT,10-K,2016-06-10,2016,GSIT (GSI Technology Inc.) Annual report pursuant to Section 13 or 15(d) (10-K) 2016-06-10.xlsx,income_statement,results of operations,Research and development,,,,22.9,22.3,22.4,,,,,,,,,,,,,,,,,,,,,,,
GSIT (GSI Technology Inc.) Annual report pursuant to Section 13 or 15(d) (10-K) 2016-06-10,GSIT,10-K,2016-06-10,2016,GSIT (GSI Technology Inc.) Annual report pursuant to Section 13 or 15(d) (10-K) 2016-06-10.xlsx,income_statement,results of operations,"Selling, general and administrative",,,,33.5,36.0,32.1,,,,,,,,,,,,,,,,,,,,,,,
GSIT (GSI Technology Inc.) Annual report pursuant to Section 13 or 15(d) (10-K) 2016-06-10,GSIT,10-K,2016-06-10,2016,GSIT (GSI Technology Inc.) Annual report pursuant to Section 13 or 15(d) (10-K) 2016-06-10.xlsx,income_statement,results of operations,Total operating expenses,,,,56.4,58.3,54.5,,,,,,,,,,,,,,,,,,,,,,,
GSIT (GSI Technology Inc.) Annual report pursuant to Section 13 or 15(d) (10-K) 2016-06-10,GSIT,10-K,2016-06-10,2016,GSIT (GSI Technology Inc.) Annual report pursuant to Section 13 or 15(d) (10-K) 2016-06-10.xlsx,income_statement,results of operations,Loss from operations,,,,-5.7,-11.3,-9.9,,,,,,,,,,,,,,,,,,,,,,,
GSIT (GSI Technology Inc.) Annual report pursuant to Section 13 or 15(d) (10-K) 2016-06-10,GSIT,10-K,2016-06-10,2016,GSIT (GSI Technology Inc.) Annual report pursuant to Section 13 or 15(d) (10-K) 2016-06-10.xlsx,income_statement,results of operations,"Interest and other income (expense), net",,,,0.4,0.7,0.6,,,,,,,,,,,,,,,,,,,,,,,
GSIT (GSI Technology Inc.) Annual report pursuant to Section 13 or 15(d) (10-K) 2016-06-10,GSIT,10-K,2016-06-10,2016,GSIT (GSI Technology Inc.) Annual report pursuant to Section 13 or 15(d) (10-K) 2016-06-10.xlsx,income_statement,results of operations,Loss before income taxes,,,,-5.3,-10.6,-9.3,,,,,,,,,,,,,,,,,,,,,,,
GSIT (GSI Technology Inc.) Annual report pursuant to Section 13 or 15(d) (10-K) 2016-06-10,GSIT,10-K,2016-06-10,2016,GSIT (GSI Technology Inc.) Annual report pursuant to Section 13 or 15(d) (10-K) 2016-06-10.xlsx,income_statement,results of operations,Provision (benefit) for income taxes,,,,-1.2,-1.2,1.2,,,,,,,,,,,,,,,,,,,,,,,
GSIT (GSI Technology Inc.) Annual report pursuant to Section 13 or 15(d) (10-K) 2016-06-10,GSIT,10-K,2016-06-10,2016,GSIT (GSI Technology Inc.) Annual report pursuant to Section 13 or 15(d) (10-K) 2016-06-10.xlsx,income_statement,results of operations,Net loss,,,,,,,,,,,,,,,,,,,,,,,,,,,,,
GSIT (GSI Technology Inc.) Annual report pursuant to Section 13 or 15(d) (10-K) 2016-06-10,GSIT,10-K,2016-06-10,2016,GSIT (GSI Technology Inc.) Annual report pursuant to Section 13 or 15(d) (10-K) 2016-06-10.xlsx,income_statement,operations,Net revenues,52736.0,53498.0,58579.0,,,,,,,,,,,,,,,,,,,,,,,,,,
GSIT (GSI Technology Inc.) Annual report pursuant to Section 13 or 15(d) (10-K) 2016-06-10,GSIT,10-K,2016-06-10,2016,GSIT (GSI Technology Inc.) Annual report pursuant to Section 13 or 15(d) (10-K) 2016-06-10.xlsx,income_statement,operations,Cost of revenues,,,,25999.0,28375.0,32469.0,,,,,,,,,,,,,,,,,,,,,,,
GSIT (GSI Technology Inc.) Annual report pursuant to Section 13 or 15(d) (10-K) 2016-06-10,GSIT,10-K,2016-06-10,2016,GSIT (GSI Technology Inc.) Annual report pursuant to Section 13 or 15(d) (10-K) 2016-06-10.xlsx,income_statement,operations,Gross profit,,,,26737.0,25123.0,26110.0,,,,,,,,,,,,,,,,,,,,,,,
GSIT (GSI Technology Inc.) Annual report pursuant to Section 13 or 15(d) (10-K) 2016-06-10,GSIT,10-K,2016-06-10,2016,GSIT (GSI Technology Inc.) Annual report pursuant to Section 13 or 15(d) (10-K) 2016-06-10.xlsx,income_statement,operations,Research and development,,,,12095.0,11917.0,13110.0,,,,,,,,,,,,,,,,,,,,,,,
GSIT (GSI Technology Inc.) Annual report pursuant to Section 13 or 15(d) (10-K) 2016-06-10,GSIT,10-K,2016-06-10,2016,GSIT (GSI Technology Inc.) Annual report pursuant to Section 13 or 15(d) (10-K) 2016-06-10.xlsx,income_statement,operations,"Selling, general and administrative",,,,17663.0,19247.0,18814.0,,,,,,,,,,,,,,,,,,,,,,,
GSIT (GSI Technology Inc.) Annual report pursuant to Section 13 or 15(d) (10-K) 2016-06-10,GSIT,10-K,2016-06-10,2016,GSIT (GSI Technology Inc.) Annual report pursuant to Section 13 or 15(d) (10-K) 2016-06-10.xlsx,income_statement,operations,Total operating expenses,,,,29758.0,31164.0,31924.0,,,,,,,,,,,,,,,,,,,,,,,
GSIT (GSI Technology Inc.) Annual report pursuant to Section 13 or 15(d) (10-K) 2016-06-10,GSIT,10-K,2016-06-10,2016,GSIT (GSI Technology Inc.) Annual report pursuant to Section 13 or 15(d) (10-K) 2016-06-10.xlsx,income_statement,operations,Loss from operations,,,,-3021.0,-6041.0,-5814.0,,,,,,,,,,,,,,,,,,,,,,,
GSIT (GSI Technology Inc.) Annual report pursuant to Section 13 or 15(d) (10-K) 2016-06-10,GSIT,10-K,2016-06-10,2016,GSIT (GSI Technology Inc.) Annual report pursuant to Section 13 or 15(d) (10-K) 2016-06-10.xlsx,income_statement,operations,"Interest income, net",,,,307.0,324.0,387.0,,,,,,,,,,,,,,,,,,,,,,,
GSIT (GSI Technology Inc.) Annual report pursuant to Section 13 or 15(d) (10-K) 2016-06-10,GSIT,10-K,2016-06-10,2016,GSIT (GSI Technology Inc.) Annual report pursuant to Section 13 or 15(d) (10-K) 2016-06-10.xlsx,income_statement,operations,"Other income (expense), net",,,,-97.0,64.0,-49.0,,,,,,,,,,,,,,,,,,,,,,,
GSIT (GSI Technology Inc.) Annual report pursuant to Section 13 or 15(d) (10-K) 2016-06-10,GSIT,10-K,2016-06-10,2016,GSIT (GSI Technology Inc.) Annual report pursuant to Section 13 or 15(d) (10-K) 2016-06-10.xlsx,income_statement,operations,Loss before income taxes,,,,-2811.0,-5653.0,-5476.0,,,,,,,,,,,,,,,,,,,,,,,
GSIT (GSI Technology Inc.) Annual report pursuant to Section 13 or 15(d) (10-K) 2016-06-10,GSIT,10-K,2016-06-10,2016,GSIT (GSI Technology Inc.) Annual report pursuant to Section 13 or 15(d) (10-K) 2016-06-10.xlsx,income_statement,operations,Provision (benefit) for income taxes,,,,-641.0,-675.0,713.0,,,,,,,,,,,,,,,,,,,,,,,
GSIT (GSI Technology Inc.) Annual report pursuant to Section 13 or 15(d) (10-K) 2016-06-10,GSIT,10-K,2016-06-10,2016,GSIT (GSI Technology Inc.) Annual report pursuant to Section 13 or 15(d) (10-K) 2016-06-10.xlsx,income_statement,operations,Net loss,-2170.0,-4978.0,-6189.0,,,,,,,,,,,,,,,,,,,,,,,,,,
GSIT (GSI Technology Inc.) Annual report pursuant to Section 13 or 15(d) (10-K) 2016-06-10,GSIT,10-K,2016-06-10,2016,GSIT (GSI Technology Inc.) Annual report pursuant to Section 13 or 15(d) (10-K) 2016-06-10.xlsx,income_statement,operations,Basic,-0.1,-0.2,-0.23,,,,,,,,,,,,,,,,,,,,,,,,,,
GSIT (GSI Technology Inc.) Annual report pursuant to Section 13 or 15(d) (10-K) 2016-06-10,GSIT,10-K,2016-06-10,2016,GSIT (GSI Technology Inc.) Annual report pursuant to Section 13 or 15(d) (10-K) 2016-06-10.xlsx,income_statement,operations,Diluted,-0.1,-0.2,-0.23,,,,,,,,,,,,,,,,,,,,,,,,,,
GSIT (GSI Technology Inc.) Annual report pursuant to Section 13 or 15(d) (10-K) 2016-06-10,GSIT,10-K,2016-06-10,2016,GSIT (GSI Technology Inc.) Annual report pursuant to Section 13 or 15(d) (10-K) 2016-06-10.xlsx,income_statement,operations,Basic,,,,22593.0,25029.0,27505.0,,,,,,,,,,,,,,,,,,,,,,,
GSIT (GSI Technology Inc.) Annual report pursuant to Section 13 or 15(d) (10-K) 2016-06-10,GSIT,10-K,2016-06-10,2016,GSIT (GSI Technology Inc.) Annual report pursuant to Section 13 or 15(d) (10-K) 2016-06-10.xlsx,income_statement,operations,Diluted,,,,22593.0,25029.0,27505.0,,,,,,,,,,,,,,,,,,,,,,,
GSIT (GSI Technology Inc.) Annual report pursuant to Section 13 or 15(d) (10-K) 2016-06-10,GSIT,10-K,2016-06-10,2016,GSIT (GSI Technology Inc.) Annual report pursuant to Section 13 or 15(d) (10-K) 2016-06-10.xlsx,income_statement,comprehensive loss,Net loss,-2170.0,-4978.0,-6189.0,,,,,,,,,,,,,,,,,,,,,,,,,,
GSIT (GSI Technology Inc.) Annual report pursuant to Section 13 or 15(d) (10-K) 2016-06-10,GSIT,10-K,2016-06-10,2016,GSIT (GSI Technology Inc.) Annual report pursuant to Section 13 or 15(d) (10-K) 2016-06-10.xlsx,income_statement,comprehensive loss,"Net unrealized gain (loss) on available-for-sale investments, net of tax",,,,1.0,-7.0,-12.0,,,,,,,,,,,,,,,,,,,,,,,
GSIT (GSI Technology Inc.) Annual report pursuant to Section 13 or 15(d) (10-K) 2016-06-10,GSIT,10-K,2016-06-10,2016,GSIT (GSI Technology Inc.) Annual report pursuant to Section 13 or 15(d) (10-K) 2016-06-10.xlsx,income_statement,comprehensive loss,Net loss,-2169.0,-4985.0,-6201.0,,,,,,,,,,,,,,,,,,,,,,,,,,
GSIT (GSI Technology Inc.) Annual report pursuant to Section 13 or 15(d) (10-K) 2017-06-05,GSIT,10-K,2017-06-05,2017,GSIT (GSI Technology Inc.) Annual report pursuant to Section 13 or 15(d) (10-K) 2017-06-05.xlsx,income_statement,results of operations,Net revenues,,,,1.0,1.0,1.0,,,,,,,,,,,,,,,,,,,,,,,
GSIT (GSI Technology Inc.) Annual report pursuant to Section 13 or 15(d) (10-K) 2017-06-05,GSIT,10-K,2017-06-05,2017,GSIT (GSI Technology Inc.) Annual report pursuant to Section 13 or 15(d) (10-K) 2017-06-05.xlsx,income_statement,results of operations,Cost of revenues,,,,45.2,49.3,53.0,,,,,,,,,,,,,,,,,,,,,,,
GSIT (GSI Technology Inc.) Annual report pursuant to Section 13 or 15(d) (10-K) 2017-06-05,GSIT,10-K,2017-06-05,2017,GSIT (GSI Technology Inc.) Annual report pursuant to Section 13 or 15(d) (10-K) 2017-06-05.xlsx,income_statement,results of operations,Gross profit,,,,54.8,50.7,47.0,,,,,,,,,,,,,,,,,,,,,,,
GSIT (GSI Technology Inc.) Annual report pursuant to Section 13 or 15(d) (10-K) 2017-06-05,GSIT,10-K,2017-06-05,2017,GSIT (GSI Technology Inc.) Annual report pursuant to Section 13 or 15(d) (10-K) 2017-06-05.xlsx,income_statement,results of operations,Research and development,,,,32.8,22.9,22.3,,,,,,,,,,,,,,,,,,,,,,,
GSIT (GSI Technology Inc.) Annual report pursuant to Section 13 or 15(d) (10-K) 2017-06-05,GSIT,10-K,2017-06-05,2017,GSIT (GSI Technology Inc.) Annual report pursuant to Section 13 or 15(d) (10-K) 2017-06-05.xlsx,income_statement,results of operations,"Selling, general and administrative",,,,23.1,33.5,36.0,,,,,,,,,,,,,,,,,,,,,,,
GSIT (GSI Technology Inc.) Annual report pursuant to Section 13 or 15(d) (10-K) 2017-06-05,GSIT,10-K,2017-06-05,2017,GSIT (GSI Technology Inc.) Annual report pursuant to Section 13 or 15(d) (10-K) 2017-06-05.xlsx,income_statement,results of operations,Total operating expenses,,,,55.9,56.4,58.3,,,,,,,,,,,,,,,,,,,,,,,
GSIT (GSI Technology Inc.) Annual report pursuant to Section 13 or 15(d) (10-K) 2017-06-05,GSIT,10-K,2017-06-05,2017,GSIT (GSI Technology Inc.) Annual report pursuant to Section 13 or 15(d) (10-K) 2017-06-05.xlsx,income_statement,results of operations,Loss from operations,,,,-1.1,-5.7,-11.3,,,,,,,,,,,,,,,,,,,,,,,
GSIT (GSI Technology Inc.) Annual report pursuant to Section 13 or 15(d) (10-K) 2017-06-05,GSIT,10-K,2017-06-05,2017,GSIT (GSI Technology Inc.) Annual report pursuant to Section 13 or 15(d) (10-K) 2017-06-05.xlsx,income_statement,results of operations,"Interest and other income (expense), net",,,,1.0,0.4,0.7,,,,,,,,,,,,,,,,,,,,,,,
GSIT (GSI Technology Inc.) Annual report pursuant to Section 13 or 15(d) (10-K) 2017-06-05,GSIT,10-K,2017-06-05,2017,GSIT (GSI Technology Inc.) Annual report pursuant to Section 13 or 15(d) (10-K) 2017-06-05.xlsx,income_statement,results of operations,Loss before income taxes,,,,-0.1,-5.3,-10.6,,,,,,,,,,,,,,,,,,,,,,,
GSIT (GSI Technology Inc.) Annual report pursuant to Section 13 or 15(d) (10-K) 2017-06-05,GSIT,10-K,2017-06-05,2017,GSIT (GSI Technology Inc.) Annual report pursuant to Section 13 or 15(d) (10-K) 2017-06-05.xlsx,income_statement,results of operations,Provision (benefit) for income taxes,,,,0.1,-1.2,-1.2,,,,,,,,,,,,,,,,,,,,,,,
GSIT (GSI Technology Inc.) Annual report pursuant to Section 13 or 15(d) (10-K) 2017-06-05,GSIT,10-K,2017-06-05,2017,GSIT (GSI Technology Inc.) Annual report pursuant to Section 13 or 15(d) (10-K) 2017-06-05.xlsx,income_statement,results of operations,Net loss,,,,,,,,,,,,,,,,,,,,,,,,,,,,,
GSIT (GSI Technology Inc.) Annual report pursuant to Section 13 or 15(d) (10-K) 2017-06-05,GSIT,10-K,2017-06-05,2017,GSIT (GSI Technology Inc.) Annual report pursuant to Section 13 or 15(d) (10-K) 2017-06-05.xlsx,income_statement,operations,Net revenues,,,,,,,,,,52736.0,53498.0,,,,,48180.0,,,,,,,,,,,,,
GSIT (GSI Technology Inc.) Annual report pursuant to Section 13 or 15(d) (10-K) 2017-06-05,GSIT,10-K,2017-06-05,2017,GSIT (GSI Technology Inc.) Annual report pursuant to Section 13 or 15(d) (10-K) 2017-06-05.xlsx,income_statement,operations,Cost of revenues,21764.0,25999.0,28375.0,,,,,,,,,,,,,,,,,,,,,,,,,,
GSIT (GSI Technology Inc.) Annual report pursuant to Section 13 or 15(d) (10-K) 2017-06-05,GSIT,10-K,2017-06-05,2017,GSIT (GSI Technology Inc.) Annual report pursuant to Section 13 or 15(d) (10-K) 2017-06-05.xlsx,income_statement,operations,Gross profit,26416.0,26737.0,25123.0,,,,,,,,,,,,,,,,,,,,,,,,,,
GSIT (GSI Technology Inc.) Annual report pursuant to Section 13 or 15(d) (10-K) 2017-06-05,GSIT,10-K,2017-06-05,2017,GSIT (GSI Technology Inc.) Annual report pursuant to Section 13 or 15(d) (10-K) 2017-06-05.xlsx,income_statement,operations,Research and development,15803.0,12095.0,11917.0,,,,,,,,,,,,,,,,,,,,,,,,,,
GSIT (GSI Technology Inc.) Annual report pursuant to Section 13 or 15(d) (10-K) 2017-06-05,GSIT,10-K,2017-06-05,2017,GSIT (GSI Technology Inc.) Annual report pursuant to Section 13 or 15(d) (10-K) 2017-06-05.xlsx,income_statement,operations,"Selling, general and administrative",11140.0,17663.0,19247.0,,,,,,,,,,,,,,,,,,,,,,,,,,
GSIT (GSI Technology Inc.) Annual report pursuant to Section 13 or 15(d) (10-K) 2017-06-05,GSIT,10-K,2017-06-05,2017,GSIT (GSI Technology Inc.) Annual report pursuant to Section 13 or 15(d) (10-K) 2017-06-05.xlsx,income_statement,operations,Total operating expenses,26943.0,29758.0,31164.0,,,,,,,,,,,,,,,,,,,,,,,,,,
GSIT (GSI Technology Inc.) Annual report pursuant to Section 13 or 15(d) (10-K) 2017-06-05,GSIT,10-K,2017-06-05,2017,GSIT (GSI Technology Inc.) Annual report pursuant to Section 13 or 15(d) (10-K) 2017-06-05.xlsx,income_statement,operations,Loss from operations,-527.0,-3021.0,-6041.0,,,,,,,,,,,,,,,,,,,,,,,,,,
GSIT (GSI Technology Inc.) Annual report pursuant to Section 13 or 15(d) (10-K) 2017-06-05,GSIT,10-K,2017-06-05,2017,GSIT (GSI Technology Inc.) Annual report pursuant to Section 13 or 15(d) (10-K) 2017-06-05.xlsx,income_statement,operations,"Interest income, net",312.0,307.0,324.0,,,,,,,,,,,,,,,,,,,,,,,,,,
GSIT (GSI Technology Inc.) Annual report pursuant to Section 13 or 15(d) (10-K) 2017-06-05,GSIT,10-K,2017-06-05,2017,GSIT (GSI Technology Inc.) Annual report pursuant to Section 13 or 15(d) (10-K) 2017-06-05.xlsx,income_statement,operations,"Other income (expense), net",166.0,-97.0,64.0,,,,,,,,,,,,,,,,,,,,,,,,,,
GSIT (GSI Technology Inc.) Annual report pursuant to Section 13 or 15(d) (10-K) 2017-06-05,GSIT,10-K,2017-06-05,2017,GSIT (GSI Technology Inc.) Annual report pursuant to Section 13 or 15(d) (10-K) 2017-06-05.xlsx,income_statement,operations,Loss before income taxes,-49.0,-2811.0,-5653.0,,,,,,,,,,,,,,,,,,,,,,,,,,
GSIT (GSI Technology Inc.) Annual report pursuant to Section 13 or 15(d) (10-K) 2017-06-05,GSIT,10-K,2017-06-05,2017,GSIT (GSI Technology Inc.) Annual report pursuant to Section 13 or 15(d) (10-K) 2017-06-05.xlsx,income_statement,operations,Provision (benefit) for income taxes,66.0,-641.0,-675.0,,,,,,,,,,,,,,,,,,,,,,,,,,
GSIT (GSI Technology Inc.) Annual report pursuant to Section 13 or 15(d) (10-K) 2017-06-05,GSIT,10-K,2017-06-05,2017,GSIT (GSI Technology Inc.) Annual report pursuant to Section 13 or 15(d) (10-K) 2017-06-05.xlsx,income_statement,operations,Net loss,,,,,,,,,,-2170.0,-4978.0,,,,,-115.0,,,,,,,,,,,,,
GSIT (GSI Technology Inc.) Annual report pursuant to Section 13 or 15(d) (10-K) 2017-06-05,GSIT,10-K,2017-06-05,2017,GSIT (GSI Technology Inc.) Annual report pursuant to Section 13 or 15(d) (10-K) 2017-06-05.xlsx,income_statement,operations,Basic,,,,,,,,,,-0.1,-0.2,,,,,-0.01,,,,,,,,,,,,,
GSIT (GSI Technology Inc.) Annual report pursuant to Section 13 or 15(d) (10-K) 2017-06-05,GSIT,10-K,2017-06-05,2017,GSIT (GSI Technology Inc.) Annual report pursuant to Section 13 or 15(d) (10-K) 2017-06-05.xlsx,income_statement,operations,Diluted,,,,,,,,,,-0.1,-0.2,,,,,-0.01,,,,,,,,,,,,,
GSIT (GSI Technology Inc.) Annual report pursuant to Section 13 or 15(d) (10-K) 2017-06-05,GSIT,10-K,2017-06-05,2017,GSIT (GSI Technology Inc.) Annual report pursuant to Section 13 or 15(d) (10-K) 2017-06-05.xlsx,income_statement,operations,Basic,20652.0,22593.0,25029.0,,,,,,,,,,,,,,,,,,,,,,,,,,
GSIT (GSI Technology Inc.) Annual report pursuant to Section 13 or 15(d) (10-K) 2017-06-05,GSIT,10-K,2017-06-05,2017,GSIT (GSI Technology Inc.) Annual report pursuant to Section 13 or 15(d) (10-K) 2017-06-05.xlsx,income_statement,operations,Diluted,20652.0,22593.0,25029.0,,,,,,,,,,,,,,,,,,,,,,,,,,
GSIT (GSI Technology Inc.) Annual report pursuant to Section 13 or 15(d) (10-K) 2017-06-05,GSIT,10-K,2017-06-05,2017,GSIT (GSI Technology Inc.) Annual report pursuant to Section 13 or 15(d) (10-K) 2017-06-05.xlsx,income_statement,comprehensive loss,Net loss,-115.0,-2170.0,-4978.0,,,,,,,,,,,,,,,,,,,,,,,,,,
GSIT (GSI Technology Inc.) Annual report pursuant to Section 13 or 15(d) (10-K) 2017-06-05,GSIT,10-K,2017-06-05,2017,GSIT (GSI Technology Inc.) Annual report pursuant to Section 13 or 15(d) (10-K) 2017-06-05.xlsx,income_statement,comprehensive loss,Net unrealized gain (loss) on available-for-sale investments,,,,-89.0,1.0,-7.0,,,,,,,,,,,,,,,,,,,,,,,
GSIT (GSI Technology Inc.) Annual report pursuant to Section 13 or 15(d) (10-K) 2017-06-05,GSIT,10-K,2017-06-05,2017,GSIT (GSI Technology Inc.) Annual report pursuant to Section 13 or 15(d) (10-K) 2017-06-05.xlsx,income_statement,comprehensive loss,Total comprehensive loss,-204.0,-2169.0,-4985.0,,,,,,,,,,,,,,,,,,,,,,,,,,
GSIT (GSI Technology Inc.) Annual report pursuant to Section 13 or 15(d) (10-K) 2018-06-01,GSIT,10-K,2018-06-01,2018,GSIT (GSI Technology Inc.) Annual report pursuant to Section 13 or 15(d) (10-K) 2018-06-01.xlsx,income_statement,results of operations,Net revenues,1.0,,,,1.0,,,,,1.0,,,,,,,,,,,,,,,,,,,
GSIT (GSI Technology Inc.) Annual report pursuant to Section 13 or 15(d) (10-K) 2018-06-01,GSIT,10-K,2018-06-01,2018,GSIT (GSI Technology Inc.) Annual report pursuant to Section 13 or 15(d) (10-K) 2018-06-01.xlsx,income_statement,results of operations,Cost of revenues,47.4,,,,49.3,,,,,45.2,,,,,,,,,,,,,,,,,,,
GSIT (GSI Technology Inc.) Annual report pursuant to Section 13 or 15(d) (10-K) 2018-06-01,GSIT,10-K,2018-06-01,2018,GSIT (GSI Technology Inc.) Annual report pursuant to Section 13 or 15(d) (10-K) 2018-06-01.xlsx,income_statement,results of operations,Gross profit,52.6,,,,50.7,,,,,54.8,,,,,,,,,,,,,,,,,,,
GSIT (GSI Technology Inc.) Annual report pursuant to Section 13 or 15(d) (10-K) 2018-06-01,GSIT,10-K,2018-06-01,2018,GSIT (GSI Technology Inc.) Annual report pursuant to Section 13 or 15(d) (10-K) 2018-06-01.xlsx,income_statement,results of operations,Research and development,39.9,,,,22.9,,,,,32.8,,,,,,,,,,,,,,,,,,,
GSIT (GSI Technology Inc.) Annual report pursuant to Section 13 or 15(d) (10-K) 2018-06-01,GSIT,10-K,2018-06-01,2018,GSIT (GSI Technology Inc.) Annual report pursuant to Section 13 or 15(d) (10-K) 2018-06-01.xlsx,income_statement,results of operations,"Selling, general and administrative",23.2,,,,33.5,,,,,23.1,,,,,,,,,,,,,,,,,,,
GSIT (GSI Technology Inc.) Annual report pursuant to Section 13 or 15(d) (10-K) 2018-06-01,GSIT,10-K,2018-06-01,2018,GSIT (GSI Technology Inc.) Annual report pursuant to Section 13 or 15(d) (10-K) 2018-06-01.xlsx,income_statement,results of operations,Total operating expenses,63.1,,,,56.4,,,,,55.9,,,,,,,,,,,,,,,,,,,
GSIT (GSI Technology Inc.) Annual report pursuant to Section 13 or 15(d) (10-K) 2018-06-01,GSIT,10-K,2018-06-01,2018,GSIT (GSI Technology Inc.) Annual report pursuant to Section 13 or 15(d) (10-K) 2018-06-01.xlsx,income_statement,results of operations,Loss from operations,-10.5,,,,-5.7,,,,,-1.1,,,,,,,,,,,,,,,,,,,
GSIT (GSI Technology Inc.) Annual report pursuant to Section 13 or 15(d) (10-K) 2018-06-01,GSIT,10-K,2018-06-01,2018,GSIT (GSI Technology Inc.) Annual report pursuant to Section 13 or 15(d) (10-K) 2018-06-01.xlsx,income_statement,results of operations,"Interest and other income, net",1.0,,,,0.4,,,,,1.0,,,,,,,,,,,,,,,,,,,
GSIT (GSI Technology Inc.) Annual report pursuant to Section 13 or 15(d) (10-K) 2018-06-01,GSIT,10-K,2018-06-01,2018,GSIT (GSI Technology Inc.) Annual report pursuant to Section 13 or 15(d) (10-K) 2018-06-01.xlsx,income_statement,results of operations,Loss before income taxes,-9.5,,,,-5.3,,,,,-0.1,,,,,,,,,,,,,,,,,,,
GSIT (GSI Technology Inc.) Annual report pursuant to Section 13 or 15(d) (10-K) 2018-06-01,GSIT,10-K,2018-06-01,2018,GSIT (GSI Technology Inc.) Annual report pursuant to Section 13 or 15(d) (10-K) 2018-06-01.xlsx,income_statement,results of operations,Provision for (benefit from) income taxes,1.1,,,,-1.2,,,,,0.1,,,,,,,,,,,,,,,,,,,
GSIT (GSI Technology Inc.) Annual report pursuant to Section 13 or 15(d) (10-K) 2018-06-01,GSIT,10-K,2018-06-01,2018,GSIT (GSI Technology Inc.) Annual report pursuant to Section 13 or 15(d) (10-K) 2018-06-01.xlsx,income_statement,results of operations,Net loss,-10.6,,,,-4.1,,,,,-0.2,,,,,,,,,,,,,,,,,,,
GSIT (GSI Technology Inc.) Annual report pursuant to Section 13 or 15(d) (10-K) 2018-06-01,GSIT,10-K,2018-06-01,2018,GSIT (GSI Technology Inc.) Annual report pursuant to Section 13 or 15(d) (10-K) 2018-06-01.xlsx,income_statement,operations,"Interest income, net",,,,,,,,,,,,,,,,,,421.0,,312.0,,307.0,,,,,,,
GSIT (GSI Technology Inc.) Annual report pursuant to Section 13 or 15(d) (10-K) 2018-06-01,GSIT,10-K,2018-06-01,2018,GSIT (GSI Technology Inc.) Annual report pursuant to Section 13 or 15(d) (10-K) 2018-06-01.xlsx,income_statement,operations,"Other income (expense), net",,,,,,,,,,,,,,,,,,-12.0,,166.0,,-97.0,,,,,,,
GSIT (GSI Technology Inc.) Annual report pursuant to Section 13 or 15(d) (10-K) 2018-06-01,GSIT,10-K,2018-06-01,2018,GSIT (GSI Technology Inc.) Annual report pursuant to Section 13 or 15(d) (10-K) 2018-06-01.xlsx,income_statement,operations,Loss before income taxes,,,,,,,,,,,,,,,,,,-4062.0,,-49.0,,-2811.0,,,,,,,
GSIT (GSI Technology Inc.) Annual report pursuant to Section 13 or 15(d) (10-K) 2018-06-01,GSIT,10-K,2018-06-01,2018,GSIT (GSI Technology Inc.) Annual report pursuant to Section 13 or 15(d) (10-K) 2018-06-01.xlsx,income_statement,operations,Provision for (benefit from) income taxes,,,,,,,,,,,,,,,,,,453.0,,66.0,,-641.0,,,,,,,
GSIT (GSI Technology Inc.) Annual report pursuant to Section 13 or 15(d) (10-K) 2018-06-01,GSIT,10-K,2018-06-01,2018,GSIT (GSI Technology Inc.) Annual report pursuant to Section 13 or 15(d) (10-K) 2018-06-01.xlsx,income_statement,operations,Net loss,,,,,,,,,,,,,,,,,-4515.0,,-115.0,,-2170.0,,,,,,,,
GSIT (GSI Technology Inc.) Annual report pursuant to Section 13 or 15(d) (10-K) 2018-06-01,GSIT,10-K,2018-06-01,2018,GSIT (GSI Technology Inc.) Annual report pursuant to Section 13 or 15(d) (10-K) 2018-06-01.xlsx,income_statement,operations,Basic,,,,,,,,,,,,,,,,,-0.21,,-0.01,,-0.1,,,,,,,,
GSIT (GSI Technology Inc.) Annual report pursuant to Section 13 or 15(d) (10-K) 2018-06-01,GSIT,10-K,2018-06-01,2018,GSIT (GSI Technology Inc.) Annual report pursuant to Section 13 or 15(d) (10-K) 2018-06-01.xlsx,income_statement,operations,Diluted,,,,,,,,,,,,,,,,,-0.21,,-0.01,,-0.1,,,,,,,,
GSIT (GSI Technology Inc.) Annual report pursuant to Section 13 or 15(d) (10-K) 2018-06-01,GSIT,10-K,2018-06-01,2018,GSIT (GSI Technology Inc.) Annual report pursuant to Section 13 or 15(d) (10-K) 2018-06-01.xlsx,income_statement,operations,Basic,,,,,,,,,,,,,,,,,,21085.0,,20652.0,,22593.0,,,,,,,
GSIT (GSI Technology Inc.) Annual report pursuant to Section 13 or 15(d) (10-K) 2018-06-01,GSIT,10-K,2018-06-01,2018,GSIT (GSI Technology Inc.) Annual report pursuant to Section 13 or 15(d) (10-K) 2018-06-01.xlsx,income_statement,operations,Diluted,,,,,,,,,,,,,,,,,,21085.0,,20652.0,,22593.0,,,,,,,
GSIT (GSI Technology Inc.) Annual report pursuant to Section 13 or 15(d) (10-K) 2018-06-01,GSIT,10-K,2018-06-01,2018,GSIT (GSI Technology Inc.) Annual report pursuant to Section 13 or 15(d) (10-K) 2018-06-01.xlsx,income_statement,comprehensive loss,Net loss,-4515.0,-115.0,-2170.0,,,,,,,,,,,,,,,,,,,,,,,,,,
GSIT (GSI Technology Inc.) Annual report pursuant to Section 13 or 15(d) (10-K) 2018-06-01,GSIT,10-K,2018-06-01,2018,GSIT (GSI Technology Inc.) Annual report pursuant to Section 13 or 15(d) (10-K) 2018-06-01.xlsx,income_statement,comprehensive loss,Net unrealized gain (loss) on available-for-sale investments,,,,-80.0,-89.0,1.0,,,,,,,,,,,,,,,,,,,,,,,
GSIT (GSI Technology Inc.) Annual report pursuant to Section 13 or 15(d) (10-K) 2018-06-01,GSIT,10-K,2018-06-01,2018,GSIT (GSI Technology Inc.) Annual report pursuant to Section 13 or 15(d) (10-K) 2018-06-01.xlsx,income_statement,comprehensive loss,Total comprehensive loss,-4595.0,-204.0,-2169.0,,,,,,,,,,,,,,,,,,,,,,,,,,
GSIT (GSI Technology Inc.) Annual report pursuant to Section 13 or 15(d) (10-K) 2019-06-13,GSIT,10-K,2019-06-13,2019,GSIT (GSI Technology Inc.) Annual report pursuant to Section 13 or 15(d) (10-K) 2019-06-13.xlsx,income_statement,results of operations,Net revenues,1.0,,,,1.0,,,,,1.0,,,,,,,,,,,,,,,,,,,
GSIT (GSI Technology Inc.) Annual report pursuant to Section 13 or 15(d) (10-K) 2019-06-13,GSIT,10-K,2019-06-13,2019,GSIT (GSI Technology Inc.) Annual report pursuant to Section 13 or 15(d) (10-K) 2019-06-13.xlsx,income_statement,results of operations,Cost of revenues,38.6,,,,45.2,,,,,47.4,,,,,,,,,,,,,,,,,,,
GSIT (GSI Technology Inc.) Annual report pursuant to Section 13 or 15(d) (10-K) 2019-06-13,GSIT,10-K,2019-06-13,2019,GSIT (GSI Technology Inc.) Annual report pursuant to Section 13 or 15(d) (10-K) 2019-06-13.xlsx,income_statement,results of operations,Gross profit,61.4,,,,54.8,,,,,52.6,,,,,,,,,,,,,,,,,,,
GSIT (GSI Technology Inc.) Annual report pursuant to Section 13 or 15(d) (10-K) 2019-06-13,GSIT,10-K,2019-06-13,2019,GSIT (GSI Technology Inc.) Annual report pursuant to Section 13 or 15(d) (10-K) 2019-06-13.xlsx,income_statement,results of operations,Research and development,41.5,,,,32.8,,,,,39.9,,,,,,,,,,,,,,,,,,,
GSIT (GSI Technology Inc.) Annual report pursuant to Section 13 or 15(d) (10-K) 2019-06-13,GSIT,10-K,2019-06-13,2019,GSIT (GSI Technology Inc.) Annual report pursuant to Section 13 or 15(d) (10-K) 2019-06-13.xlsx,income_statement,results of operations,"Selling, general and administrative",20.3,,,,23.1,,,,,23.2,,,,,,,,,,,,,,,,,,,
GSIT (GSI Technology Inc.) Annual report pursuant to Section 13 or 15(d) (10-K) 2019-06-13,GSIT,10-K,2019-06-13,2019,GSIT (GSI Technology Inc.) Annual report pursuant to Section 13 or 15(d) (10-K) 2019-06-13.xlsx,income_statement,results of operations,Total operating expenses,61.8,,,,55.9,,,,,63.1,,,,,,,,,,,,,,,,,,,
GSIT (GSI Technology Inc.) Annual report pursuant to Section 13 or 15(d) (10-K) 2019-06-13,GSIT,10-K,2019-06-13,2019,GSIT (GSI Technology Inc.) Annual report pursuant to Section 13 or 15(d) (10-K) 2019-06-13.xlsx,income_statement,results of operations,Loss from operations,-0.4,,,,-1.1,,,,,-10.5,,,,,,,,,,,,,,,,,,,
GSIT (GSI Technology Inc.) Annual report pursuant to Section 13 or 15(d) (10-K) 2019-06-13,GSIT,10-K,2019-06-13,2019,GSIT (GSI Technology Inc.) Annual report pursuant to Section 13 or 15(d) (10-K) 2019-06-13.xlsx,income_statement,results of operations,"Interest and other income, net",0.9,,,,1.0,,,,,1.0,,,,,,,,,,,,,,,,,,,
GSIT (GSI Technology Inc.) Annual report pursuant to Section 13 or 15(d) (10-K) 2019-06-13,GSIT,10-K,2019-06-13,2019,GSIT (GSI Technology Inc.) Annual report pursuant to Section 13 or 15(d) (10-K) 2019-06-13.xlsx,income_statement,results of operations,Income (loss) before income taxes,0.5,,,,-0.1,,,,,-9.5,,,,,,,,,,,,,,,,,,,
GSIT (GSI Technology Inc.) Annual report pursuant to Section 13 or 15(d) (10-K) 2019-06-13,GSIT,10-K,2019-06-13,2019,GSIT (GSI Technology Inc.) Annual report pursuant to Section 13 or 15(d) (10-K) 2019-06-13.xlsx,income_statement,results of operations,Provision for income taxes,0.2,,,,0.1,,,,,1.1,,,,,,,,,,,,,,,,,,,
GSIT (GSI Technology Inc.) Annual report pursuant to Section 13 or 15(d) (10-K) 2019-06-13,GSIT,10-K,2019-06-13,2019,GSIT (GSI Technology Inc.) Annual report pursuant to Section 13 or 15(d) (10-K) 2019-06-13.xlsx,income_statement,results of operations,Net income,0.3,,,,-0.2,,,,,-10.6,,,,,,,,,,,,,,,,,,,
GSIT (GSI Technology Inc.) Annual report pursuant to Section 13 or 15(d) (10-K) 2019-06-13,GSIT,10-K,2019-06-13,2019,GSIT (GSI Technology Inc.) Annual report pursuant to Section 13 or 15(d) (10-K) 2019-06-13.xlsx,income_statement,operations,"Interest income, net",,,,,,,,,,,,,,,,,,421.0,,312.0,,,671.0,,,,,,
GSIT (GSI Technology Inc.) Annual report pursuant to Section 13 or 15(d) (10-K) 2019-06-13,GSIT,10-K,2019-06-13,2019,GSIT (GSI Technology Inc.) Annual report pursuant to Section 13 or 15(d) (10-K) 2019-06-13.xlsx,income_statement,operations,"Other income (expense), net",,,,,,,,,,,,,,,,,,-12.0,,166.0,,,-221.0,,,,,,
GSIT (GSI Technology Inc.) Annual report pursuant to Section 13 or 15(d) (10-K) 2019-06-13,GSIT,10-K,2019-06-13,2019,GSIT (GSI Technology Inc.) Annual report pursuant to Section 13 or 15(d) (10-K) 2019-06-13.xlsx,income_statement,operations,Income (loss) before income taxes,,,,,,,,,,,,,,,,,,-4062.0,,-49.0,,,268.0,,,,,,
GSIT (GSI Technology Inc.) Annual report pursuant to Section 13 or 15(d) (10-K) 2019-06-13,GSIT,10-K,2019-06-13,2019,GSIT (GSI Technology Inc.) Annual report pursuant to Section 13 or 15(d) (10-K) 2019-06-13.xlsx,income_statement,operations,Provision for income taxes,,,,,,,,,,,,,,,,,,453.0,,66.0,,,105.0,,,,,,
GSIT (GSI Technology Inc.) Annual report pursuant to Section 13 or 15(d) (10-K) 2019-06-13,GSIT,10-K,2019-06-13,2019,GSIT (GSI Technology Inc.) Annual report pursuant to Section 13 or 15(d) (10-K) 2019-06-13.xlsx,income_statement,operations,Net income,,,,,,,,,,,,,,,,,163.0,,-4515.0,,-115.0,,,,,,,,
GSIT (GSI Technology Inc.) Annual report pursuant to Section 13 or 15(d) (10-K) 2019-06-13,GSIT,10-K,2019-06-13,2019,GSIT (GSI Technology Inc.) Annual report pursuant to Section 13 or 15(d) (10-K) 2019-06-13.xlsx,income_statement,operations,Basic,,,,,,,,,,,,,,,,,0.01,,-0.21,,-0.01,,,,,,,,
GSIT (GSI Technology Inc.) Annual report pursuant to Section 13 or 15(d) (10-K) 2019-06-13,GSIT,10-K,2019-06-13,2019,GSIT (GSI Technology Inc.) Annual report pursuant to Section 13 or 15(d) (10-K) 2019-06-13.xlsx,income_statement,operations,Diluted,,,,,,,,,,,,,,,,,0.01,,-0.21,,-0.01,,,,,,,,
GSIT (GSI Technology Inc.) Annual report pursuant to Section 13 or 15(d) (10-K) 2019-06-13,GSIT,10-K,2019-06-13,2019,GSIT (GSI Technology Inc.) Annual report pursuant to Section 13 or 15(d) (10-K) 2019-06-13.xlsx,income_statement,operations,Basic,,,,,,,,,,,,,,,,,,21085.0,,20652.0,,,21889.0,,,,,,
GSIT (GSI Technology Inc.) Annual report pursuant to Section 13 or 15(d) (10-K) 2019-06-13,GSIT,10-K,2019-06-13,2019,GSIT (GSI Technology Inc.) Annual report pursuant to Section 13 or 15(d) (10-K) 2019-06-13.xlsx,income_statement,operations,Diluted,,,,,,,,,,,,,,,,,,21085.0,,20652.0,,,23349.0,,,,,,
GSIT (GSI Technology Inc.) Annual report pursuant to Section 13 or 15(d) (10-K) 2019-06-13,GSIT,10-K,2019-06-13,2019,GSIT (GSI Technology Inc.) Annual report pursuant to Section 13 or 15(d) (10-K) 2019-06-13.xlsx,income_statement,comprehensive income loss,Net income,163.0,-4515.0,-115.0,,,,,,,,,,,,,,,,,,,,,,,,,,
GSIT (GSI Technology Inc.) Annual report pursuant to Section 13 or 15(d) (10-K) 2019-06-13,GSIT,10-K,2019-06-13,2019,GSIT (GSI Technology Inc.) Annual report pursuant to Section 13 or 15(d) (10-K) 2019-06-13.xlsx,income_statement,comprehensive income loss,Net unrealized gain (loss) on available-for-sale investments,,,,105.0,-80.0,-89.0,,,,,,,,,,,,,,,,,,,,,,,
GSIT (GSI Technology Inc.) Annual report pursuant to Section 13 or 15(d) (10-K) 2019-06-13,GSIT,10-K,2019-06-13,2019,GSIT (GSI Technology Inc.) Annual report pursuant to Section 13 or 15(d) (10-K) 2019-06-13.xlsx,income_statement,comprehensive income loss,Total comprehensive income (loss),268.0,-4595.0,-204.0,,,,,,,,,,,,,,,,,,,,,,,,,,
GSIT (GSI Technology Inc.) Annual report pursuant to Section 13 or 15(d) (10-K) 2020-06-05,GSIT,10-K,2020-06-05,2020,GSIT (GSI Technology Inc.) Annual report pursuant to Section 13 or 15(d) (10-K) 2020-06-05.xlsx,income_statement,results of operations,"Selling, general and administrative",,,,,,,,,,,,,,,,,,,,,,,,25.2,20.3,23.2,,,
GSIT (GSI Technology Inc.) Annual report pursuant to Section 13 or 15(d) (10-K) 2020-06-05,GSIT,10-K,2020-06-05,2020,GSIT (GSI Technology Inc.) Annual report pursuant to Section 13 or 15(d) (10-K) 2020-06-05.xlsx,income_statement,results of operations,Total operating expenses,,,,,,,,,,,,,,,,,,,,,,,,83.4,61.8,63.1,,,
GSIT (GSI Technology Inc.) Annual report pursuant to Section 13 or 15(d) (10-K) 2020-06-05,GSIT,10-K,2020-06-05,2020,GSIT (GSI Technology Inc.) Annual report pursuant to Section 13 or 15(d) (10-K) 2020-06-05.xlsx,income_statement,results of operations,Loss from operations,,,,,,,,,,,,,,,,,,,,,,,,-24.9,-0.4,-10.5,,,
GSIT (GSI Technology Inc.) Annual report pursuant to Section 13 or 15(d) (10-K) 2020-06-05,GSIT,10-K,2020-06-05,2020,GSIT (GSI Technology Inc.) Annual report pursuant to Section 13 or 15(d) (10-K) 2020-06-05.xlsx,income_statement,results of operations,"Interest and other income, net",,,,,,,,,,,,,,,,,,,,,,,,1.6,0.9,1.0,,,
GSIT (GSI Technology Inc.) Annual report pursuant to Section 13 or 15(d) (10-K) 2020-06-05,GSIT,10-K,2020-06-05,2020,GSIT (GSI Technology Inc.) Annual report pursuant to Section 13 or 15(d) (10-K) 2020-06-05.xlsx,income_statement,results of operations,Income (loss) before income taxes,,,,,,,,,,,,,,,,,,,,,,,,-23.3,0.5,-9.5,,,
GSIT (GSI Technology Inc.) Annual report pursuant to Section 13 or 15(d) (10-K) 2020-06-05,GSIT,10-K,2020-06-05,2020,GSIT (GSI Technology Inc.) Annual report pursuant to Section 13 or 15(d) (10-K) 2020-06-05.xlsx,income_statement,results of operations,Provision for income taxes,,,,,,,,,,,,,,,,,,,,,,,,0.6,0.2,1.1,,,
GSIT (GSI Technology Inc.) Annual report pursuant to Section 13 or 15(d) (10-K) 2020-06-05,GSIT,10-K,2020-06-05,2020,GSIT (GSI Technology Inc.) Annual report pursuant to Section 13 or 15(d) (10-K) 2020-06-05.xlsx,income_statement,results of operations,Net income,,,,,,,,,,,,,,,,,,,,,,,,-23.9,0.3,-10.6,,,
GSIT (GSI Technology Inc.) Annual report pursuant to Section 13 or 15(d) (10-K) 2020-06-05,GSIT,10-K,2020-06-05,2020,GSIT (GSI Technology Inc.) Annual report pursuant to Section 13 or 15(d) (10-K) 2020-06-05.xlsx,income_statement,operations,"Selling, general and administrative",,,,,,,,,,,,,,,,,,,,,,,,,,,10922.0,10455.0,9899.0
GSIT (GSI Technology Inc.) Annual report pursuant to Section 13 or 15(d) (10-K) 2020-06-05,GSIT,10-K,2020-06-05,2020,GSIT (GSI Technology Inc.) Annual report pursuant to Section 13 or 15(d) (10-K) 2020-06-05.xlsx,income_statement,operations,Total operating expenses,,,,,,,,,,,,,,,,,,,,,,,,,,,36145.0,31810.0,26897.0
GSIT (GSI Technology Inc.) Annual report pursuant to Section 13 or 15(d) (10-K) 2020-06-05,GSIT,10-K,2020-06-05,2020,GSIT (GSI Technology Inc.) Annual report pursuant to Section 13 or 15(d) (10-K) 2020-06-05.xlsx,income_statement,operations,Loss from operations,,,,,,,,,,,,,,,,,,,,,,,,,,,-10802.0,-182.0,-4471.0
GSIT (GSI Technology Inc.) Annual report pursuant to Section 13 or 15(d) (10-K) 2020-06-05,GSIT,10-K,2020-06-05,2020,GSIT (GSI Technology Inc.) Annual report pursuant to Section 13 or 15(d) (10-K) 2020-06-05.xlsx,income_statement,operations,"Interest income, net",,,,,,,,,,,,,,,,,,,,,,,,,,,783.0,671.0,421.0
GSIT (GSI Technology Inc.) Annual report pursuant to Section 13 or 15(d) (10-K) 2020-06-05,GSIT,10-K,2020-06-05,2020,GSIT (GSI Technology Inc.) Annual report pursuant to Section 13 or 15(d) (10-K) 2020-06-05.xlsx,income_statement,operations,"Other expense, net",,,,,,,,,,,,,,,,,,,,,,,,,,,-71.0,-221.0,-12.0
GSIT (GSI Technology Inc.) Annual report pursuant to Section 13 or 15(d) (10-K) 2020-06-05,GSIT,10-K,2020-06-05,2020,GSIT (GSI Technology Inc.) Annual report pursuant to Section 13 or 15(d) (10-K) 2020-06-05.xlsx,income_statement,operations,Income (loss) before income taxes,,,,,,,,,,,,,,,,,,,,,,,,,,,-10090.0,268.0,-4062.0
GSIT (GSI Technology Inc.) Annual report pursuant to Section 13 or 15(d) (10-K) 2020-06-05,GSIT,10-K,2020-06-05,2020,GSIT (GSI Technology Inc.) Annual report pursuant to Section 13 or 15(d) (10-K) 2020-06-05.xlsx,income_statement,operations,Provision for income taxes,,,,,,,,,,,,,,,,,,,,,,,,,,,247.0,105.0,453.0
GSIT (GSI Technology Inc.) Annual report pursuant to Section 13 or 15(d) (10-K) 2020-06-05,GSIT,10-K,2020-06-05,2020,GSIT (GSI Technology Inc.) Annual report pursuant to Section 13 or 15(d) (10-K) 2020-06-05.xlsx,income_statement,operations,Net income,,,,,,,,,,,,,,,,,-10337.0,,163.0,,-4515.0,,,,,,,,
GSIT (GSI Technology Inc.) Annual report pursuant to Section 13 or 15(d) (10-K) 2020-06-05,GSIT,10-K,2020-06-05,2020,GSIT (GSI Technology Inc.) Annual report pursuant to Section 13 or 15(d) (10-K) 2020-06-05.xlsx,income_statement,operations,Basic,,,,,,,,,,,,,,,,,-0.45,,0.01,,-0.21,,,,,,,,
GSIT (GSI Technology Inc.) Annual report pursuant to Section 13 or 15(d) (10-K) 2020-06-05,GSIT,10-K,2020-06-05,2020,GSIT (GSI Technology Inc.) Annual report pursuant to Section 13 or 15(d) (10-K) 2020-06-05.xlsx,income_statement,operations,Diluted,,,,,,,,,,,,,,,,,-0.45,,0.01,,-0.21,,,,,,,,
GSIT (GSI Technology Inc.) Annual report pursuant to Section 13 or 15(d) (10-K) 2020-06-05,GSIT,10-K,2020-06-05,2020,GSIT (GSI Technology Inc.) Annual report pursuant to Section 13 or 15(d) (10-K) 2020-06-05.xlsx,income_statement,operations,Basic,,,,,,,,,,,,,,,,,,,,,,,,,,,22968.0,21889.0,21085.0
GSIT (GSI Technology Inc.) Annual report pursuant to Section 13 or 15(d) (10-K) 2020-06-05,GSIT,10-K,2020-06-05,2020,GSIT (GSI Technology Inc.) Annual report pursuant to Section 13 or 15(d) (10-K) 2020-06-05.xlsx,income_statement,operations,Diluted,,,,,,,,,,,,,,,,,,,,,,,,,,,22968.0,23349.0,21085.0
