filename,company,form_type,filing_date,year,source_file,sheet_name,Unnamed: 0,Unnamed: 1,Unnamed: 2,Unnamed: 3,Unnamed: 4,Unnamed: 5,Unnamed: 6,Unnamed: 7,Unnamed: 8,Unnamed: 9,Unnamed: 10,Unnamed: 11,Unnamed: 12,Unnamed: 13,Unnamed: 14,Unnamed: 15,Unnamed: 16,Unnamed: 17,Unnamed: 18,Unnamed: 19,Unnamed: 20,Unnamed: 21,Unnamed: 22,Unnamed: 23,Unnamed: 24,Unnamed: 25,Unnamed: 26,Unnamed: 27,Unnamed: 28,Unnamed: 29,Unnamed: 30,Unnamed: 31,Unnamed: 32,Unnamed: 33,Unnamed: 34,Unnamed: 35,Unnamed: 36,Unnamed: 37,Unnamed: 38,Unnamed: 39,Unnamed: 40,Unnamed: 41,Unnamed: 42,Unnamed: 43
GSIT (GSI Technology Inc.) Other definitive proxy statements (DEF 14A) 2025-07-17 (1),GSIT,DEF 14A,2025-07-17,2025,GSIT (GSI Technology Inc.) Other definitive proxy statements (DEF 14A) 2025-07-17 (1).xlsx,ratification of appointmen,​,​,​,Fiscal 2025,,,,​,​,Fiscal 2024,,,,​,,,,,,,,,,,,,,,,,,,,,,,,,,,,,,
GSIT (GSI Technology Inc.) Other definitive proxy statements (DEF 14A) 2025-07-17 (1),GSIT,DEF 14A,2025-07-17,2025,GSIT (GSI Technology Inc.) Other definitive proxy statements (DEF 14A) 2025-07-17 (1).xlsx,ratification of appointmen,Audit fees (1),​,​,​,726730,,​,​,​,​,880680,,​,​,,,,,,,,,,,,,,,,,,,,,,,,,,,,,,
GSIT (GSI Technology Inc.) Other definitive proxy statements (DEF 14A) 2025-07-17 (1),GSIT,DEF 14A,2025-07-17,2025,GSIT (GSI Technology Inc.) Other definitive proxy statements (DEF 14A) 2025-07-17 (1).xlsx,ratification of appointmen,Tax fees (2),​,​,​,​,37275.0,​,​,​,​,​,35700.0,​,​,,,,,,,,,,,,,,,,,,,,,,,,,,,,,,
GSIT (GSI Technology Inc.) Other definitive proxy statements (DEF 14A) 2025-07-17 (1),GSIT,DEF 14A,2025-07-17,2025,GSIT (GSI Technology Inc.) Other definitive proxy statements (DEF 14A) 2025-07-17 (1).xlsx,ratification of appointmen,Total fees,​,​,​,764005,,​,​,​,​,916380,,​,​,,,,,,,,,,,,,,,,,,,,,,,,,,,,,,
GSIT (GSI Technology Inc.) Other definitive proxy statements (DEF 14A) 2025-07-17 (1),GSIT,DEF 14A,2025-07-17,2025,GSIT (GSI Technology Inc.) Other definitive proxy statements (DEF 14A) 2025-07-17 (1).xlsx,ratification of appointmen-1,Name,​,​,Title,​,​,"Fiscal 2025
                 
 
                Base Salary",,,,​,​,"Percentage Increase over
                 
 
                Fiscal 2024 Base Salary",,,,​,,,,,,,,,,,,,,,,,,,,,,,,,,,
GSIT (GSI Technology Inc.) Other definitive proxy statements (DEF 14A) 2025-07-17 (1),GSIT,DEF 14A,2025-07-17,2025,GSIT (GSI Technology Inc.) Other definitive proxy statements (DEF 14A) 2025-07-17 (1).xlsx,ratification of appointmen-1,Lee-Lean Shu,​,​,President and Chief Executive Officer,​,​,​,"$431,912 (1)",,​,​,​,​,​,—,​,​,,,,,,,,,,,,,,,,,,,,,,,,,,,
GSIT (GSI Technology Inc.) Other definitive proxy statements (DEF 14A) 2025-07-17 (1),GSIT,DEF 14A,2025-07-17,2025,GSIT (GSI Technology Inc.) Other definitive proxy statements (DEF 14A) 2025-07-17 (1).xlsx,ratification of appointmen-1,Patrick Chuang,​,​,"Senior Vice President, Memory Design",​,​,​,"$359,290 (2)",,​,​,​,​,​,—,​,​,,,,,,,,,,,,,,,,,,,,,,,,,,,
GSIT (GSI Technology Inc.) Other definitive proxy statements (DEF 14A) 2025-07-17 (1),GSIT,DEF 14A,2025-07-17,2025,GSIT (GSI Technology Inc.) Other definitive proxy statements (DEF 14A) 2025-07-17 (1).xlsx,ratification of appointmen-1,Didier Lasserre,​,​,"Vice President, Sales",​,​,​,"$322,712 (3)",,​,​,​,​,​,—,​,​,,,,,,,,,,,,,,,,,,,,,,,,,,,
GSIT (GSI Technology Inc.) Other definitive proxy statements (DEF 14A) 2025-07-17 (1),GSIT,DEF 14A,2025-07-17,2025,GSIT (GSI Technology Inc.) Other definitive proxy statements (DEF 14A) 2025-07-17 (1).xlsx,2025 variable compensation,Name,​,​,"Fiscal 2025
                 
 
                Target Bonus",,,,​,​,"Fiscal 2025
                 
 
                Bonus Earned",,,,​,,,,,,,,,,,,,,,,,,,,,,,,,,,,,,
GSIT (GSI Technology Inc.) Other definitive proxy statements (DEF 14A) 2025-07-17 (1),GSIT,DEF 14A,2025-07-17,2025,GSIT (GSI Technology Inc.) Other definitive proxy statements (DEF 14A) 2025-07-17 (1).xlsx,2025 variable compensation,Lee-Lean Shu,​,​,​,275000.0,,​,​,​,​,54828.0,,​,​,,,,,,,,,,,,,,,,,,,,,,,,,,,,,,
GSIT (GSI Technology Inc.) Other definitive proxy statements (DEF 14A) 2025-07-17 (1),GSIT,DEF 14A,2025-07-17,2025,GSIT (GSI Technology Inc.) Other definitive proxy statements (DEF 14A) 2025-07-17 (1).xlsx,2025 variable compensation,Patrick Chuang,​,​,​,137500.0,,​,​,​,​,27414.0,,​,​,,,,,,,,,,,,,,,,,,,,,,,,,,,,,,
GSIT (GSI Technology Inc.) Other definitive proxy statements (DEF 14A) 2025-07-17 (1),GSIT,DEF 14A,2025-07-17,2025,GSIT (GSI Technology Inc.) Other definitive proxy statements (DEF 14A) 2025-07-17 (1).xlsx,2025 variable compensation,Didier Lasserre,​,​,​,137500.0,,​,​,​,​,27414.0,,​,​,,,,,,,,,,,,,,,,,,,,,,,,,,,,,,
GSIT (GSI Technology Inc.) Other definitive proxy statements (DEF 14A) 2025-07-17 (1),GSIT,DEF 14A,2025-07-17,2025,GSIT (GSI Technology Inc.) Other definitive proxy statements (DEF 14A) 2025-07-17 (1).xlsx,total fiscal 2025 cash com,Name,​,​,Principal Position,​,​,"Fiscal 2025
                 
 
                Base Salary",,,,​,​,"Fiscal 2025
                 
 
                Total Cash
                 
 
                Compensation
                 
 
                Earned",,,,​,,,,,,,,,,,,,,,,,,,,,,,,,,,
GSIT (GSI Technology Inc.) Other definitive proxy statements (DEF 14A) 2025-07-17 (1),GSIT,DEF 14A,2025-07-17,2025,GSIT (GSI Technology Inc.) Other definitive proxy statements (DEF 14A) 2025-07-17 (1).xlsx,total fiscal 2025 cash com,Lee-Lean Shu,​,​,President and Chief Executive Officer,​,​,​,431912.0,,​,​,​,​,"$357,167 (1)",,​,​,,,,,,,,,,,,,,,,,,,,,,,,,,,
GSIT (GSI Technology Inc.) Other definitive proxy statements (DEF 14A) 2025-07-17 (1),GSIT,DEF 14A,2025-07-17,2025,GSIT (GSI Technology Inc.) Other definitive proxy statements (DEF 14A) 2025-07-17 (1).xlsx,total fiscal 2025 cash com,Patrick Chuang,​,​,"Senior Vice President, Memory Design",​,​,​,359290.0,,​,​,​,​,"$350,775 (2)",,​,​,,,,,,,,,,,,,,,,,,,,,,,,,,,
GSIT (GSI Technology Inc.) Other definitive proxy statements (DEF 14A) 2025-07-17 (1),GSIT,DEF 14A,2025-07-17,2025,GSIT (GSI Technology Inc.) Other definitive proxy statements (DEF 14A) 2025-07-17 (1).xlsx,total fiscal 2025 cash com,Didier Lasserre,​,​,"Vice President, Sales",​,​,​,322712.0,,​,​,​,​,"$323,255 (3)",,​,​,,,,,,,,,,,,,,,,,,,,,,,,,,,
GSIT (GSI Technology Inc.) Other definitive proxy statements (DEF 14A) 2025-07-17 (1),GSIT,DEF 14A,2025-07-17,2025,GSIT (GSI Technology Inc.) Other definitive proxy statements (DEF 14A) 2025-07-17 (1).xlsx,summary compensation,Name and Principal Position,​,​,Year,,,,​,​,"Salary
                 
 
                ($)",,,,​,​,"Option
                 
 
                Awards
                 
 
                ($) (1)",,,,​,​,"Non-Equity
                 
 
                Incentive Plan
                 
 
                Compensation
                 
 
                ($)",,,,​,​,"All Other
                 
 
                Compensation
                 
 
                ($)",,,,​,​,"Total
                 
 
                ($)",,,,​,,,,,,
GSIT (GSI Technology Inc.) Other definitive proxy statements (DEF 14A) 2025-07-17 (1),GSIT,DEF 14A,2025-07-17,2025,GSIT (GSI Technology Inc.) Other definitive proxy statements (DEF 14A) 2025-07-17 (1).xlsx,summary compensation,"Lee-Lean Shu
                 
 
                President and Chief Executive Officer",​,​,​,​,2025.0,​,​,​,​,​,302339.0,​,​,​,​,​,212000.0,​,​,​,​,​,"54,828 (2)",​,​,​,​,​,—,​,​,​,​,​,569167.0,​,​,,,,,,
GSIT (GSI Technology Inc.) Other definitive proxy statements (DEF 14A) 2025-07-17 (1),GSIT,DEF 14A,2025-07-17,2025,GSIT (GSI Technology Inc.) Other definitive proxy statements (DEF 14A) 2025-07-17 (1).xlsx,summary compensation,,,​,​,​,2024.0,​,​,​,​,​,302339.0,​,​,​,​,​,482217.0,​,​,​,​,​,89080,​,​,​,​,​,—,​,​,​,​,​,873636.0,​,​,,,,,,
GSIT (GSI Technology Inc.) Other definitive proxy statements (DEF 14A) 2025-07-17 (1),GSIT,DEF 14A,2025-07-17,2025,GSIT (GSI Technology Inc.) Other definitive proxy statements (DEF 14A) 2025-07-17 (1).xlsx,summary compensation,"Patrick Chuang
                 
 
                Senior Vice President, Memory Design",​,​,​,​,2025.0,​,​,​,​,​,323361.0,​,​,​,​,​,84800.0,​,​,​,​,​,"27,414 (3)",​,​,​,​,​,—,​,​,​,​,​,435575.0,​,​,,,,,,
GSIT (GSI Technology Inc.) Other definitive proxy statements (DEF 14A) 2025-07-17 (1),GSIT,DEF 14A,2025-07-17,2025,GSIT (GSI Technology Inc.) Other definitive proxy statements (DEF 14A) 2025-07-17 (1).xlsx,summary compensation,,,​,​,​,2024.0,​,​,​,​,​,323361.0,​,​,​,​,​,139725.0,​,​,​,​,​,44540,​,​,​,​,​,—,​,​,​,​,​,507626.0,​,​,,,,,,
GSIT (GSI Technology Inc.) Other definitive proxy statements (DEF 14A) 2025-07-17 (1),GSIT,DEF 14A,2025-07-17,2025,GSIT (GSI Technology Inc.) Other definitive proxy statements (DEF 14A) 2025-07-17 (1).xlsx,summary compensation,"Didier Lasserre
                 
 
                Vice President, Sales",​,​,​,​,2025.0,​,​,​,​,​,290441.0,​,​,​,​,​,84800.0,​,​,​,​,​,"27,414 (3)",​,​,​,​,​,"5,400 (4)",​,​,​,​,​,408055.0,​,​,,,,,,
GSIT (GSI Technology Inc.) Other definitive proxy statements (DEF 14A) 2025-07-17 (1),GSIT,DEF 14A,2025-07-17,2025,GSIT (GSI Technology Inc.) Other definitive proxy statements (DEF 14A) 2025-07-17 (1).xlsx,summary compensation,,,​,​,​,2024.0,​,​,​,​,​,290441.0,​,​,​,​,​,139725.0,​,​,​,​,​,44540,​,​,​,​,​,"5,400 (4)",​,​,​,​,​,480106.0,​,​,,,,,,
GSIT (GSI Technology Inc.) Other definitive proxy statements (DEF 14A) 2025-07-17 (1),GSIT,DEF 14A,2025-07-17,2025,GSIT (GSI Technology Inc.) Other definitive proxy statements (DEF 14A) 2025-07-17 (1).xlsx,grants of planbased awards,​,​,​,​,​,​,​,​,​,"Estimated Future Payouts Under
                 
 
                Non-Equity Incentive Plan Awards (1)",,,,,,,,,,,,,,,,​,​,"All Other
                 
 
                Option
                 
 
                Awards:
                 
 
                Number of
                 
 
                Securities
                 
 
                Underlying
                 
 
                Options (#)",,,,​,​,"Exercise
                 
 
                or Base
                 
 
                Price of
                 
 
                Option
                 
 
                Awards
                 
 
                ($)",,,,​,​,"Grant Date
                 
 
                Fair Value
                 
 
                of Option
                 
 
                Awards
                 
 
                ($) (2)",,,,​
GSIT (GSI Technology Inc.) Other definitive proxy statements (DEF 14A) 2025-07-17 (1),GSIT,DEF 14A,2025-07-17,2025,GSIT (GSI Technology Inc.) Other definitive proxy statements (DEF 14A) 2025-07-17 (1).xlsx,grants of planbased awards,Name,​,​,"Grant
                 
 
                Date",,,,​,​,"Threshold
                 
 
                ($)",,,,​,​,"Target
                 
 
                ($)",,,,​,​,"Maximum
                 
 
                ($)",,,,​,,,,,,,,,,,,,,,,,,
GSIT (GSI Technology Inc.) Other definitive proxy statements (DEF 14A) 2025-07-17 (1),GSIT,DEF 14A,2025-07-17,2025,GSIT (GSI Technology Inc.) Other definitive proxy statements (DEF 14A) 2025-07-17 (1).xlsx,grants of planbased awards,Lee-Lean Shu,​,​,​,​,7/29/24,​,​,​,​,​,—,​,​,​,​,​,275000.0,​,​,​,​,​,550000.0,​,​,​,​,​,"100,000 (3)",​,​,​,​,​,2.94,​,​,​,​,​,212000.0,​,​
GSIT (GSI Technology Inc.) Other definitive proxy statements (DEF 14A) 2025-07-17 (1),GSIT,DEF 14A,2025-07-17,2025,GSIT (GSI Technology Inc.) Other definitive proxy statements (DEF 14A) 2025-07-17 (1).xlsx,grants of planbased awards,Patrick Chuang,​,​,​,​,7/29/24,​,​,​,​,​,—,​,​,​,​,​,137500.0,​,​,​,​,​,275000.0,​,​,​,​,​,"40,000 (4)",​,​,​,​,​,2.94,​,​,​,​,​,84800.0,​,​
GSIT (GSI Technology Inc.) Other definitive proxy statements (DEF 14A) 2025-07-17 (1),GSIT,DEF 14A,2025-07-17,2025,GSIT (GSI Technology Inc.) Other definitive proxy statements (DEF 14A) 2025-07-17 (1).xlsx,grants of planbased awards,Didier Lasserre,​,​,​,​,7/29/24,​,​,​,​,​,—,​,​,​,​,​,137500.0,​,​,​,​,​,275000.0,​,​,​,​,​,"40,000 (5)",​,​,​,​,​,2.94,​,​,​,​,​,84800.0,​,​
GSIT (GSI Technology Inc.) Other definitive proxy statements (DEF 14A) 2025-07-17 (1),GSIT,DEF 14A,2025-07-17,2025,GSIT (GSI Technology Inc.) Other definitive proxy statements (DEF 14A) 2025-07-17 (1).xlsx,outstanding equity awards,Name,​,​,"Number of Securities
                 
 
                Underlying Unexercised
                 
 
                Options (#) Exercisable",,,,​,​,"Number of Securities
                 
 
                Underlying Unexercised
                 
 
                Options (#)
                 
 
                Unexercisable",,,,​,​,"Option
                 
 
                Exercise
                 
 
                Price ($)",,,,​,​,"Option
                 
 
                Expiration
                 
 
                Date",,,,​,,,,,,,,,,,,,,,,,,
GSIT (GSI Technology Inc.) Other definitive proxy statements (DEF 14A) 2025-07-17 (1),GSIT,DEF 14A,2025-07-17,2025,GSIT (GSI Technology Inc.) Other definitive proxy statements (DEF 14A) 2025-07-17 (1).xlsx,outstanding equity awards,Lee-Lean Shu,​,​,​,​,100000,​,​,​,​,​,—,​,​,​,​,​,4.98,​,​,​,​,​,8/3/25,​,​,,,,,,,,,,,,,,,,,,
GSIT (GSI Technology Inc.) Other definitive proxy statements (DEF 14A) 2025-07-17 (1),GSIT,DEF 14A,2025-07-17,2025,GSIT (GSI Technology Inc.) Other definitive proxy statements (DEF 14A) 2025-07-17 (1).xlsx,outstanding equity awards,​,​,​,​,​,100000,​,​,​,​,​,—,​,​,​,​,​,4.99,​,​,​,​,​,8/1/26,​,​,,,,,,,,,,,,,,,,,,
GSIT (GSI Technology Inc.) Other definitive proxy statements (DEF 14A) 2025-07-17 (1),GSIT,DEF 14A,2025-07-17,2025,GSIT (GSI Technology Inc.) Other definitive proxy statements (DEF 14A) 2025-07-17 (1).xlsx,outstanding equity awards,​,​,​,​,​,100000,​,​,​,​,​,—,​,​,​,​,​,7.26,​,​,​,​,​,7/31/27,​,​,,,,,,,,,,,,,,,,,,
GSIT (GSI Technology Inc.) Other definitive proxy statements (DEF 14A) 2025-07-17 (1),GSIT,DEF 14A,2025-07-17,2025,GSIT (GSI Technology Inc.) Other definitive proxy statements (DEF 14A) 2025-07-17 (1).xlsx,outstanding equity awards,​,​,​,​,​,100000,​,​,​,​,​,—,​,​,​,​,​,6.7,​,​,​,​,​,7/30/28,​,​,,,,,,,,,,,,,,,,,,
GSIT (GSI Technology Inc.) Other definitive proxy statements (DEF 14A) 2025-07-17 (1),GSIT,DEF 14A,2025-07-17,2025,GSIT (GSI Technology Inc.) Other definitive proxy statements (DEF 14A) 2025-07-17 (1).xlsx,outstanding equity awards,​,​,​,​,​,100000,​,​,​,​,​,—,​,​,​,​,​,8.3,​,​,​,​,​,7/29/29,​,​,,,,,,,,,,,,,,,,,,
GSIT (GSI Technology Inc.) Other definitive proxy statements (DEF 14A) 2025-07-17 (1),GSIT,DEF 14A,2025-07-17,2025,GSIT (GSI Technology Inc.) Other definitive proxy statements (DEF 14A) 2025-07-17 (1).xlsx,outstanding equity awards,​,​,​,​,​,100000,​,​,​,​,​,—,​,​,​,​,​,5.83,​,​,​,​,​,8/3/30,​,​,,,,,,,,,,,,,,,,,,
GSIT (GSI Technology Inc.) Other definitive proxy statements (DEF 14A) 2025-07-17 (1),GSIT,DEF 14A,2025-07-17,2025,GSIT (GSI Technology Inc.) Other definitive proxy statements (DEF 14A) 2025-07-17 (1).xlsx,outstanding equity awards,​,​,​,​,​,—,​,​,​,​,​,"100,000 (1)",​,​,​,​,​,5.58,​,​,​,​,​,8/2/31,​,​,,,,,,,,,,,,,,,,,,
GSIT (GSI Technology Inc.) Other definitive proxy statements (DEF 14A) 2025-07-17 (1),GSIT,DEF 14A,2025-07-17,2025,GSIT (GSI Technology Inc.) Other definitive proxy statements (DEF 14A) 2025-07-17 (1).xlsx,outstanding equity awards,​,​,​,​,​,—,​,​,​,​,​,"100,000 (2)",​,​,​,​,​,4.08,​,​,​,​,​,8/1/32,​,​,,,,,,,,,,,,,,,,,,
GSIT (GSI Technology Inc.) Other definitive proxy statements (DEF 14A) 2025-07-17 (1),GSIT,DEF 14A,2025-07-17,2025,GSIT (GSI Technology Inc.) Other definitive proxy statements (DEF 14A) 2025-07-17 (1).xlsx,outstanding equity awards,​,​,​,​,​,150000,​,​,​,​,​,—,​,​,​,​,​,2.27,​,​,​,​,​,12/2/32,​,​,,,,,,,,,,,,,,,,,,
GSIT (GSI Technology Inc.) Other definitive proxy statements (DEF 14A) 2025-07-17 (1),GSIT,DEF 14A,2025-07-17,2025,GSIT (GSI Technology Inc.) Other definitive proxy statements (DEF 14A) 2025-07-17 (1).xlsx,outstanding equity awards,​,​,​,​,​,—,​,​,​,​,​,"100,000 (3)",​,​,​,​,​,4.39,​,​,​,​,​,7/31/33,​,​,,,,,,,,,,,,,,,,,,
GSIT (GSI Technology Inc.) Other definitive proxy statements (DEF 14A) 2025-07-17 (1),GSIT,DEF 14A,2025-07-17,2025,GSIT (GSI Technology Inc.) Other definitive proxy statements (DEF 14A) 2025-07-17 (1).xlsx,outstanding equity awards,​,​,​,​,​,150000,​,​,​,​,​,—,​,​,​,​,​,1.92,​,​,​,​,​,1/29/34,​,​,,,,,,,,,,,,,,,,,,
GSIT (GSI Technology Inc.) Other definitive proxy statements (DEF 14A) 2025-07-17 (1),GSIT,DEF 14A,2025-07-17,2025,GSIT (GSI Technology Inc.) Other definitive proxy statements (DEF 14A) 2025-07-17 (1).xlsx,outstanding equity awards,​,​,​,​,​,—,​,​,​,​,​,"100,000 (4)",​,​,​,​,​,2.94,​,​,​,​,​,7/29/34,​,​,,,,,,,,,,,,,,,,,,
GSIT (GSI Technology Inc.) Other definitive proxy statements (DEF 14A) 2025-07-17 (1),GSIT,DEF 14A,2025-07-17,2025,GSIT (GSI Technology Inc.) Other definitive proxy statements (DEF 14A) 2025-07-17 (1).xlsx,outstanding equity awards,Patrick Chuang,​,​,​,​,40000,​,​,​,​,​,—,​,​,​,​,​,4.98,​,​,​,​,​,8/3/25,​,​,,,,,,,,,,,,,,,,,,
GSIT (GSI Technology Inc.) Other definitive proxy statements (DEF 14A) 2025-07-17 (1),GSIT,DEF 14A,2025-07-17,2025,GSIT (GSI Technology Inc.) Other definitive proxy statements (DEF 14A) 2025-07-17 (1).xlsx,outstanding equity awards,​,​,​,​,​,40000,​,​,​,​,​,—,​,​,​,​,​,4.99,​,​,​,​,​,8/1/26,​,​,,,,,,,,,,,,,,,,,,
GSIT (GSI Technology Inc.) Other definitive proxy statements (DEF 14A) 2025-07-17 (1),GSIT,DEF 14A,2025-07-17,2025,GSIT (GSI Technology Inc.) Other definitive proxy statements (DEF 14A) 2025-07-17 (1).xlsx,outstanding equity awards,​,​,​,​,​,40000,​,​,​,​,​,—,​,​,​,​,​,7.26,​,​,​,​,​,7/31/27,​,​,,,,,,,,,,,,,,,,,,
GSIT (GSI Technology Inc.) Other definitive proxy statements (DEF 14A) 2025-07-17 (1),GSIT,DEF 14A,2025-07-17,2025,GSIT (GSI Technology Inc.) Other definitive proxy statements (DEF 14A) 2025-07-17 (1).xlsx,outstanding equity awards,​,​,​,​,​,40000,​,​,​,​,​,—,​,​,​,​,​,6.7,​,​,​,​,​,7/30/28,​,​,,,,,,,,,,,,,,,,,,
GSIT (GSI Technology Inc.) Other definitive proxy statements (DEF 14A) 2025-07-17 (1),GSIT,DEF 14A,2025-07-17,2025,GSIT (GSI Technology Inc.) Other definitive proxy statements (DEF 14A) 2025-07-17 (1).xlsx,outstanding equity awards,​,​,​,​,​,40000,​,​,​,​,​,—,​,​,​,​,​,8.3,​,​,​,​,​,7/29/29,​,​,,,,,,,,,,,,,,,,,,
GSIT (GSI Technology Inc.) Other definitive proxy statements (DEF 14A) 2025-07-17 (1),GSIT,DEF 14A,2025-07-17,2025,GSIT (GSI Technology Inc.) Other definitive proxy statements (DEF 14A) 2025-07-17 (1).xlsx,outstanding equity awards,​,​,​,​,​,40000,​,​,​,​,​,—,​,​,​,​,​,5.83,​,​,​,​,​,8/3/30,​,​,,,,,,,,,,,,,,,,,,
GSIT (GSI Technology Inc.) Other definitive proxy statements (DEF 14A) 2025-07-17 (1),GSIT,DEF 14A,2025-07-17,2025,GSIT (GSI Technology Inc.) Other definitive proxy statements (DEF 14A) 2025-07-17 (1).xlsx,outstanding equity awards,​,​,​,​,​,—,​,​,​,​,​,"40,000 (5)",​,​,​,​,​,5.58,​,​,​,​,​,8/2/31,​,​,,,,,,,,,,,,,,,,,,
GSIT (GSI Technology Inc.) Other definitive proxy statements (DEF 14A) 2025-07-17 (1),GSIT,DEF 14A,2025-07-17,2025,GSIT (GSI Technology Inc.) Other definitive proxy statements (DEF 14A) 2025-07-17 (1).xlsx,outstanding equity awards,​,​,​,​,​,—,​,​,​,​,​,"40,000 (6)",​,​,​,​,​,4.08,​,​,​,​,​,8/1/32,​,​,,,,,,,,,,,,,,,,,,
GSIT (GSI Technology Inc.) Other definitive proxy statements (DEF 14A) 2025-07-17 (1),GSIT,DEF 14A,2025-07-17,2025,GSIT (GSI Technology Inc.) Other definitive proxy statements (DEF 14A) 2025-07-17 (1).xlsx,outstanding equity awards,​,​,​,​,​,20000,​,​,​,​,​,—,​,​,​,​,​,2.27,​,​,​,​,​,12/2/32,​,​,,,,,,,,,,,,,,,,,,
GSIT (GSI Technology Inc.) Other definitive proxy statements (DEF 14A) 2025-07-17 (1),GSIT,DEF 14A,2025-07-17,2025,GSIT (GSI Technology Inc.) Other definitive proxy statements (DEF 14A) 2025-07-17 (1).xlsx,outstanding equity awards,​,​,​,​,​,—,​,​,​,​,​,"40,000 (7)",​,​,​,​,​,4.39,​,​,​,​,​,7/31/33,​,​,,,,,,,,,,,,,,,,,,
GSIT (GSI Technology Inc.) Other definitive proxy statements (DEF 14A) 2025-07-17 (1),GSIT,DEF 14A,2025-07-17,2025,GSIT (GSI Technology Inc.) Other definitive proxy statements (DEF 14A) 2025-07-17 (1).xlsx,outstanding equity awards,​,​,​,​,​,20000,​,​,​,​,​,—,​,​,​,​,​,1.92,​,​,​,​,​,1/29/34,​,​,,,,,,,,,,,,,,,,,,
GSIT (GSI Technology Inc.) Other definitive proxy statements (DEF 14A) 2025-07-17 (1),GSIT,DEF 14A,2025-07-17,2025,GSIT (GSI Technology Inc.) Other definitive proxy statements (DEF 14A) 2025-07-17 (1).xlsx,outstanding equity awards,​,​,​,​,​,—,​,​,​,​,​,"40,000 (8)",​,​,​,​,​,2.94,​,​,​,​,​,7/29/34,​,​,,,,,,,,,,,,,,,,,,
GSIT (GSI Technology Inc.) Other definitive proxy statements (DEF 14A) 2025-07-17 (1),GSIT,DEF 14A,2025-07-17,2025,GSIT (GSI Technology Inc.) Other definitive proxy statements (DEF 14A) 2025-07-17 (1).xlsx,outstanding equity awards,Didier Lasserre,​,​,​,​,30000,​,​,​,​,​,—,​,​,​,​,​,4.98,​,​,​,​,​,8/3/25,​,​,,,,,,,,,,,,,,,,,,
GSIT (GSI Technology Inc.) Other definitive proxy statements (DEF 14A) 2025-07-17 (1),GSIT,DEF 14A,2025-07-17,2025,GSIT (GSI Technology Inc.) Other definitive proxy statements (DEF 14A) 2025-07-17 (1).xlsx,outstanding equity awards,​,​,​,​,​,30000,​,​,​,​,​,—,​,​,​,​,​,4.99,​,​,​,​,​,8/1/26,​,​,,,,,,,,,,,,,,,,,,
GSIT (GSI Technology Inc.) Other definitive proxy statements (DEF 14A) 2025-07-17 (1),GSIT,DEF 14A,2025-07-17,2025,GSIT (GSI Technology Inc.) Other definitive proxy statements (DEF 14A) 2025-07-17 (1).xlsx,outstanding equity awards,​,​,​,​,​,30000,​,​,​,​,​,​,​,​,​,​,​,7.26,​,​,​,​,​,7/31/27,​,​,,,,,,,,,,,,,,,,,,
GSIT (GSI Technology Inc.) Other definitive proxy statements (DEF 14A) 2025-07-17 (1),GSIT,DEF 14A,2025-07-17,2025,GSIT (GSI Technology Inc.) Other definitive proxy statements (DEF 14A) 2025-07-17 (1).xlsx,outstanding equity awards,​,​,​,​,​,40000,​,​,​,​,​,—,​,​,​,​,​,6.7,​,​,​,​,​,7/30/28,​,​,,,,,,,,,,,,,,,,,,
GSIT (GSI Technology Inc.) Other definitive proxy statements (DEF 14A) 2025-07-17 (1),GSIT,DEF 14A,2025-07-17,2025,GSIT (GSI Technology Inc.) Other definitive proxy statements (DEF 14A) 2025-07-17 (1).xlsx,outstanding equity awards,​,​,​,​,​,40000,​,​,​,​,​,—,​,​,​,​,​,8.3,​,​,​,​,​,7/29/29,​,​,,,,,,,,,,,,,,,,,,
GSIT (GSI Technology Inc.) Other definitive proxy statements (DEF 14A) 2025-07-17 (1),GSIT,DEF 14A,2025-07-17,2025,GSIT (GSI Technology Inc.) Other definitive proxy statements (DEF 14A) 2025-07-17 (1).xlsx,outstanding equity awards,​,​,​,​,​,40000,​,​,​,​,​,—,​,​,​,​,​,5.83,​,​,​,​,​,8/3/30,​,​,,,,,,,,,,,,,,,,,,
GSIT (GSI Technology Inc.) Other definitive proxy statements (DEF 14A) 2025-07-17 (1),GSIT,DEF 14A,2025-07-17,2025,GSIT (GSI Technology Inc.) Other definitive proxy statements (DEF 14A) 2025-07-17 (1).xlsx,outstanding equity awards,​,​,​,​,​,—,​,​,​,​,​,"40,000 (9)",​,​,​,​,​,5.58,​,​,​,​,​,8/2/31,​,​,,,,,,,,,,,,,,,,,,
GSIT (GSI Technology Inc.) Other definitive proxy statements (DEF 14A) 2025-07-17 (1),GSIT,DEF 14A,2025-07-17,2025,GSIT (GSI Technology Inc.) Other definitive proxy statements (DEF 14A) 2025-07-17 (1).xlsx,outstanding equity awards,​,​,​,​,​,—,​,​,​,​,​,"40,000 (10)",​,​,​,​,​,4.08,​,​,​,​,​,8/1/32,​,​,,,,,,,,,,,,,,,,,,
GSIT (GSI Technology Inc.) Other definitive proxy statements (DEF 14A) 2025-07-17 (1),GSIT,DEF 14A,2025-07-17,2025,GSIT (GSI Technology Inc.) Other definitive proxy statements (DEF 14A) 2025-07-17 (1).xlsx,outstanding equity awards,​,​,​,​,​,20000,​,​,​,​,​,—,​,​,​,​,​,2.27,​,​,​,​,​,12/2/32,​,​,,,,,,,,,,,,,,,,,,
GSIT (GSI Technology Inc.) Other definitive proxy statements (DEF 14A) 2025-07-17 (1),GSIT,DEF 14A,2025-07-17,2025,GSIT (GSI Technology Inc.) Other definitive proxy statements (DEF 14A) 2025-07-17 (1).xlsx,outstanding equity awards,​,​,​,​,​,—,​,​,​,​,​,"40,000 (11)",​,​,​,​,​,4.39,​,​,​,​,​,7/31/33,​,​,,,,,,,,,,,,,,,,,,
GSIT (GSI Technology Inc.) Other definitive proxy statements (DEF 14A) 2025-07-17 (1),GSIT,DEF 14A,2025-07-17,2025,GSIT (GSI Technology Inc.) Other definitive proxy statements (DEF 14A) 2025-07-17 (1).xlsx,outstanding equity awards,​,​,​,​,​,20000,​,​,​,​,​,—,​,​,​,​,​,1.92,​,​,​,​,​,1/29/34,​,​,,,,,,,,,,,,,,,,,,
GSIT (GSI Technology Inc.) Other definitive proxy statements (DEF 14A) 2025-07-17 (1),GSIT,DEF 14A,2025-07-17,2025,GSIT (GSI Technology Inc.) Other definitive proxy statements (DEF 14A) 2025-07-17 (1).xlsx,outstanding equity awards,​,​,​,​,​,—,​,​,​,​,​,"40,000 (12)",​,​,​,​,​,2.94,​,​,​,​,​,7/29/34,​,​,,,,,,,,,,,,,,,,,,
GSIT (GSI Technology Inc.) Other definitive proxy statements (DEF 14A) 2025-07-17 (1),GSIT,DEF 14A,2025-07-17,2025,GSIT (GSI Technology Inc.) Other definitive proxy statements (DEF 14A) 2025-07-17 (1).xlsx,potential payments upon ch,​,​,​,Cash Severance Payment,,,,,,,,,,​,​,​,​,​,​,​,​,​,​,​,​,​,​,​,​,​,​,​,,,,,,,,,,,,
GSIT (GSI Technology Inc.) Other definitive proxy statements (DEF 14A) 2025-07-17 (1),GSIT,DEF 14A,2025-07-17,2025,GSIT (GSI Technology Inc.) Other definitive proxy statements (DEF 14A) 2025-07-17 (1).xlsx,potential payments upon ch,Name,​,​,"Based on
                 
 
                Salary",,,,​,​,"Based on
                 
 
                Bonus",,,,​,​,"Continued Health
                 
 
                Benefits (1)",,,,​,​,"Acceleration of
                 
 
                Stock Options (2)",,,,​,​,Total,,,,​,,,,,,,,,,,,
GSIT (GSI Technology Inc.) Other definitive proxy statements (DEF 14A) 2025-07-17 (1),GSIT,DEF 14A,2025-07-17,2025,GSIT (GSI Technology Inc.) Other definitive proxy statements (DEF 14A) 2025-07-17 (1).xlsx,potential payments upon ch,Lee-Lean Shu,​,​,​,1079780,,​,​,​,​,117874,,​,​,​,​,98422,,​,​,​,​,16500,,​,​,​,​,1312576,,​,​,,,,,,,,,,,,
GSIT (GSI Technology Inc.) Other definitive proxy statements (DEF 14A) 2025-07-17 (1),GSIT,DEF 14A,2025-07-17,2025,GSIT (GSI Technology Inc.) Other definitive proxy statements (DEF 14A) 2025-07-17 (1).xlsx,potential payments upon ch,Patrick Chuang,​,​,​,​,479053.0,​,​,​,​,​,45230.0,​,​,​,​,​,52492,​,​,​,​,​,2200,​,​,​,​,​,578975,​,​,,,,,,,,,,,,
GSIT (GSI Technology Inc.) Other definitive proxy statements (DEF 14A) 2025-07-17 (1),GSIT,DEF 14A,2025-07-17,2025,GSIT (GSI Technology Inc.) Other definitive proxy statements (DEF 14A) 2025-07-17 (1).xlsx,potential payments upon ch,Didier Lasserre,​,​,​,​,726102.0,​,​,​,​,​,45230.0,​,​,​,​,​,123796,​,​,​,​,​,2200,​,​,​,​,​,897328,​,​,,,,,,,,,,,,
GSIT (GSI Technology Inc.) Other definitive proxy statements (DEF 14A) 2025-07-17 (1),GSIT,DEF 14A,2025-07-17,2025,GSIT (GSI Technology Inc.) Other definitive proxy statements (DEF 14A) 2025-07-17 (1).xlsx,potential payments upon ch-1,​,Board,​,​,40000,​,,,,,,,,,,,,,,,,,,,,,,,,,,,,,,,,,,,,,,
GSIT (GSI Technology Inc.) Other definitive proxy statements (DEF 14A) 2025-07-17 (1),GSIT,DEF 14A,2025-07-17,2025,GSIT (GSI Technology Inc.) Other definitive proxy statements (DEF 14A) 2025-07-17 (1).xlsx,potential payments upon ch-1,​,Lead Director,​,​,20000,​,,,,,,,,,,,,,,,,,,,,,,,,,,,,,,,,,,,,,,
GSIT (GSI Technology Inc.) Other definitive proxy statements (DEF 14A) 2025-07-17 (1),GSIT,DEF 14A,2025-07-17,2025,GSIT (GSI Technology Inc.) Other definitive proxy statements (DEF 14A) 2025-07-17 (1).xlsx,potential payments upon ch-1,​,Audit Committee:,​,​,​,​,,,,,,,,,,,,,,,,,,,,,,,,,,,,,,,,,,,,,,
GSIT (GSI Technology Inc.) Other definitive proxy statements (DEF 14A) 2025-07-17 (1),GSIT,DEF 14A,2025-07-17,2025,GSIT (GSI Technology Inc.) Other definitive proxy statements (DEF 14A) 2025-07-17 (1).xlsx,potential payments upon ch-1,​,"• 
 
 
 
 
 
 Chair  
 
 ​",​,​,20000,​,,,,,,,,,,,,,,,,,,,,,,,,,,,,,,,,,,,,,,
GSIT (GSI Technology Inc.) Other definitive proxy statements (DEF 14A) 2025-07-17 (1),GSIT,DEF 14A,2025-07-17,2025,GSIT (GSI Technology Inc.) Other definitive proxy statements (DEF 14A) 2025-07-17 (1).xlsx,potential payments upon ch-1,​,"• 
 
 
 
 
 
 Other Members  
 
 ​",​,​,7500,​,,,,,,,,,,,,,,,,,,,,,,,,,,,,,,,,,,,,,,
GSIT (GSI Technology Inc.) Other definitive proxy statements (DEF 14A) 2025-07-17 (1),GSIT,DEF 14A,2025-07-17,2025,GSIT (GSI Technology Inc.) Other definitive proxy statements (DEF 14A) 2025-07-17 (1).xlsx,potential payments upon ch-1,​,Compensation Committee:,​,​,​,​,,,,,,,,,,,,,,,,,,,,,,,,,,,,,,,,,,,,,,
GSIT (GSI Technology Inc.) Other definitive proxy statements (DEF 14A) 2025-07-17 (1),GSIT,DEF 14A,2025-07-17,2025,GSIT (GSI Technology Inc.) Other definitive proxy statements (DEF 14A) 2025-07-17 (1).xlsx,potential payments upon ch-1,​,"• 
 
 
 
 
 
 Chair 
 
 ​",​,​,10000,​,,,,,,,,,,,,,,,,,,,,,,,,,,,,,,,,,,,,,,
GSIT (GSI Technology Inc.) Other definitive proxy statements (DEF 14A) 2025-07-17 (1),GSIT,DEF 14A,2025-07-17,2025,GSIT (GSI Technology Inc.) Other definitive proxy statements (DEF 14A) 2025-07-17 (1).xlsx,potential payments upon ch-1,​,"• 
 
 
 
 
 
 Other Members  
 
 ​",​,​,5000,​,,,,,,,,,,,,,,,,,,,,,,,,,,,,,,,,,,,,,,
GSIT (GSI Technology Inc.) Other definitive proxy statements (DEF 14A) 2025-07-17 (1),GSIT,DEF 14A,2025-07-17,2025,GSIT (GSI Technology Inc.) Other definitive proxy statements (DEF 14A) 2025-07-17 (1).xlsx,potential payments upon ch-1,​,Nominating and Governance Committee:,​,​,​,​,,,,,,,,,,,,,,,,,,,,,,,,,,,,,,,,,,,,,,
GSIT (GSI Technology Inc.) Other definitive proxy statements (DEF 14A) 2025-07-17 (1),GSIT,DEF 14A,2025-07-17,2025,GSIT (GSI Technology Inc.) Other definitive proxy statements (DEF 14A) 2025-07-17 (1).xlsx,potential payments upon ch-1,​,"• 
 
 
 
 
 
 Chair 
 
 ​",​,​,7500,​,,,,,,,,,,,,,,,,,,,,,,,,,,,,,,,,,,,,,,
GSIT (GSI Technology Inc.) Other definitive proxy statements (DEF 14A) 2025-07-17 (1),GSIT,DEF 14A,2025-07-17,2025,GSIT (GSI Technology Inc.) Other definitive proxy statements (DEF 14A) 2025-07-17 (1).xlsx,potential payments upon ch-1,​,"• 
 
 
 
 
 
 Other Members  
 
 ​",​,​,3000,​,,,,,,,,,,,,,,,,,,,,,,,,,,,,,,,,,,,,,,
GSIT (GSI Technology Inc.) Other definitive proxy statements (DEF 14A) 2025-07-17 (1),GSIT,DEF 14A,2025-07-17,2025,GSIT (GSI Technology Inc.) Other definitive proxy statements (DEF 14A) 2025-07-17 (1).xlsx,director compensation,Name,​,​,"Fees Earned
                 
 
                or Paid in
                 
 
                Cash ($)",,,,​,​,"Option Awards
                 
 
                ($) (1)(2)(3)",,,,​,​,Total ($),,,,​,,,,,,,,,,,,,,,,,,,,,,,,
GSIT (GSI Technology Inc.) Other definitive proxy statements (DEF 14A) 2025-07-17 (1),GSIT,DEF 14A,2025-07-17,2025,GSIT (GSI Technology Inc.) Other definitive proxy statements (DEF 14A) 2025-07-17 (1).xlsx,director compensation,Jack A. Bradley,​,​,​,​,87697,​,​,​,​,​,63785,​,​,​,​,​,151482,​,​,,,,,,,,,,,,,,,,,,,,,,,,
GSIT (GSI Technology Inc.) Other definitive proxy statements (DEF 14A) 2025-07-17 (1),GSIT,DEF 14A,2025-07-17,2025,GSIT (GSI Technology Inc.) Other definitive proxy statements (DEF 14A) 2025-07-17 (1).xlsx,director compensation,Elizabeth Cholawsky,​,​,​,​,60500,​,​,​,​,​,44103,​,​,​,​,​,104603,​,​,,,,,,,,,,,,,,,,,,,,,,,,
GSIT (GSI Technology Inc.) Other definitive proxy statements (DEF 14A) 2025-07-17 (1),GSIT,DEF 14A,2025-07-17,2025,GSIT (GSI Technology Inc.) Other definitive proxy statements (DEF 14A) 2025-07-17 (1).xlsx,director compensation,Haydn Hsieh,​,​,​,​,52500,​,​,​,​,​,38271,​,​,​,​,​,90771,​,​,,,,,,,,,,,,,,,,,,,,,,,,
GSIT (GSI Technology Inc.) Other definitive proxy statements (DEF 14A) 2025-07-17 (1),GSIT,DEF 14A,2025-07-17,2025,GSIT (GSI Technology Inc.) Other definitive proxy statements (DEF 14A) 2025-07-17 (1).xlsx,director compensation,Ruey L. Lu,​,​,​,​,48000,​,​,​,​,​,34992,​,​,​,​,​,82992,​,​,,,,,,,,,,,,,,,,,,,,,,,,
GSIT (GSI Technology Inc.) Other definitive proxy statements (DEF 14A) 2025-07-17 (1),GSIT,DEF 14A,2025-07-17,2025,GSIT (GSI Technology Inc.) Other definitive proxy statements (DEF 14A) 2025-07-17 (1).xlsx,director compensation,Barbara Nelson,​,​,​,​,21671,​,​,​,​,​,—,​,​,​,​,​,21671,​,​,,,,,,,,,,,,,,,,,,,,,,,,
GSIT (GSI Technology Inc.) Other definitive proxy statements (DEF 14A) 2025-07-17 (1),GSIT,DEF 14A,2025-07-17,2025,GSIT (GSI Technology Inc.) Other definitive proxy statements (DEF 14A) 2025-07-17 (1).xlsx,director compensation,Robert Yau (4) ​,​,​,​,​,—,​,​,​,​,​,—,​,​,​,​,​,—,​,​,,,,,,,,,,,,,,,,,,,,,,,,
GSIT (GSI Technology Inc.) Other definitive proxy statements (DEF 14A) 2025-07-17 (1),GSIT,DEF 14A,2025-07-17,2025,GSIT (GSI Technology Inc.) Other definitive proxy statements (DEF 14A) 2025-07-17 (1).xlsx,pay versus performance,Year (1),​,​,"Summary  
  Compensation  
  Table Total  
  for our PEO (2)",,,,​,​,"Compensation  
  Actually  
  Paid to  
  our PEO (3)",,,,​,​,"Average  
  Summary  
  Compensation  
  Table Total for  
  our NEOs (2)",,,,​,​,"Average  
  Compensation  
  Actually  
  Paid to  
  Non-PEO  
  NEOs (4)",,,,​,​,"Total  
  Stockholder  
  Return (Value  
  of $100 Initial  
  Investment  
  on 3/31/22) (5)",,,,​,​,"Net  
  Income  
  (Loss) (6)",,,,​,,,,,,
GSIT (GSI Technology Inc.) Other definitive proxy statements (DEF 14A) 2025-07-17 (1),GSIT,DEF 14A,2025-07-17,2025,GSIT (GSI Technology Inc.) Other definitive proxy statements (DEF 14A) 2025-07-17 (1).xlsx,pay versus performance,2025,​,​,​,569167.0,,​,​,​,​,234311.0,,​,​,​,​,421815.0,,​,​,​,​,253850.0,,​,​,​,​,53.0,,​,​,​,​,-10639000.0,,​,​,,,,,,
GSIT (GSI Technology Inc.) Other definitive proxy statements (DEF 14A) 2025-07-17 (1),GSIT,DEF 14A,2025-07-17,2025,GSIT (GSI Technology Inc.) Other definitive proxy statements (DEF 14A) 2025-07-17 (1).xlsx,pay versus performance,2024,​,​,​,873636.0,,​,​,​,​,1752432.0,,​,​,​,​,493866.0,,​,​,​,​,816008.0,,​,​,​,​,89.0,,​,​,​,​,-20087000.0,,​,​,,,,,,
GSIT (GSI Technology Inc.) Other definitive proxy statements (DEF 14A) 2025-07-17 (1),GSIT,DEF 14A,2025-07-17,2025,GSIT (GSI Technology Inc.) Other definitive proxy statements (DEF 14A) 2025-07-17 (1).xlsx,pay versus performance,2023,​,​,​,730266.0,,​,​,​,​,292681.0,,​,​,​,​,401310.0,,​,​,​,​,245877.0,,​,​,​,​,45.0,,​,​,​,​,-15977000.0,,​,​,,,,,,
GSIT (GSI Technology Inc.) Other definitive proxy statements (DEF 14A) 2025-07-17 (1),GSIT,DEF 14A,2025-07-17,2025,GSIT (GSI Technology Inc.) Other definitive proxy statements (DEF 14A) 2025-07-17 (1).xlsx,pay versus performance-1,+/-,​,​,2023,,,,​,​,2024,,,,​,​,2025,,,,​,,,,,,,,,,,,,,,,,,,,,,,,
GSIT (GSI Technology Inc.) Other definitive proxy statements (DEF 14A) 2025-07-17 (1),GSIT,DEF 14A,2025-07-17,2025,GSIT (GSI Technology Inc.) Other definitive proxy statements (DEF 14A) 2025-07-17 (1).xlsx,pay versus performance-1,"Summary Compensation Table – Total  
  Compensation ﻿(a)",​,​,​,730266.0,,​,​,​,​,873636.0,,​,​,​,​,569167.0,,​,​,,,,,,,,,,,,,,,,,,,,,,,,
GSIT (GSI Technology Inc.) Other definitive proxy statements (DEF 14A) 2025-07-17 (1),GSIT,DEF 14A,2025-07-17,2025,GSIT (GSI Technology Inc.) Other definitive proxy statements (DEF 14A) 2025-07-17 (1).xlsx,pay versus performance-1,"-   
         Grant Date Fair Value of Stock Awards and Option Awards Granted in Fiscal Year ﻿(b)     ​",​,​,​,341545.0,,​,​,​,​,482217.0,,​,​,​,​,212000.0,,​,​,,,,,,,,,,,,,,,,,,,,,,,,
GSIT (GSI Technology Inc.) Other definitive proxy statements (DEF 14A) 2025-07-17 (1),GSIT,DEF 14A,2025-07-17,2025,GSIT (GSI Technology Inc.) Other definitive proxy statements (DEF 14A) 2025-07-17 (1).xlsx,pay versus performance-1,"+   
         Fair Value at Fiscal Year End of Outstanding and Unvested Stock Awards and Option Awards Granted in Fiscal Year ﻿(c)     ​",​,​,​,142783.0,,​,​,​,​,627224.0,,​,​,​,​,138096.0,,​,​,,,,,,,,,,,,,,,,,,,,,,,,
GSIT (GSI Technology Inc.) Other definitive proxy statements (DEF 14A) 2025-07-17 (1),GSIT,DEF 14A,2025-07-17,2025,GSIT (GSI Technology Inc.) Other definitive proxy statements (DEF 14A) 2025-07-17 (1).xlsx,pay versus performance-2,+/-,​,​,2023,,,,​,​,2024,,,,​,​,2025,,,,​,,,,,,,,,,,,,,,,,,,,,,,,
GSIT (GSI Technology Inc.) Other definitive proxy statements (DEF 14A) 2025-07-17 (1),GSIT,DEF 14A,2025-07-17,2025,GSIT (GSI Technology Inc.) Other definitive proxy statements (DEF 14A) 2025-07-17 (1).xlsx,pay versus performance-2,"+   
         Change in Fair Value of Outstanding and Unvested Stock Awards and Option Awards Granted in Prior Fiscal Years ﻿(d)     ​",​,​,​,-228557.0,,​,​,​,​,528280.0,,​,​,​,​,-301887.0,,​,​,,,,,,,,,,,,,,,,,,,,,,,,
GSIT (GSI Technology Inc.) Other definitive proxy statements (DEF 14A) 2025-07-17 (1),GSIT,DEF 14A,2025-07-17,2025,GSIT (GSI Technology Inc.) Other definitive proxy statements (DEF 14A) 2025-07-17 (1).xlsx,pay versus performance-2,"+   
         Fair Value at Vesting of Stock Awards and Option Awards Granted in Fiscal Year That Vested During Fiscal Year ﻿(e)     ​",​,​,​,0.0,,​,​,​,​,0.0,,​,​,​,​,0.0,,​,​,,,,,,,,,,,,,,,,,,,,,,,,
GSIT (GSI Technology Inc.) Other definitive proxy statements (DEF 14A) 2025-07-17 (1),GSIT,DEF 14A,2025-07-17,2025,GSIT (GSI Technology Inc.) Other definitive proxy statements (DEF 14A) 2025-07-17 (1).xlsx,pay versus performance-2,"+   
         Change in Fair Value as of Vesting Date of Stock Awards and Option Awards Granted in Prior Fiscal Years For Which Applicable Vesting Conditions Were Satisfied During Fiscal Year ﻿(f)     ​",​,​,​,-10266.0,,​,​,​,​,205509.0,,​,​,​,​,40934.0,,​,​,,,,,,,,,,,,,,,,,,,,,,,,
GSIT (GSI Technology Inc.) Other definitive proxy statements (DEF 14A) 2025-07-17 (1),GSIT,DEF 14A,2025-07-17,2025,GSIT (GSI Technology Inc.) Other definitive proxy statements (DEF 14A) 2025-07-17 (1).xlsx,pay versus performance-2,"-   
         Fair Value as of Prior Fiscal Year End of Stock Awards and Option Awards Granted in Prior Fiscal Years That Failed to Meet Applicable Vesting Conditions During Fiscal Year ﻿(g)     ​",​,​,​,0.0,,​,​,​,​,0.0,,​,​,​,​,0.0,,​,​,,,,,,,,,,,,,,,,,,,,,,,,
GSIT (GSI Technology Inc.) Other definitive proxy statements (DEF 14A) 2025-07-17 (1),GSIT,DEF 14A,2025-07-17,2025,GSIT (GSI Technology Inc.) Other definitive proxy statements (DEF 14A) 2025-07-17 (1).xlsx,pay versus performance-2,"=   
         Compensation Actually Paid      ​",​,​,​,292681.0,,​,​,​,​,1752432.0,,​,​,​,​,234311.0,,​,​,,,,,,,,,,,,,,,,,,,,,,,,
GSIT (GSI Technology Inc.) Other definitive proxy statements (DEF 14A) 2025-07-17 (1),GSIT,DEF 14A,2025-07-17,2025,GSIT (GSI Technology Inc.) Other definitive proxy statements (DEF 14A) 2025-07-17 (1).xlsx,pay versus performance-3,+/-,​,​,2023,,,,​,​,2024,,,,​,​,2025,,,,​,,,,,,,,,,,,,,,,,,,,,,,,
GSIT (GSI Technology Inc.) Other definitive proxy statements (DEF 14A) 2025-07-17 (1),GSIT,DEF 14A,2025-07-17,2025,GSIT (GSI Technology Inc.) Other definitive proxy statements (DEF 14A) 2025-07-17 (1).xlsx,pay versus performance-3,Summary Compensation Table – Total Compensation (a),​,​,​,401310.0,,​,​,​,​,493866.0,,​,​,​,​,421815.0,,​,​,,,,,,,,,,,,,,,,,,,,,,,,
GSIT (GSI Technology Inc.) Other definitive proxy statements (DEF 14A) 2025-07-17 (1),GSIT,DEF 14A,2025-07-17,2025,GSIT (GSI Technology Inc.) Other definitive proxy statements (DEF 14A) 2025-07-17 (1).xlsx,pay versus performance-3,"-      
         Grant Date Fair Value of Stock Awards and Option Awards Granted in Fiscal Year ﻿(b)     ​",​,​,​,94446.0,,​,​,​,​,139725.0,,​,​,​,​,84800.0,,​,​,,,,,,,,,,,,,,,,,,,,,,,,
GSIT (GSI Technology Inc.) Other definitive proxy statements (DEF 14A) 2025-07-17 (1),GSIT,DEF 14A,2025-07-17,2025,GSIT (GSI Technology Inc.) Other definitive proxy statements (DEF 14A) 2025-07-17 (1).xlsx,pay versus performance-3,"+   
         Fair Value at Fiscal Year End of Outstanding and Unvested Stock Awards and Option Awards Granted in Fiscal Year ﻿(c)     ​",​,​,​,29951.0,,​,​,​,​,143481.0,,​,​,​,​,55239.0,,​,​,,,,,,,,,,,,,,,,,,,,,,,,
GSIT (GSI Technology Inc.) Other definitive proxy statements (DEF 14A) 2025-07-17 (1),GSIT,DEF 14A,2025-07-17,2025,GSIT (GSI Technology Inc.) Other definitive proxy statements (DEF 14A) 2025-07-17 (1).xlsx,pay versus performance-4,+/-,​,​,2023,,,,​,​,2024,,,,​,​,2025,,,,​,,,,,,,,,,,,,,,,,,,,,,,,
GSIT (GSI Technology Inc.) Other definitive proxy statements (DEF 14A) 2025-07-17 (1),GSIT,DEF 14A,2025-07-17,2025,GSIT (GSI Technology Inc.) Other definitive proxy statements (DEF 14A) 2025-07-17 (1).xlsx,pay versus performance-4,"+   
         Change in Fair Value of Outstanding and Unvested Stock Awards and Option Awards Granted in Prior Fiscal Years ﻿(d)     ​",​,​,​,-91423.0,,​,​,​,​,211312.0,,​,​,​,​,-120755.0,,​,​,,,,,,,,,,,,,,,,,,,,,,,,
GSIT (GSI Technology Inc.) Other definitive proxy statements (DEF 14A) 2025-07-17 (1),GSIT,DEF 14A,2025-07-17,2025,GSIT (GSI Technology Inc.) Other definitive proxy statements (DEF 14A) 2025-07-17 (1).xlsx,pay versus performance-4,"+   
         Fair Value at Vesting of Stock Awards and Option Awards Granted in Fiscal Year That Vested During Fiscal  
  Year ﻿(e)     ​",​,​,​,0.0,,​,​,​,​,0.0,,​,​,​,​,0.0,,​,​,,,,,,,,,,,,,,,,,,,,,,,,
GSIT (GSI Technology Inc.) Other definitive proxy statements (DEF 14A) 2025-07-17 (1),GSIT,DEF 14A,2025-07-17,2025,GSIT (GSI Technology Inc.) Other definitive proxy statements (DEF 14A) 2025-07-17 (1).xlsx,pay versus performance-4,"+   
         Change in Fair Value as of Vesting Date of Stock Awards and Option Awards Granted in Prior Fiscal Years For Which Applicable Vesting Conditions Were Satisfied During Fiscal Year ﻿(f)     ​",​,​,​,485.0,,​,​,​,​,107074.0,,​,​,​,​,-17649.0,,​,​,,,,,,,,,,,,,,,,,,,,,,,,
GSIT (GSI Technology Inc.) Other definitive proxy statements (DEF 14A) 2025-07-17 (1),GSIT,DEF 14A,2025-07-17,2025,GSIT (GSI Technology Inc.) Other definitive proxy statements (DEF 14A) 2025-07-17 (1).xlsx,pay versus performance-4,"-   
         Fair Value as of Prior Fiscal Year End of Stock Awards and Option Awards Granted in Prior Fiscal Years That Failed to Meet Applicable Vesting Conditions During Fiscal Year ﻿(g)     ​",​,​,​,0.0,,​,​,​,​,0.0,,​,​,​,​,0.0,,​,​,,,,,,,,,,,,,,,,,,,,,,,,
GSIT (GSI Technology Inc.) Other definitive proxy statements (DEF 14A) 2025-07-17 (1),GSIT,DEF 14A,2025-07-17,2025,GSIT (GSI Technology Inc.) Other definitive proxy statements (DEF 14A) 2025-07-17 (1).xlsx,pay versus performance-4,"=   
         Compensation Actually Paid      ​",​,​,​,245877.0,,​,​,​,​,816008.0,,​,​,​,​,253850.0,,​,​,,,,,,,,,,,,,,,,,,,,,,,,
GSIT (GSI Technology Inc.) Other definitive proxy statements (DEF 14A) 2025-07-17 (1),GSIT,DEF 14A,2025-07-17,2025,GSIT (GSI Technology Inc.) Other definitive proxy statements (DEF 14A) 2025-07-17 (1).xlsx,principal stockholders and,Beneficial Owner (1),​,​,"Number of
                 
 
                Shares
                 
 
                Beneficially
                 
 
                Owned (2)",,,,​,​,"Percentage
                 
 
                of Shares
                 
 
                Beneficially
                 
 
                Owned (3)",,,,​,,,,,,,,,,,,,,,,,,,,,,,,,,,,,,
GSIT (GSI Technology Inc.) Other definitive proxy statements (DEF 14A) 2025-07-17 (1),GSIT,DEF 14A,2025-07-17,2025,GSIT (GSI Technology Inc.) Other definitive proxy statements (DEF 14A) 2025-07-17 (1).xlsx,principal stockholders and,Principal Stockholder:,​,​,​,​,​,​,​,​,​,​,​,​,​,,,,,,,,,,,,,,,,,,,,,,,,,,,,,,
GSIT (GSI Technology Inc.) Other definitive proxy statements (DEF 14A) 2025-07-17 (1),GSIT,DEF 14A,2025-07-17,2025,GSIT (GSI Technology Inc.) Other definitive proxy statements (DEF 14A) 2025-07-17 (1).xlsx,principal stockholders and,Jing Rong Tang (4),​,​,​,​,1525141,​,​,​,​,​,5.2,​,​,,,,,,,,,,,,,,,,,,,,,,,,,,,,,,
GSIT (GSI Technology Inc.) Other definitive proxy statements (DEF 14A) 2025-07-17 (1),GSIT,DEF 14A,2025-07-17,2025,GSIT (GSI Technology Inc.) Other definitive proxy statements (DEF 14A) 2025-07-17 (1).xlsx,principal stockholders and,"c/o HolyStone Enterprises Co., Ltd.
                 
 
                1FL No. 62, Sec 2 Huang Shan Road
                 
 
                Taipei, Taiwan, R.O.C",​,​,​,​,​,​,​,​,​,​,​,​,​,,,,,,,,,,,,,,,,,,,,,,,,,,,,,,
GSIT (GSI Technology Inc.) Other definitive proxy statements (DEF 14A) 2025-07-17 (1),GSIT,DEF 14A,2025-07-17,2025,GSIT (GSI Technology Inc.) Other definitive proxy statements (DEF 14A) 2025-07-17 (1).xlsx,principal stockholders and,"Directors, Named Executive Officers and certain Executive Officers:",​,​,​,​,​,​,​,​,​,​,​,​,​,,,,,,,,,,,,,,,,,,,,,,,,,,,,,,
GSIT (GSI Technology Inc.) Other definitive proxy statements (DEF 14A) 2025-07-17 (1),GSIT,DEF 14A,2025-07-17,2025,GSIT (GSI Technology Inc.) Other definitive proxy statements (DEF 14A) 2025-07-17 (1).xlsx,principal stockholders and,Lee-Lean Shu (5),​,​,​,​,3614615,​,​,​,​,​,12,​,​,,,,,,,,,,,,,,,,,,,,,,,,,,,,,,
GSIT (GSI Technology Inc.) Other definitive proxy statements (DEF 14A) 2025-07-17 (1),GSIT,DEF 14A,2025-07-17,2025,GSIT (GSI Technology Inc.) Other definitive proxy statements (DEF 14A) 2025-07-17 (1).xlsx,principal stockholders and,Jack A. Bradley (6),​,​,​,​,179533,​,​,​,​,​,*,​,​,,,,,,,,,,,,,,,,,,,,,,,,,,,,,,
GSIT (GSI Technology Inc.) Other definitive proxy statements (DEF 14A) 2025-07-17 (1),GSIT,DEF 14A,2025-07-17,2025,GSIT (GSI Technology Inc.) Other definitive proxy statements (DEF 14A) 2025-07-17 (1).xlsx,principal stockholders and,Elizabeth Cholawsky (7),​,​,​,​,105241,​,​,​,​,​,*,​,​,,,,,,,,,,,,,,,,,,,,,,,,,,,,,,
GSIT (GSI Technology Inc.) Other definitive proxy statements (DEF 14A) 2025-07-17 (1),GSIT,DEF 14A,2025-07-17,2025,GSIT (GSI Technology Inc.) Other definitive proxy statements (DEF 14A) 2025-07-17 (1).xlsx,principal stockholders and,Haydn Hsieh (8),​,​,​,​,146012,​,​,​,​,​,*,​,​,,,,,,,,,,,,,,,,,,,,,,,,,,,,,,
GSIT (GSI Technology Inc.) Other definitive proxy statements (DEF 14A) 2025-07-17 (1),GSIT,DEF 14A,2025-07-17,2025,GSIT (GSI Technology Inc.) Other definitive proxy statements (DEF 14A) 2025-07-17 (1).xlsx,principal stockholders and,Ruey L. Lu (9),​,​,​,​,167138,​,​,​,​,​,*,​,​,,,,,,,,,,,,,,,,,,,,,,,,,,,,,,
GSIT (GSI Technology Inc.) Other definitive proxy statements (DEF 14A) 2025-07-17 (1),GSIT,DEF 14A,2025-07-17,2025,GSIT (GSI Technology Inc.) Other definitive proxy statements (DEF 14A) 2025-07-17 (1).xlsx,principal stockholders and,Patrick Chuang (10),​,​,​,​,335166,​,​,​,​,​,1.1,​,​,,,,,,,,,,,,,,,,,,,,,,,,,,,,,,
GSIT (GSI Technology Inc.) Other definitive proxy statements (DEF 14A) 2025-07-17 (1),GSIT,DEF 14A,2025-07-17,2025,GSIT (GSI Technology Inc.) Other definitive proxy statements (DEF 14A) 2025-07-17 (1).xlsx,principal stockholders and,Didier Lasserre (11),​,​,​,​,598378,​,​,​,​,​,2,​,​,,,,,,,,,,,,,,,,,,,,,,,,,,,,,,
GSIT (GSI Technology Inc.) Other definitive proxy statements (DEF 14A) 2025-07-17 (1),GSIT,DEF 14A,2025-07-17,2025,GSIT (GSI Technology Inc.) Other definitive proxy statements (DEF 14A) 2025-07-17 (1).xlsx,principal stockholders and,All executive officers and directors as a group (11 persons) (12),​,​,​,​,7566957,​,​,​,​,​,25.4,​,​,,,,,,,,,,,,,,,,,,,,,,,,,,,,,,
GSIT (GSI Technology Inc.) Other definitive proxy statements (DEF 14A) 2025-07-17,GSIT,DEF 14A,2025-07-17,2025,GSIT (GSI Technology Inc.) Other definitive proxy statements (DEF 14A) 2025-07-17.xlsx,ratification of appointmen,​,​,​,Fiscal 2025,,,,​,​,Fiscal 2024,,,,​,,,,,,,,,,,,,,,,,,,,,,,,,,,,,,
GSIT (GSI Technology Inc.) Other definitive proxy statements (DEF 14A) 2025-07-17,GSIT,DEF 14A,2025-07-17,2025,GSIT (GSI Technology Inc.) Other definitive proxy statements (DEF 14A) 2025-07-17.xlsx,ratification of appointmen,Audit fees (1),​,​,​,726730,,​,​,​,​,880680,,​,​,,,,,,,,,,,,,,,,,,,,,,,,,,,,,,
GSIT (GSI Technology Inc.) Other definitive proxy statements (DEF 14A) 2025-07-17,GSIT,DEF 14A,2025-07-17,2025,GSIT (GSI Technology Inc.) Other definitive proxy statements (DEF 14A) 2025-07-17.xlsx,ratification of appointmen,Tax fees (2),​,​,​,​,37275.0,​,​,​,​,​,35700.0,​,​,,,,,,,,,,,,,,,,,,,,,,,,,,,,,,
GSIT (GSI Technology Inc.) Other definitive proxy statements (DEF 14A) 2025-07-17,GSIT,DEF 14A,2025-07-17,2025,GSIT (GSI Technology Inc.) Other definitive proxy statements (DEF 14A) 2025-07-17.xlsx,ratification of appointmen,Total fees,​,​,​,764005,,​,​,​,​,916380,,​,​,,,,,,,,,,,,,,,,,,,,,,,,,,,,,,
GSIT (GSI Technology Inc.) Other definitive proxy statements (DEF 14A) 2025-07-17,GSIT,DEF 14A,2025-07-17,2025,GSIT (GSI Technology Inc.) Other definitive proxy statements (DEF 14A) 2025-07-17.xlsx,ratification of appointmen-1,Name,​,​,Title,​,​,"Fiscal 2025
                 
 
                Base Salary",,,,​,​,"Percentage Increase over
                 
 
                Fiscal 2024 Base Salary",,,,​,,,,,,,,,,,,,,,,,,,,,,,,,,,
GSIT (GSI Technology Inc.) Other definitive proxy statements (DEF 14A) 2025-07-17,GSIT,DEF 14A,2025-07-17,2025,GSIT (GSI Technology Inc.) Other definitive proxy statements (DEF 14A) 2025-07-17.xlsx,ratification of appointmen-1,Lee-Lean Shu,​,​,President and Chief Executive Officer,​,​,​,"$431,912 (1)",,​,​,​,​,​,—,​,​,,,,,,,,,,,,,,,,,,,,,,,,,,,
GSIT (GSI Technology Inc.) Other definitive proxy statements (DEF 14A) 2025-07-17,GSIT,DEF 14A,2025-07-17,2025,GSIT (GSI Technology Inc.) Other definitive proxy statements (DEF 14A) 2025-07-17.xlsx,ratification of appointmen-1,Patrick Chuang,​,​,"Senior Vice President, Memory Design",​,​,​,"$359,290 (2)",,​,​,​,​,​,—,​,​,,,,,,,,,,,,,,,,,,,,,,,,,,,
GSIT (GSI Technology Inc.) Other definitive proxy statements (DEF 14A) 2025-07-17,GSIT,DEF 14A,2025-07-17,2025,GSIT (GSI Technology Inc.) Other definitive proxy statements (DEF 14A) 2025-07-17.xlsx,ratification of appointmen-1,Didier Lasserre,​,​,"Vice President, Sales",​,​,​,"$322,712 (3)",,​,​,​,​,​,—,​,​,,,,,,,,,,,,,,,,,,,,,,,,,,,
GSIT (GSI Technology Inc.) Other definitive proxy statements (DEF 14A) 2025-07-17,GSIT,DEF 14A,2025-07-17,2025,GSIT (GSI Technology Inc.) Other definitive proxy statements (DEF 14A) 2025-07-17.xlsx,2025 variable compensation,Name,​,​,"Fiscal 2025
                 
 
                Target Bonus",,,,​,​,"Fiscal 2025
                 
 
                Bonus Earned",,,,​,,,,,,,,,,,,,,,,,,,,,,,,,,,,,,
GSIT (GSI Technology Inc.) Other definitive proxy statements (DEF 14A) 2025-07-17,GSIT,DEF 14A,2025-07-17,2025,GSIT (GSI Technology Inc.) Other definitive proxy statements (DEF 14A) 2025-07-17.xlsx,2025 variable compensation,Lee-Lean Shu,​,​,​,275000.0,,​,​,​,​,54828.0,,​,​,,,,,,,,,,,,,,,,,,,,,,,,,,,,,,
GSIT (GSI Technology Inc.) Other definitive proxy statements (DEF 14A) 2025-07-17,GSIT,DEF 14A,2025-07-17,2025,GSIT (GSI Technology Inc.) Other definitive proxy statements (DEF 14A) 2025-07-17.xlsx,2025 variable compensation,Patrick Chuang,​,​,​,137500.0,,​,​,​,​,27414.0,,​,​,,,,,,,,,,,,,,,,,,,,,,,,,,,,,,
GSIT (GSI Technology Inc.) Other definitive proxy statements (DEF 14A) 2025-07-17,GSIT,DEF 14A,2025-07-17,2025,GSIT (GSI Technology Inc.) Other definitive proxy statements (DEF 14A) 2025-07-17.xlsx,2025 variable compensation,Didier Lasserre,​,​,​,137500.0,,​,​,​,​,27414.0,,​,​,,,,,,,,,,,,,,,,,,,,,,,,,,,,,,
GSIT (GSI Technology Inc.) Other definitive proxy statements (DEF 14A) 2025-07-17,GSIT,DEF 14A,2025-07-17,2025,GSIT (GSI Technology Inc.) Other definitive proxy statements (DEF 14A) 2025-07-17.xlsx,total fiscal 2025 cash com,Name,​,​,Principal Position,​,​,"Fiscal 2025
                 
 
                Base Salary",,,,​,​,"Fiscal 2025
                 
 
                Total Cash
                 
 
                Compensation
                 
 
                Earned",,,,​,,,,,,,,,,,,,,,,,,,,,,,,,,,
GSIT (GSI Technology Inc.) Other definitive proxy statements (DEF 14A) 2025-07-17,GSIT,DEF 14A,2025-07-17,2025,GSIT (GSI Technology Inc.) Other definitive proxy statements (DEF 14A) 2025-07-17.xlsx,total fiscal 2025 cash com,Lee-Lean Shu,​,​,President and Chief Executive Officer,​,​,​,431912.0,,​,​,​,​,"$357,167 (1)",,​,​,,,,,,,,,,,,,,,,,,,,,,,,,,,
GSIT (GSI Technology Inc.) Other definitive proxy statements (DEF 14A) 2025-07-17,GSIT,DEF 14A,2025-07-17,2025,GSIT (GSI Technology Inc.) Other definitive proxy statements (DEF 14A) 2025-07-17.xlsx,total fiscal 2025 cash com,Patrick Chuang,​,​,"Senior Vice President, Memory Design",​,​,​,359290.0,,​,​,​,​,"$350,775 (2)",,​,​,,,,,,,,,,,,,,,,,,,,,,,,,,,
GSIT (GSI Technology Inc.) Other definitive proxy statements (DEF 14A) 2025-07-17,GSIT,DEF 14A,2025-07-17,2025,GSIT (GSI Technology Inc.) Other definitive proxy statements (DEF 14A) 2025-07-17.xlsx,total fiscal 2025 cash com,Didier Lasserre,​,​,"Vice President, Sales",​,​,​,322712.0,,​,​,​,​,"$323,255 (3)",,​,​,,,,,,,,,,,,,,,,,,,,,,,,,,,
GSIT (GSI Technology Inc.) Other definitive proxy statements (DEF 14A) 2025-07-17,GSIT,DEF 14A,2025-07-17,2025,GSIT (GSI Technology Inc.) Other definitive proxy statements (DEF 14A) 2025-07-17.xlsx,summary compensation,Name and Principal Position,​,​,Year,,,,​,​,"Salary
                 
 
                ($)",,,,​,​,"Option
                 
 
                Awards
                 
 
                ($) (1)",,,,​,​,"Non-Equity
                 
 
                Incentive Plan
                 
 
                Compensation
                 
 
                ($)",,,,​,​,"All Other
                 
 
                Compensation
                 
 
                ($)",,,,​,​,"Total
                 
 
                ($)",,,,​,,,,,,
GSIT (GSI Technology Inc.) Other definitive proxy statements (DEF 14A) 2025-07-17,GSIT,DEF 14A,2025-07-17,2025,GSIT (GSI Technology Inc.) Other definitive proxy statements (DEF 14A) 2025-07-17.xlsx,summary compensation,"Lee-Lean Shu
                 
 
                President and Chief Executive Officer",​,​,​,​,2025.0,​,​,​,​,​,302339.0,​,​,​,​,​,212000.0,​,​,​,​,​,"54,828 (2)",​,​,​,​,​,—,​,​,​,​,​,569167.0,​,​,,,,,,
GSIT (GSI Technology Inc.) Other definitive proxy statements (DEF 14A) 2025-07-17,GSIT,DEF 14A,2025-07-17,2025,GSIT (GSI Technology Inc.) Other definitive proxy statements (DEF 14A) 2025-07-17.xlsx,summary compensation,,,​,​,​,2024.0,​,​,​,​,​,302339.0,​,​,​,​,​,482217.0,​,​,​,​,​,89080,​,​,​,​,​,—,​,​,​,​,​,873636.0,​,​,,,,,,
GSIT (GSI Technology Inc.) Other definitive proxy statements (DEF 14A) 2025-07-17,GSIT,DEF 14A,2025-07-17,2025,GSIT (GSI Technology Inc.) Other definitive proxy statements (DEF 14A) 2025-07-17.xlsx,summary compensation,"Patrick Chuang
                 
 
                Senior Vice President, Memory Design",​,​,​,​,2025.0,​,​,​,​,​,323361.0,​,​,​,​,​,84800.0,​,​,​,​,​,"27,414 (3)",​,​,​,​,​,—,​,​,​,​,​,435575.0,​,​,,,,,,
GSIT (GSI Technology Inc.) Other definitive proxy statements (DEF 14A) 2025-07-17,GSIT,DEF 14A,2025-07-17,2025,GSIT (GSI Technology Inc.) Other definitive proxy statements (DEF 14A) 2025-07-17.xlsx,summary compensation,,,​,​,​,2024.0,​,​,​,​,​,323361.0,​,​,​,​,​,139725.0,​,​,​,​,​,44540,​,​,​,​,​,—,​,​,​,​,​,507626.0,​,​,,,,,,
GSIT (GSI Technology Inc.) Other definitive proxy statements (DEF 14A) 2025-07-17,GSIT,DEF 14A,2025-07-17,2025,GSIT (GSI Technology Inc.) Other definitive proxy statements (DEF 14A) 2025-07-17.xlsx,summary compensation,"Didier Lasserre
                 
 
                Vice President, Sales",​,​,​,​,2025.0,​,​,​,​,​,290441.0,​,​,​,​,​,84800.0,​,​,​,​,​,"27,414 (3)",​,​,​,​,​,"5,400 (4)",​,​,​,​,​,408055.0,​,​,,,,,,
GSIT (GSI Technology Inc.) Other definitive proxy statements (DEF 14A) 2025-07-17,GSIT,DEF 14A,2025-07-17,2025,GSIT (GSI Technology Inc.) Other definitive proxy statements (DEF 14A) 2025-07-17.xlsx,summary compensation,,,​,​,​,2024.0,​,​,​,​,​,290441.0,​,​,​,​,​,139725.0,​,​,​,​,​,44540,​,​,​,​,​,"5,400 (4)",​,​,​,​,​,480106.0,​,​,,,,,,
GSIT (GSI Technology Inc.) Other definitive proxy statements (DEF 14A) 2025-07-17,GSIT,DEF 14A,2025-07-17,2025,GSIT (GSI Technology Inc.) Other definitive proxy statements (DEF 14A) 2025-07-17.xlsx,grants of planbased awards,​,​,​,​,​,​,​,​,​,"Estimated Future Payouts Under
                 
 
                Non-Equity Incentive Plan Awards (1)",,,,,,,,,,,,,,,,​,​,"All Other
                 
 
                Option
                 
 
                Awards:
                 
 
                Number of
                 
 
                Securities
                 
 
                Underlying
                 
 
                Options (#)",,,,​,​,"Exercise
                 
 
                or Base
                 
 
                Price of
                 
 
                Option
                 
 
                Awards
                 
 
                ($)",,,,​,​,"Grant Date
                 
 
                Fair Value
                 
 
                of Option
                 
 
                Awards
                 
 
                ($) (2)",,,,​
GSIT (GSI Technology Inc.) Other definitive proxy statements (DEF 14A) 2025-07-17,GSIT,DEF 14A,2025-07-17,2025,GSIT (GSI Technology Inc.) Other definitive proxy statements (DEF 14A) 2025-07-17.xlsx,grants of planbased awards,Name,​,​,"Grant
                 
 
                Date",,,,​,​,"Threshold
                 
 
                ($)",,,,​,​,"Target
                 
 
                ($)",,,,​,​,"Maximum
                 
 
                ($)",,,,​,,,,,,,,,,,,,,,,,,
GSIT (GSI Technology Inc.) Other definitive proxy statements (DEF 14A) 2025-07-17,GSIT,DEF 14A,2025-07-17,2025,GSIT (GSI Technology Inc.) Other definitive proxy statements (DEF 14A) 2025-07-17.xlsx,grants of planbased awards,Lee-Lean Shu,​,​,​,​,7/29/24,​,​,​,​,​,—,​,​,​,​,​,275000.0,​,​,​,​,​,550000.0,​,​,​,​,​,"100,000 (3)",​,​,​,​,​,2.94,​,​,​,​,​,212000.0,​,​
GSIT (GSI Technology Inc.) Other definitive proxy statements (DEF 14A) 2025-07-17,GSIT,DEF 14A,2025-07-17,2025,GSIT (GSI Technology Inc.) Other definitive proxy statements (DEF 14A) 2025-07-17.xlsx,grants of planbased awards,Patrick Chuang,​,​,​,​,7/29/24,​,​,​,​,​,—,​,​,​,​,​,137500.0,​,​,​,​,​,275000.0,​,​,​,​,​,"40,000 (4)",​,​,​,​,​,2.94,​,​,​,​,​,84800.0,​,​
GSIT (GSI Technology Inc.) Other definitive proxy statements (DEF 14A) 2025-07-17,GSIT,DEF 14A,2025-07-17,2025,GSIT (GSI Technology Inc.) Other definitive proxy statements (DEF 14A) 2025-07-17.xlsx,grants of planbased awards,Didier Lasserre,​,​,​,​,7/29/24,​,​,​,​,​,—,​,​,​,​,​,137500.0,​,​,​,​,​,275000.0,​,​,​,​,​,"40,000 (5)",​,​,​,​,​,2.94,​,​,​,​,​,84800.0,​,​
GSIT (GSI Technology Inc.) Other definitive proxy statements (DEF 14A) 2025-07-17,GSIT,DEF 14A,2025-07-17,2025,GSIT (GSI Technology Inc.) Other definitive proxy statements (DEF 14A) 2025-07-17.xlsx,outstanding equity awards,Name,​,​,"Number of Securities
                 
 
                Underlying Unexercised
                 
 
                Options (#) Exercisable",,,,​,​,"Number of Securities
                 
 
                Underlying Unexercised
                 
 
                Options (#)
                 
 
                Unexercisable",,,,​,​,"Option
                 
 
                Exercise
                 
 
                Price ($)",,,,​,​,"Option
                 
 
                Expiration
                 
 
                Date",,,,​,,,,,,,,,,,,,,,,,,
GSIT (GSI Technology Inc.) Other definitive proxy statements (DEF 14A) 2025-07-17,GSIT,DEF 14A,2025-07-17,2025,GSIT (GSI Technology Inc.) Other definitive proxy statements (DEF 14A) 2025-07-17.xlsx,outstanding equity awards,Lee-Lean Shu,​,​,​,​,100000,​,​,​,​,​,—,​,​,​,​,​,4.98,​,​,​,​,​,8/3/25,​,​,,,,,,,,,,,,,,,,,,
GSIT (GSI Technology Inc.) Other definitive proxy statements (DEF 14A) 2025-07-17,GSIT,DEF 14A,2025-07-17,2025,GSIT (GSI Technology Inc.) Other definitive proxy statements (DEF 14A) 2025-07-17.xlsx,outstanding equity awards,​,​,​,​,​,100000,​,​,​,​,​,—,​,​,​,​,​,4.99,​,​,​,​,​,8/1/26,​,​,,,,,,,,,,,,,,,,,,
GSIT (GSI Technology Inc.) Other definitive proxy statements (DEF 14A) 2025-07-17,GSIT,DEF 14A,2025-07-17,2025,GSIT (GSI Technology Inc.) Other definitive proxy statements (DEF 14A) 2025-07-17.xlsx,outstanding equity awards,​,​,​,​,​,100000,​,​,​,​,​,—,​,​,​,​,​,7.26,​,​,​,​,​,7/31/27,​,​,,,,,,,,,,,,,,,,,,
GSIT (GSI Technology Inc.) Other definitive proxy statements (DEF 14A) 2025-07-17,GSIT,DEF 14A,2025-07-17,2025,GSIT (GSI Technology Inc.) Other definitive proxy statements (DEF 14A) 2025-07-17.xlsx,outstanding equity awards,​,​,​,​,​,100000,​,​,​,​,​,—,​,​,​,​,​,6.7,​,​,​,​,​,7/30/28,​,​,,,,,,,,,,,,,,,,,,
GSIT (GSI Technology Inc.) Other definitive proxy statements (DEF 14A) 2025-07-17,GSIT,DEF 14A,2025-07-17,2025,GSIT (GSI Technology Inc.) Other definitive proxy statements (DEF 14A) 2025-07-17.xlsx,outstanding equity awards,​,​,​,​,​,100000,​,​,​,​,​,—,​,​,​,​,​,8.3,​,​,​,​,​,7/29/29,​,​,,,,,,,,,,,,,,,,,,
GSIT (GSI Technology Inc.) Other definitive proxy statements (DEF 14A) 2025-07-17,GSIT,DEF 14A,2025-07-17,2025,GSIT (GSI Technology Inc.) Other definitive proxy statements (DEF 14A) 2025-07-17.xlsx,outstanding equity awards,​,​,​,​,​,100000,​,​,​,​,​,—,​,​,​,​,​,5.83,​,​,​,​,​,8/3/30,​,​,,,,,,,,,,,,,,,,,,
GSIT (GSI Technology Inc.) Other definitive proxy statements (DEF 14A) 2025-07-17,GSIT,DEF 14A,2025-07-17,2025,GSIT (GSI Technology Inc.) Other definitive proxy statements (DEF 14A) 2025-07-17.xlsx,outstanding equity awards,​,​,​,​,​,—,​,​,​,​,​,"100,000 (1)",​,​,​,​,​,5.58,​,​,​,​,​,8/2/31,​,​,,,,,,,,,,,,,,,,,,
GSIT (GSI Technology Inc.) Other definitive proxy statements (DEF 14A) 2025-07-17,GSIT,DEF 14A,2025-07-17,2025,GSIT (GSI Technology Inc.) Other definitive proxy statements (DEF 14A) 2025-07-17.xlsx,outstanding equity awards,​,​,​,​,​,—,​,​,​,​,​,"100,000 (2)",​,​,​,​,​,4.08,​,​,​,​,​,8/1/32,​,​,,,,,,,,,,,,,,,,,,
GSIT (GSI Technology Inc.) Other definitive proxy statements (DEF 14A) 2025-07-17,GSIT,DEF 14A,2025-07-17,2025,GSIT (GSI Technology Inc.) Other definitive proxy statements (DEF 14A) 2025-07-17.xlsx,outstanding equity awards,​,​,​,​,​,150000,​,​,​,​,​,—,​,​,​,​,​,2.27,​,​,​,​,​,12/2/32,​,​,,,,,,,,,,,,,,,,,,
GSIT (GSI Technology Inc.) Other definitive proxy statements (DEF 14A) 2025-07-17,GSIT,DEF 14A,2025-07-17,2025,GSIT (GSI Technology Inc.) Other definitive proxy statements (DEF 14A) 2025-07-17.xlsx,outstanding equity awards,​,​,​,​,​,—,​,​,​,​,​,"100,000 (3)",​,​,​,​,​,4.39,​,​,​,​,​,7/31/33,​,​,,,,,,,,,,,,,,,,,,
GSIT (GSI Technology Inc.) Other definitive proxy statements (DEF 14A) 2025-07-17,GSIT,DEF 14A,2025-07-17,2025,GSIT (GSI Technology Inc.) Other definitive proxy statements (DEF 14A) 2025-07-17.xlsx,outstanding equity awards,​,​,​,​,​,150000,​,​,​,​,​,—,​,​,​,​,​,1.92,​,​,​,​,​,1/29/34,​,​,,,,,,,,,,,,,,,,,,
GSIT (GSI Technology Inc.) Other definitive proxy statements (DEF 14A) 2025-07-17,GSIT,DEF 14A,2025-07-17,2025,GSIT (GSI Technology Inc.) Other definitive proxy statements (DEF 14A) 2025-07-17.xlsx,outstanding equity awards,​,​,​,​,​,—,​,​,​,​,​,"100,000 (4)",​,​,​,​,​,2.94,​,​,​,​,​,7/29/34,​,​,,,,,,,,,,,,,,,,,,
GSIT (GSI Technology Inc.) Other definitive proxy statements (DEF 14A) 2025-07-17,GSIT,DEF 14A,2025-07-17,2025,GSIT (GSI Technology Inc.) Other definitive proxy statements (DEF 14A) 2025-07-17.xlsx,outstanding equity awards,Patrick Chuang,​,​,​,​,40000,​,​,​,​,​,—,​,​,​,​,​,4.98,​,​,​,​,​,8/3/25,​,​,,,,,,,,,,,,,,,,,,
GSIT (GSI Technology Inc.) Other definitive proxy statements (DEF 14A) 2025-07-17,GSIT,DEF 14A,2025-07-17,2025,GSIT (GSI Technology Inc.) Other definitive proxy statements (DEF 14A) 2025-07-17.xlsx,outstanding equity awards,​,​,​,​,​,40000,​,​,​,​,​,—,​,​,​,​,​,4.99,​,​,​,​,​,8/1/26,​,​,,,,,,,,,,,,,,,,,,
GSIT (GSI Technology Inc.) Other definitive proxy statements (DEF 14A) 2025-07-17,GSIT,DEF 14A,2025-07-17,2025,GSIT (GSI Technology Inc.) Other definitive proxy statements (DEF 14A) 2025-07-17.xlsx,outstanding equity awards,​,​,​,​,​,40000,​,​,​,​,​,—,​,​,​,​,​,7.26,​,​,​,​,​,7/31/27,​,​,,,,,,,,,,,,,,,,,,
GSIT (GSI Technology Inc.) Other definitive proxy statements (DEF 14A) 2025-07-17,GSIT,DEF 14A,2025-07-17,2025,GSIT (GSI Technology Inc.) Other definitive proxy statements (DEF 14A) 2025-07-17.xlsx,outstanding equity awards,​,​,​,​,​,40000,​,​,​,​,​,—,​,​,​,​,​,6.7,​,​,​,​,​,7/30/28,​,​,,,,,,,,,,,,,,,,,,
GSIT (GSI Technology Inc.) Other definitive proxy statements (DEF 14A) 2025-07-17,GSIT,DEF 14A,2025-07-17,2025,GSIT (GSI Technology Inc.) Other definitive proxy statements (DEF 14A) 2025-07-17.xlsx,outstanding equity awards,​,​,​,​,​,40000,​,​,​,​,​,—,​,​,​,​,​,8.3,​,​,​,​,​,7/29/29,​,​,,,,,,,,,,,,,,,,,,
GSIT (GSI Technology Inc.) Other definitive proxy statements (DEF 14A) 2025-07-17,GSIT,DEF 14A,2025-07-17,2025,GSIT (GSI Technology Inc.) Other definitive proxy statements (DEF 14A) 2025-07-17.xlsx,outstanding equity awards,​,​,​,​,​,40000,​,​,​,​,​,—,​,​,​,​,​,5.83,​,​,​,​,​,8/3/30,​,​,,,,,,,,,,,,,,,,,,
GSIT (GSI Technology Inc.) Other definitive proxy statements (DEF 14A) 2025-07-17,GSIT,DEF 14A,2025-07-17,2025,GSIT (GSI Technology Inc.) Other definitive proxy statements (DEF 14A) 2025-07-17.xlsx,outstanding equity awards,​,​,​,​,​,—,​,​,​,​,​,"40,000 (5)",​,​,​,​,​,5.58,​,​,​,​,​,8/2/31,​,​,,,,,,,,,,,,,,,,,,
GSIT (GSI Technology Inc.) Other definitive proxy statements (DEF 14A) 2025-07-17,GSIT,DEF 14A,2025-07-17,2025,GSIT (GSI Technology Inc.) Other definitive proxy statements (DEF 14A) 2025-07-17.xlsx,outstanding equity awards,​,​,​,​,​,—,​,​,​,​,​,"40,000 (6)",​,​,​,​,​,4.08,​,​,​,​,​,8/1/32,​,​,,,,,,,,,,,,,,,,,,
GSIT (GSI Technology Inc.) Other definitive proxy statements (DEF 14A) 2025-07-17,GSIT,DEF 14A,2025-07-17,2025,GSIT (GSI Technology Inc.) Other definitive proxy statements (DEF 14A) 2025-07-17.xlsx,outstanding equity awards,​,​,​,​,​,20000,​,​,​,​,​,—,​,​,​,​,​,2.27,​,​,​,​,​,12/2/32,​,​,,,,,,,,,,,,,,,,,,
GSIT (GSI Technology Inc.) Other definitive proxy statements (DEF 14A) 2025-07-17,GSIT,DEF 14A,2025-07-17,2025,GSIT (GSI Technology Inc.) Other definitive proxy statements (DEF 14A) 2025-07-17.xlsx,outstanding equity awards,​,​,​,​,​,—,​,​,​,​,​,"40,000 (7)",​,​,​,​,​,4.39,​,​,​,​,​,7/31/33,​,​,,,,,,,,,,,,,,,,,,
GSIT (GSI Technology Inc.) Other definitive proxy statements (DEF 14A) 2025-07-17,GSIT,DEF 14A,2025-07-17,2025,GSIT (GSI Technology Inc.) Other definitive proxy statements (DEF 14A) 2025-07-17.xlsx,outstanding equity awards,​,​,​,​,​,20000,​,​,​,​,​,—,​,​,​,​,​,1.92,​,​,​,​,​,1/29/34,​,​,,,,,,,,,,,,,,,,,,
GSIT (GSI Technology Inc.) Other definitive proxy statements (DEF 14A) 2025-07-17,GSIT,DEF 14A,2025-07-17,2025,GSIT (GSI Technology Inc.) Other definitive proxy statements (DEF 14A) 2025-07-17.xlsx,outstanding equity awards,​,​,​,​,​,—,​,​,​,​,​,"40,000 (8)",​,​,​,​,​,2.94,​,​,​,​,​,7/29/34,​,​,,,,,,,,,,,,,,,,,,
GSIT (GSI Technology Inc.) Other definitive proxy statements (DEF 14A) 2025-07-17,GSIT,DEF 14A,2025-07-17,2025,GSIT (GSI Technology Inc.) Other definitive proxy statements (DEF 14A) 2025-07-17.xlsx,outstanding equity awards,Didier Lasserre,​,​,​,​,30000,​,​,​,​,​,—,​,​,​,​,​,4.98,​,​,​,​,​,8/3/25,​,​,,,,,,,,,,,,,,,,,,
GSIT (GSI Technology Inc.) Other definitive proxy statements (DEF 14A) 2025-07-17,GSIT,DEF 14A,2025-07-17,2025,GSIT (GSI Technology Inc.) Other definitive proxy statements (DEF 14A) 2025-07-17.xlsx,outstanding equity awards,​,​,​,​,​,30000,​,​,​,​,​,—,​,​,​,​,​,4.99,​,​,​,​,​,8/1/26,​,​,,,,,,,,,,,,,,,,,,
GSIT (GSI Technology Inc.) Other definitive proxy statements (DEF 14A) 2025-07-17,GSIT,DEF 14A,2025-07-17,2025,GSIT (GSI Technology Inc.) Other definitive proxy statements (DEF 14A) 2025-07-17.xlsx,outstanding equity awards,​,​,​,​,​,30000,​,​,​,​,​,​,​,​,​,​,​,7.26,​,​,​,​,​,7/31/27,​,​,,,,,,,,,,,,,,,,,,
GSIT (GSI Technology Inc.) Other definitive proxy statements (DEF 14A) 2025-07-17,GSIT,DEF 14A,2025-07-17,2025,GSIT (GSI Technology Inc.) Other definitive proxy statements (DEF 14A) 2025-07-17.xlsx,outstanding equity awards,​,​,​,​,​,40000,​,​,​,​,​,—,​,​,​,​,​,6.7,​,​,​,​,​,7/30/28,​,​,,,,,,,,,,,,,,,,,,
GSIT (GSI Technology Inc.) Other definitive proxy statements (DEF 14A) 2025-07-17,GSIT,DEF 14A,2025-07-17,2025,GSIT (GSI Technology Inc.) Other definitive proxy statements (DEF 14A) 2025-07-17.xlsx,outstanding equity awards,​,​,​,​,​,40000,​,​,​,​,​,—,​,​,​,​,​,8.3,​,​,​,​,​,7/29/29,​,​,,,,,,,,,,,,,,,,,,
GSIT (GSI Technology Inc.) Other definitive proxy statements (DEF 14A) 2025-07-17,GSIT,DEF 14A,2025-07-17,2025,GSIT (GSI Technology Inc.) Other definitive proxy statements (DEF 14A) 2025-07-17.xlsx,outstanding equity awards,​,​,​,​,​,40000,​,​,​,​,​,—,​,​,​,​,​,5.83,​,​,​,​,​,8/3/30,​,​,,,,,,,,,,,,,,,,,,
GSIT (GSI Technology Inc.) Other definitive proxy statements (DEF 14A) 2025-07-17,GSIT,DEF 14A,2025-07-17,2025,GSIT (GSI Technology Inc.) Other definitive proxy statements (DEF 14A) 2025-07-17.xlsx,outstanding equity awards,​,​,​,​,​,—,​,​,​,​,​,"40,000 (9)",​,​,​,​,​,5.58,​,​,​,​,​,8/2/31,​,​,,,,,,,,,,,,,,,,,,
GSIT (GSI Technology Inc.) Other definitive proxy statements (DEF 14A) 2025-07-17,GSIT,DEF 14A,2025-07-17,2025,GSIT (GSI Technology Inc.) Other definitive proxy statements (DEF 14A) 2025-07-17.xlsx,outstanding equity awards,​,​,​,​,​,—,​,​,​,​,​,"40,000 (10)",​,​,​,​,​,4.08,​,​,​,​,​,8/1/32,​,​,,,,,,,,,,,,,,,,,,
GSIT (GSI Technology Inc.) Other definitive proxy statements (DEF 14A) 2025-07-17,GSIT,DEF 14A,2025-07-17,2025,GSIT (GSI Technology Inc.) Other definitive proxy statements (DEF 14A) 2025-07-17.xlsx,outstanding equity awards,​,​,​,​,​,20000,​,​,​,​,​,—,​,​,​,​,​,2.27,​,​,​,​,​,12/2/32,​,​,,,,,,,,,,,,,,,,,,
GSIT (GSI Technology Inc.) Other definitive proxy statements (DEF 14A) 2025-07-17,GSIT,DEF 14A,2025-07-17,2025,GSIT (GSI Technology Inc.) Other definitive proxy statements (DEF 14A) 2025-07-17.xlsx,outstanding equity awards,​,​,​,​,​,—,​,​,​,​,​,"40,000 (11)",​,​,​,​,​,4.39,​,​,​,​,​,7/31/33,​,​,,,,,,,,,,,,,,,,,,
GSIT (GSI Technology Inc.) Other definitive proxy statements (DEF 14A) 2025-07-17,GSIT,DEF 14A,2025-07-17,2025,GSIT (GSI Technology Inc.) Other definitive proxy statements (DEF 14A) 2025-07-17.xlsx,outstanding equity awards,​,​,​,​,​,20000,​,​,​,​,​,—,​,​,​,​,​,1.92,​,​,​,​,​,1/29/34,​,​,,,,,,,,,,,,,,,,,,
GSIT (GSI Technology Inc.) Other definitive proxy statements (DEF 14A) 2025-07-17,GSIT,DEF 14A,2025-07-17,2025,GSIT (GSI Technology Inc.) Other definitive proxy statements (DEF 14A) 2025-07-17.xlsx,outstanding equity awards,​,​,​,​,​,—,​,​,​,​,​,"40,000 (12)",​,​,​,​,​,2.94,​,​,​,​,​,7/29/34,​,​,,,,,,,,,,,,,,,,,,
GSIT (GSI Technology Inc.) Other definitive proxy statements (DEF 14A) 2025-07-17,GSIT,DEF 14A,2025-07-17,2025,GSIT (GSI Technology Inc.) Other definitive proxy statements (DEF 14A) 2025-07-17.xlsx,potential payments upon ch,​,​,​,Cash Severance Payment,,,,,,,,,,​,​,​,​,​,​,​,​,​,​,​,​,​,​,​,​,​,​,​,,,,,,,,,,,,
GSIT (GSI Technology Inc.) Other definitive proxy statements (DEF 14A) 2025-07-17,GSIT,DEF 14A,2025-07-17,2025,GSIT (GSI Technology Inc.) Other definitive proxy statements (DEF 14A) 2025-07-17.xlsx,potential payments upon ch,Name,​,​,"Based on
                 
 
                Salary",,,,​,​,"Based on
                 
 
                Bonus",,,,​,​,"Continued Health
                 
 
                Benefits (1)",,,,​,​,"Acceleration of
                 
 
                Stock Options (2)",,,,​,​,Total,,,,​,,,,,,,,,,,,
GSIT (GSI Technology Inc.) Other definitive proxy statements (DEF 14A) 2025-07-17,GSIT,DEF 14A,2025-07-17,2025,GSIT (GSI Technology Inc.) Other definitive proxy statements (DEF 14A) 2025-07-17.xlsx,potential payments upon ch,Lee-Lean Shu,​,​,​,1079780,,​,​,​,​,117874,,​,​,​,​,98422,,​,​,​,​,16500,,​,​,​,​,1312576,,​,​,,,,,,,,,,,,
GSIT (GSI Technology Inc.) Other definitive proxy statements (DEF 14A) 2025-07-17,GSIT,DEF 14A,2025-07-17,2025,GSIT (GSI Technology Inc.) Other definitive proxy statements (DEF 14A) 2025-07-17.xlsx,potential payments upon ch,Patrick Chuang,​,​,​,​,479053.0,​,​,​,​,​,45230.0,​,​,​,​,​,52492,​,​,​,​,​,2200,​,​,​,​,​,578975,​,​,,,,,,,,,,,,
GSIT (GSI Technology Inc.) Other definitive proxy statements (DEF 14A) 2025-07-17,GSIT,DEF 14A,2025-07-17,2025,GSIT (GSI Technology Inc.) Other definitive proxy statements (DEF 14A) 2025-07-17.xlsx,potential payments upon ch,Didier Lasserre,​,​,​,​,726102.0,​,​,​,​,​,45230.0,​,​,​,​,​,123796,​,​,​,​,​,2200,​,​,​,​,​,897328,​,​,,,,,,,,,,,,
GSIT (GSI Technology Inc.) Other definitive proxy statements (DEF 14A) 2025-07-17,GSIT,DEF 14A,2025-07-17,2025,GSIT (GSI Technology Inc.) Other definitive proxy statements (DEF 14A) 2025-07-17.xlsx,potential payments upon ch-1,​,Board,​,​,40000,​,,,,,,,,,,,,,,,,,,,,,,,,,,,,,,,,,,,,,,
GSIT (GSI Technology Inc.) Other definitive proxy statements (DEF 14A) 2025-07-17,GSIT,DEF 14A,2025-07-17,2025,GSIT (GSI Technology Inc.) Other definitive proxy statements (DEF 14A) 2025-07-17.xlsx,potential payments upon ch-1,​,Lead Director,​,​,20000,​,,,,,,,,,,,,,,,,,,,,,,,,,,,,,,,,,,,,,,
GSIT (GSI Technology Inc.) Other definitive proxy statements (DEF 14A) 2025-07-17,GSIT,DEF 14A,2025-07-17,2025,GSIT (GSI Technology Inc.) Other definitive proxy statements (DEF 14A) 2025-07-17.xlsx,potential payments upon ch-1,​,Audit Committee:,​,​,​,​,,,,,,,,,,,,,,,,,,,,,,,,,,,,,,,,,,,,,,
GSIT (GSI Technology Inc.) Other definitive proxy statements (DEF 14A) 2025-07-17,GSIT,DEF 14A,2025-07-17,2025,GSIT (GSI Technology Inc.) Other definitive proxy statements (DEF 14A) 2025-07-17.xlsx,potential payments upon ch-1,​,"• 
 
 
 
 
 
 Chair  
 
 ​",​,​,20000,​,,,,,,,,,,,,,,,,,,,,,,,,,,,,,,,,,,,,,,
GSIT (GSI Technology Inc.) Other definitive proxy statements (DEF 14A) 2025-07-17,GSIT,DEF 14A,2025-07-17,2025,GSIT (GSI Technology Inc.) Other definitive proxy statements (DEF 14A) 2025-07-17.xlsx,potential payments upon ch-1,​,"• 
 
 
 
 
 
 Other Members  
 
 ​",​,​,7500,​,,,,,,,,,,,,,,,,,,,,,,,,,,,,,,,,,,,,,,
GSIT (GSI Technology Inc.) Other definitive proxy statements (DEF 14A) 2025-07-17,GSIT,DEF 14A,2025-07-17,2025,GSIT (GSI Technology Inc.) Other definitive proxy statements (DEF 14A) 2025-07-17.xlsx,potential payments upon ch-1,​,Compensation Committee:,​,​,​,​,,,,,,,,,,,,,,,,,,,,,,,,,,,,,,,,,,,,,,
GSIT (GSI Technology Inc.) Other definitive proxy statements (DEF 14A) 2025-07-17,GSIT,DEF 14A,2025-07-17,2025,GSIT (GSI Technology Inc.) Other definitive proxy statements (DEF 14A) 2025-07-17.xlsx,potential payments upon ch-1,​,"• 
 
 
 
 
 
 Chair 
 
 ​",​,​,10000,​,,,,,,,,,,,,,,,,,,,,,,,,,,,,,,,,,,,,,,
GSIT (GSI Technology Inc.) Other definitive proxy statements (DEF 14A) 2025-07-17,GSIT,DEF 14A,2025-07-17,2025,GSIT (GSI Technology Inc.) Other definitive proxy statements (DEF 14A) 2025-07-17.xlsx,potential payments upon ch-1,​,"• 
 
 
 
 
 
 Other Members  
 
 ​",​,​,5000,​,,,,,,,,,,,,,,,,,,,,,,,,,,,,,,,,,,,,,,
GSIT (GSI Technology Inc.) Other definitive proxy statements (DEF 14A) 2025-07-17,GSIT,DEF 14A,2025-07-17,2025,GSIT (GSI Technology Inc.) Other definitive proxy statements (DEF 14A) 2025-07-17.xlsx,potential payments upon ch-1,​,Nominating and Governance Committee:,​,​,​,​,,,,,,,,,,,,,,,,,,,,,,,,,,,,,,,,,,,,,,
GSIT (GSI Technology Inc.) Other definitive proxy statements (DEF 14A) 2025-07-17,GSIT,DEF 14A,2025-07-17,2025,GSIT (GSI Technology Inc.) Other definitive proxy statements (DEF 14A) 2025-07-17.xlsx,potential payments upon ch-1,​,"• 
 
 
 
 
 
 Chair 
 
 ​",​,​,7500,​,,,,,,,,,,,,,,,,,,,,,,,,,,,,,,,,,,,,,,
GSIT (GSI Technology Inc.) Other definitive proxy statements (DEF 14A) 2025-07-17,GSIT,DEF 14A,2025-07-17,2025,GSIT (GSI Technology Inc.) Other definitive proxy statements (DEF 14A) 2025-07-17.xlsx,potential payments upon ch-1,​,"• 
 
 
 
 
 
 Other Members  
 
 ​",​,​,3000,​,,,,,,,,,,,,,,,,,,,,,,,,,,,,,,,,,,,,,,
GSIT (GSI Technology Inc.) Other definitive proxy statements (DEF 14A) 2025-07-17,GSIT,DEF 14A,2025-07-17,2025,GSIT (GSI Technology Inc.) Other definitive proxy statements (DEF 14A) 2025-07-17.xlsx,director compensation,Name,​,​,"Fees Earned
                 
 
                or Paid in
                 
 
                Cash ($)",,,,​,​,"Option Awards
                 
 
                ($) (1)(2)(3)",,,,​,​,Total ($),,,,​,,,,,,,,,,,,,,,,,,,,,,,,
GSIT (GSI Technology Inc.) Other definitive proxy statements (DEF 14A) 2025-07-17,GSIT,DEF 14A,2025-07-17,2025,GSIT (GSI Technology Inc.) Other definitive proxy statements (DEF 14A) 2025-07-17.xlsx,director compensation,Jack A. Bradley,​,​,​,​,87697,​,​,​,​,​,63785,​,​,​,​,​,151482,​,​,,,,,,,,,,,,,,,,,,,,,,,,
GSIT (GSI Technology Inc.) Other definitive proxy statements (DEF 14A) 2025-07-17,GSIT,DEF 14A,2025-07-17,2025,GSIT (GSI Technology Inc.) Other definitive proxy statements (DEF 14A) 2025-07-17.xlsx,director compensation,Elizabeth Cholawsky,​,​,​,​,60500,​,​,​,​,​,44103,​,​,​,​,​,104603,​,​,,,,,,,,,,,,,,,,,,,,,,,,
GSIT (GSI Technology Inc.) Other definitive proxy statements (DEF 14A) 2025-07-17,GSIT,DEF 14A,2025-07-17,2025,GSIT (GSI Technology Inc.) Other definitive proxy statements (DEF 14A) 2025-07-17.xlsx,director compensation,Haydn Hsieh,​,​,​,​,52500,​,​,​,​,​,38271,​,​,​,​,​,90771,​,​,,,,,,,,,,,,,,,,,,,,,,,,
GSIT (GSI Technology Inc.) Other definitive proxy statements (DEF 14A) 2025-07-17,GSIT,DEF 14A,2025-07-17,2025,GSIT (GSI Technology Inc.) Other definitive proxy statements (DEF 14A) 2025-07-17.xlsx,director compensation,Ruey L. Lu,​,​,​,​,48000,​,​,​,​,​,34992,​,​,​,​,​,82992,​,​,,,,,,,,,,,,,,,,,,,,,,,,
GSIT (GSI Technology Inc.) Other definitive proxy statements (DEF 14A) 2025-07-17,GSIT,DEF 14A,2025-07-17,2025,GSIT (GSI Technology Inc.) Other definitive proxy statements (DEF 14A) 2025-07-17.xlsx,director compensation,Barbara Nelson,​,​,​,​,21671,​,​,​,​,​,—,​,​,​,​,​,21671,​,​,,,,,,,,,,,,,,,,,,,,,,,,
GSIT (GSI Technology Inc.) Other definitive proxy statements (DEF 14A) 2025-07-17,GSIT,DEF 14A,2025-07-17,2025,GSIT (GSI Technology Inc.) Other definitive proxy statements (DEF 14A) 2025-07-17.xlsx,director compensation,Robert Yau (4) ​,​,​,​,​,—,​,​,​,​,​,—,​,​,​,​,​,—,​,​,,,,,,,,,,,,,,,,,,,,,,,,
GSIT (GSI Technology Inc.) Other definitive proxy statements (DEF 14A) 2025-07-17,GSIT,DEF 14A,2025-07-17,2025,GSIT (GSI Technology Inc.) Other definitive proxy statements (DEF 14A) 2025-07-17.xlsx,pay versus performance,Year (1),​,​,"Summary  
  Compensation  
  Table Total  
  for our PEO (2)",,,,​,​,"Compensation  
  Actually  
  Paid to  
  our PEO (3)",,,,​,​,"Average  
  Summary  
  Compensation  
  Table Total for  
  our NEOs (2)",,,,​,​,"Average  
  Compensation  
  Actually  
  Paid to  
  Non-PEO  
  NEOs (4)",,,,​,​,"Total  
  Stockholder  
  Return (Value  
  of $100 Initial  
  Investment  
  on 3/31/22) (5)",,,,​,​,"Net  
  Income  
  (Loss) (6)",,,,​,,,,,,
GSIT (GSI Technology Inc.) Other definitive proxy statements (DEF 14A) 2025-07-17,GSIT,DEF 14A,2025-07-17,2025,GSIT (GSI Technology Inc.) Other definitive proxy statements (DEF 14A) 2025-07-17.xlsx,pay versus performance,2025,​,​,​,569167.0,,​,​,​,​,234311.0,,​,​,​,​,421815.0,,​,​,​,​,253850.0,,​,​,​,​,53.0,,​,​,​,​,-10639000.0,,​,​,,,,,,
GSIT (GSI Technology Inc.) Other definitive proxy statements (DEF 14A) 2025-07-17,GSIT,DEF 14A,2025-07-17,2025,GSIT (GSI Technology Inc.) Other definitive proxy statements (DEF 14A) 2025-07-17.xlsx,pay versus performance,2024,​,​,​,873636.0,,​,​,​,​,1752432.0,,​,​,​,​,493866.0,,​,​,​,​,816008.0,,​,​,​,​,89.0,,​,​,​,​,-20087000.0,,​,​,,,,,,
GSIT (GSI Technology Inc.) Other definitive proxy statements (DEF 14A) 2025-07-17,GSIT,DEF 14A,2025-07-17,2025,GSIT (GSI Technology Inc.) Other definitive proxy statements (DEF 14A) 2025-07-17.xlsx,pay versus performance,2023,​,​,​,730266.0,,​,​,​,​,292681.0,,​,​,​,​,401310.0,,​,​,​,​,245877.0,,​,​,​,​,45.0,,​,​,​,​,-15977000.0,,​,​,,,,,,
GSIT (GSI Technology Inc.) Other definitive proxy statements (DEF 14A) 2025-07-17,GSIT,DEF 14A,2025-07-17,2025,GSIT (GSI Technology Inc.) Other definitive proxy statements (DEF 14A) 2025-07-17.xlsx,pay versus performance-1,+/-,​,​,2023,,,,​,​,2024,,,,​,​,2025,,,,​,,,,,,,,,,,,,,,,,,,,,,,,
GSIT (GSI Technology Inc.) Other definitive proxy statements (DEF 14A) 2025-07-17,GSIT,DEF 14A,2025-07-17,2025,GSIT (GSI Technology Inc.) Other definitive proxy statements (DEF 14A) 2025-07-17.xlsx,pay versus performance-1,"Summary Compensation Table – Total  
  Compensation ﻿(a)",​,​,​,730266.0,,​,​,​,​,873636.0,,​,​,​,​,569167.0,,​,​,,,,,,,,,,,,,,,,,,,,,,,,
GSIT (GSI Technology Inc.) Other definitive proxy statements (DEF 14A) 2025-07-17,GSIT,DEF 14A,2025-07-17,2025,GSIT (GSI Technology Inc.) Other definitive proxy statements (DEF 14A) 2025-07-17.xlsx,pay versus performance-1,"-   
         Grant Date Fair Value of Stock Awards and Option Awards Granted in Fiscal Year ﻿(b)     ​",​,​,​,341545.0,,​,​,​,​,482217.0,,​,​,​,​,212000.0,,​,​,,,,,,,,,,,,,,,,,,,,,,,,
GSIT (GSI Technology Inc.) Other definitive proxy statements (DEF 14A) 2025-07-17,GSIT,DEF 14A,2025-07-17,2025,GSIT (GSI Technology Inc.) Other definitive proxy statements (DEF 14A) 2025-07-17.xlsx,pay versus performance-1,"+   
         Fair Value at Fiscal Year End of Outstanding and Unvested Stock Awards and Option Awards Granted in Fiscal Year ﻿(c)     ​",​,​,​,142783.0,,​,​,​,​,627224.0,,​,​,​,​,138096.0,,​,​,,,,,,,,,,,,,,,,,,,,,,,,
GSIT (GSI Technology Inc.) Other definitive proxy statements (DEF 14A) 2025-07-17,GSIT,DEF 14A,2025-07-17,2025,GSIT (GSI Technology Inc.) Other definitive proxy statements (DEF 14A) 2025-07-17.xlsx,pay versus performance-2,+/-,​,​,2023,,,,​,​,2024,,,,​,​,2025,,,,​,,,,,,,,,,,,,,,,,,,,,,,,
GSIT (GSI Technology Inc.) Other definitive proxy statements (DEF 14A) 2025-07-17,GSIT,DEF 14A,2025-07-17,2025,GSIT (GSI Technology Inc.) Other definitive proxy statements (DEF 14A) 2025-07-17.xlsx,pay versus performance-2,"+   
         Change in Fair Value of Outstanding and Unvested Stock Awards and Option Awards Granted in Prior Fiscal Years ﻿(d)     ​",​,​,​,-228557.0,,​,​,​,​,528280.0,,​,​,​,​,-301887.0,,​,​,,,,,,,,,,,,,,,,,,,,,,,,
GSIT (GSI Technology Inc.) Other definitive proxy statements (DEF 14A) 2025-07-17,GSIT,DEF 14A,2025-07-17,2025,GSIT (GSI Technology Inc.) Other definitive proxy statements (DEF 14A) 2025-07-17.xlsx,pay versus performance-2,"+   
         Fair Value at Vesting of Stock Awards and Option Awards Granted in Fiscal Year That Vested During Fiscal Year ﻿(e)     ​",​,​,​,0.0,,​,​,​,​,0.0,,​,​,​,​,0.0,,​,​,,,,,,,,,,,,,,,,,,,,,,,,
GSIT (GSI Technology Inc.) Other definitive proxy statements (DEF 14A) 2025-07-17,GSIT,DEF 14A,2025-07-17,2025,GSIT (GSI Technology Inc.) Other definitive proxy statements (DEF 14A) 2025-07-17.xlsx,pay versus performance-2,"+   
         Change in Fair Value as of Vesting Date of Stock Awards and Option Awards Granted in Prior Fiscal Years For Which Applicable Vesting Conditions Were Satisfied During Fiscal Year ﻿(f)     ​",​,​,​,-10266.0,,​,​,​,​,205509.0,,​,​,​,​,40934.0,,​,​,,,,,,,,,,,,,,,,,,,,,,,,
GSIT (GSI Technology Inc.) Other definitive proxy statements (DEF 14A) 2025-07-17,GSIT,DEF 14A,2025-07-17,2025,GSIT (GSI Technology Inc.) Other definitive proxy statements (DEF 14A) 2025-07-17.xlsx,pay versus performance-2,"-   
         Fair Value as of Prior Fiscal Year End of Stock Awards and Option Awards Granted in Prior Fiscal Years That Failed to Meet Applicable Vesting Conditions During Fiscal Year ﻿(g)     ​",​,​,​,0.0,,​,​,​,​,0.0,,​,​,​,​,0.0,,​,​,,,,,,,,,,,,,,,,,,,,,,,,
GSIT (GSI Technology Inc.) Other definitive proxy statements (DEF 14A) 2025-07-17,GSIT,DEF 14A,2025-07-17,2025,GSIT (GSI Technology Inc.) Other definitive proxy statements (DEF 14A) 2025-07-17.xlsx,pay versus performance-2,"=   
         Compensation Actually Paid      ​",​,​,​,292681.0,,​,​,​,​,1752432.0,,​,​,​,​,234311.0,,​,​,,,,,,,,,,,,,,,,,,,,,,,,
GSIT (GSI Technology Inc.) Other definitive proxy statements (DEF 14A) 2025-07-17,GSIT,DEF 14A,2025-07-17,2025,GSIT (GSI Technology Inc.) Other definitive proxy statements (DEF 14A) 2025-07-17.xlsx,pay versus performance-3,+/-,​,​,2023,,,,​,​,2024,,,,​,​,2025,,,,​,,,,,,,,,,,,,,,,,,,,,,,,
GSIT (GSI Technology Inc.) Other definitive proxy statements (DEF 14A) 2025-07-17,GSIT,DEF 14A,2025-07-17,2025,GSIT (GSI Technology Inc.) Other definitive proxy statements (DEF 14A) 2025-07-17.xlsx,pay versus performance-3,Summary Compensation Table – Total Compensation (a),​,​,​,401310.0,,​,​,​,​,493866.0,,​,​,​,​,421815.0,,​,​,,,,,,,,,,,,,,,,,,,,,,,,
GSIT (GSI Technology Inc.) Other definitive proxy statements (DEF 14A) 2025-07-17,GSIT,DEF 14A,2025-07-17,2025,GSIT (GSI Technology Inc.) Other definitive proxy statements (DEF 14A) 2025-07-17.xlsx,pay versus performance-3,"-      
         Grant Date Fair Value of Stock Awards and Option Awards Granted in Fiscal Year ﻿(b)     ​",​,​,​,94446.0,,​,​,​,​,139725.0,,​,​,​,​,84800.0,,​,​,,,,,,,,,,,,,,,,,,,,,,,,
GSIT (GSI Technology Inc.) Other definitive proxy statements (DEF 14A) 2025-07-17,GSIT,DEF 14A,2025-07-17,2025,GSIT (GSI Technology Inc.) Other definitive proxy statements (DEF 14A) 2025-07-17.xlsx,pay versus performance-3,"+   
         Fair Value at Fiscal Year End of Outstanding and Unvested Stock Awards and Option Awards Granted in Fiscal Year ﻿(c)     ​",​,​,​,29951.0,,​,​,​,​,143481.0,,​,​,​,​,55239.0,,​,​,,,,,,,,,,,,,,,,,,,,,,,,
GSIT (GSI Technology Inc.) Other definitive proxy statements (DEF 14A) 2025-07-17,GSIT,DEF 14A,2025-07-17,2025,GSIT (GSI Technology Inc.) Other definitive proxy statements (DEF 14A) 2025-07-17.xlsx,pay versus performance-4,+/-,​,​,2023,,,,​,​,2024,,,,​,​,2025,,,,​,,,,,,,,,,,,,,,,,,,,,,,,
GSIT (GSI Technology Inc.) Other definitive proxy statements (DEF 14A) 2025-07-17,GSIT,DEF 14A,2025-07-17,2025,GSIT (GSI Technology Inc.) Other definitive proxy statements (DEF 14A) 2025-07-17.xlsx,pay versus performance-4,"+   
         Change in Fair Value of Outstanding and Unvested Stock Awards and Option Awards Granted in Prior Fiscal Years ﻿(d)     ​",​,​,​,-91423.0,,​,​,​,​,211312.0,,​,​,​,​,-120755.0,,​,​,,,,,,,,,,,,,,,,,,,,,,,,
GSIT (GSI Technology Inc.) Other definitive proxy statements (DEF 14A) 2025-07-17,GSIT,DEF 14A,2025-07-17,2025,GSIT (GSI Technology Inc.) Other definitive proxy statements (DEF 14A) 2025-07-17.xlsx,pay versus performance-4,"+   
         Fair Value at Vesting of Stock Awards and Option Awards Granted in Fiscal Year That Vested During Fiscal  
  Year ﻿(e)     ​",​,​,​,0.0,,​,​,​,​,0.0,,​,​,​,​,0.0,,​,​,,,,,,,,,,,,,,,,,,,,,,,,
GSIT (GSI Technology Inc.) Other definitive proxy statements (DEF 14A) 2025-07-17,GSIT,DEF 14A,2025-07-17,2025,GSIT (GSI Technology Inc.) Other definitive proxy statements (DEF 14A) 2025-07-17.xlsx,pay versus performance-4,"+   
         Change in Fair Value as of Vesting Date of Stock Awards and Option Awards Granted in Prior Fiscal Years For Which Applicable Vesting Conditions Were Satisfied During Fiscal Year ﻿(f)     ​",​,​,​,485.0,,​,​,​,​,107074.0,,​,​,​,​,-17649.0,,​,​,,,,,,,,,,,,,,,,,,,,,,,,
GSIT (GSI Technology Inc.) Other definitive proxy statements (DEF 14A) 2025-07-17,GSIT,DEF 14A,2025-07-17,2025,GSIT (GSI Technology Inc.) Other definitive proxy statements (DEF 14A) 2025-07-17.xlsx,pay versus performance-4,"-   
         Fair Value as of Prior Fiscal Year End of Stock Awards and Option Awards Granted in Prior Fiscal Years That Failed to Meet Applicable Vesting Conditions During Fiscal Year ﻿(g)     ​",​,​,​,0.0,,​,​,​,​,0.0,,​,​,​,​,0.0,,​,​,,,,,,,,,,,,,,,,,,,,,,,,
GSIT (GSI Technology Inc.) Other definitive proxy statements (DEF 14A) 2025-07-17,GSIT,DEF 14A,2025-07-17,2025,GSIT (GSI Technology Inc.) Other definitive proxy statements (DEF 14A) 2025-07-17.xlsx,pay versus performance-4,"=   
         Compensation Actually Paid      ​",​,​,​,245877.0,,​,​,​,​,816008.0,,​,​,​,​,253850.0,,​,​,,,,,,,,,,,,,,,,,,,,,,,,
GSIT (GSI Technology Inc.) Other definitive proxy statements (DEF 14A) 2025-07-17,GSIT,DEF 14A,2025-07-17,2025,GSIT (GSI Technology Inc.) Other definitive proxy statements (DEF 14A) 2025-07-17.xlsx,principal stockholders and,Beneficial Owner (1),​,​,"Number of
                 
 
                Shares
                 
 
                Beneficially
                 
 
                Owned (2)",,,,​,​,"Percentage
                 
 
                of Shares
                 
 
                Beneficially
                 
 
                Owned (3)",,,,​,,,,,,,,,,,,,,,,,,,,,,,,,,,,,,
GSIT (GSI Technology Inc.) Other definitive proxy statements (DEF 14A) 2025-07-17,GSIT,DEF 14A,2025-07-17,2025,GSIT (GSI Technology Inc.) Other definitive proxy statements (DEF 14A) 2025-07-17.xlsx,principal stockholders and,Principal Stockholder:,​,​,​,​,​,​,​,​,​,​,​,​,​,,,,,,,,,,,,,,,,,,,,,,,,,,,,,,
GSIT (GSI Technology Inc.) Other definitive proxy statements (DEF 14A) 2025-07-17,GSIT,DEF 14A,2025-07-17,2025,GSIT (GSI Technology Inc.) Other definitive proxy statements (DEF 14A) 2025-07-17.xlsx,principal stockholders and,Jing Rong Tang (4),​,​,​,​,1525141,​,​,​,​,​,5.2,​,​,,,,,,,,,,,,,,,,,,,,,,,,,,,,,,
GSIT (GSI Technology Inc.) Other definitive proxy statements (DEF 14A) 2025-07-17,GSIT,DEF 14A,2025-07-17,2025,GSIT (GSI Technology Inc.) Other definitive proxy statements (DEF 14A) 2025-07-17.xlsx,principal stockholders and,"c/o HolyStone Enterprises Co., Ltd.
                 
 
                1FL No. 62, Sec 2 Huang Shan Road
                 
 
                Taipei, Taiwan, R.O.C",​,​,​,​,​,​,​,​,​,​,​,​,​,,,,,,,,,,,,,,,,,,,,,,,,,,,,,,
GSIT (GSI Technology Inc.) Other definitive proxy statements (DEF 14A) 2025-07-17,GSIT,DEF 14A,2025-07-17,2025,GSIT (GSI Technology Inc.) Other definitive proxy statements (DEF 14A) 2025-07-17.xlsx,principal stockholders and,"Directors, Named Executive Officers and certain Executive Officers:",​,​,​,​,​,​,​,​,​,​,​,​,​,,,,,,,,,,,,,,,,,,,,,,,,,,,,,,
GSIT (GSI Technology Inc.) Other definitive proxy statements (DEF 14A) 2025-07-17,GSIT,DEF 14A,2025-07-17,2025,GSIT (GSI Technology Inc.) Other definitive proxy statements (DEF 14A) 2025-07-17.xlsx,principal stockholders and,Lee-Lean Shu (5),​,​,​,​,3614615,​,​,​,​,​,12,​,​,,,,,,,,,,,,,,,,,,,,,,,,,,,,,,
GSIT (GSI Technology Inc.) Other definitive proxy statements (DEF 14A) 2025-07-17,GSIT,DEF 14A,2025-07-17,2025,GSIT (GSI Technology Inc.) Other definitive proxy statements (DEF 14A) 2025-07-17.xlsx,principal stockholders and,Jack A. Bradley (6),​,​,​,​,179533,​,​,​,​,​,*,​,​,,,,,,,,,,,,,,,,,,,,,,,,,,,,,,
GSIT (GSI Technology Inc.) Other definitive proxy statements (DEF 14A) 2025-07-17,GSIT,DEF 14A,2025-07-17,2025,GSIT (GSI Technology Inc.) Other definitive proxy statements (DEF 14A) 2025-07-17.xlsx,principal stockholders and,Elizabeth Cholawsky (7),​,​,​,​,105241,​,​,​,​,​,*,​,​,,,,,,,,,,,,,,,,,,,,,,,,,,,,,,
GSIT (GSI Technology Inc.) Other definitive proxy statements (DEF 14A) 2025-07-17,GSIT,DEF 14A,2025-07-17,2025,GSIT (GSI Technology Inc.) Other definitive proxy statements (DEF 14A) 2025-07-17.xlsx,principal stockholders and,Haydn Hsieh (8),​,​,​,​,146012,​,​,​,​,​,*,​,​,,,,,,,,,,,,,,,,,,,,,,,,,,,,,,
GSIT (GSI Technology Inc.) Other definitive proxy statements (DEF 14A) 2025-07-17,GSIT,DEF 14A,2025-07-17,2025,GSIT (GSI Technology Inc.) Other definitive proxy statements (DEF 14A) 2025-07-17.xlsx,principal stockholders and,Ruey L. Lu (9),​,​,​,​,167138,​,​,​,​,​,*,​,​,,,,,,,,,,,,,,,,,,,,,,,,,,,,,,
GSIT (GSI Technology Inc.) Other definitive proxy statements (DEF 14A) 2025-07-17,GSIT,DEF 14A,2025-07-17,2025,GSIT (GSI Technology Inc.) Other definitive proxy statements (DEF 14A) 2025-07-17.xlsx,principal stockholders and,Patrick Chuang (10),​,​,​,​,335166,​,​,​,​,​,1.1,​,​,,,,,,,,,,,,,,,,,,,,,,,,,,,,,,
GSIT (GSI Technology Inc.) Other definitive proxy statements (DEF 14A) 2025-07-17,GSIT,DEF 14A,2025-07-17,2025,GSIT (GSI Technology Inc.) Other definitive proxy statements (DEF 14A) 2025-07-17.xlsx,principal stockholders and,Didier Lasserre (11),​,​,​,​,598378,​,​,​,​,​,2,​,​,,,,,,,,,,,,,,,,,,,,,,,,,,,,,,
GSIT (GSI Technology Inc.) Other definitive proxy statements (DEF 14A) 2025-07-17,GSIT,DEF 14A,2025-07-17,2025,GSIT (GSI Technology Inc.) Other definitive proxy statements (DEF 14A) 2025-07-17.xlsx,principal stockholders and,All executive officers and directors as a group (11 persons) (12),​,​,​,​,7566957,​,​,​,​,​,25.4,​,​,,,,,,,,,,,,,,,,,,,,,,,,,,,,,,
